category_id,current_name,csv_action,csv_expects,code_gives,worms_status_csv,worms_status_live,agree,note
278637,Lethrinus lentjan,merge,remapped/212061,remapped/212061,unaccepted,unaccepted,yes,
218392,Turrum gymnostethus,remap,remapped/1802028,remapped/1802028,superseded combination,superseded combination,yes,
218385,Turrum fulvoguttatum,remap,remapped/1802015,remapped/1802015,superseded combination,superseded combination,yes,
212860,Stegastes lacrymatus,rename,remapped/1551095,remapped/1551095,superseded combination,superseded combination,yes,
219635,Acanthurus tennentii,rename,remapped/219632,remapped/219632,unaccepted,unaccepted,yes,
212799,Pycnochromis nigrurus,rename,remapped/1592292,remapped/1592292,unaccepted,unaccepted,yes,
212795,Azurina lepidolepis,rename,remapped/1605312,remapped/1605312,unaccepted,unaccepted,yes,
218393,Ferdauia orthogrammus,rename,remapped/1605280,remapped/1605280,unaccepted,unaccepted,yes,
218281,Mirolabrichthys evansi,rename,remapped/312504,remapped/312504,superseded combination,superseded combination,yes,
273739,Pycnochromis margaritifer,rename,remapped/1605310,remapped/1605310,unaccepted,unaccepted,yes,
218400,Turrum coeruleopinnatum,rename,remapped/1802011,remapped/1802011,misspelling - incorrect subsequent spelling,misspelling - incorrect subsequent spelling,yes,
218395,Ferdauia ferdau,remap,remapped/1802000,remapped/1802000,superseded combination,superseded combination,yes,
124720,Oneirophanta mutabilis mutabilis,remap,remapped/428876,remapped/428876,alternative representation,alternative representation,yes,
218850,Plectroglyphidodon fasciolatus,rename,remapped/1592381,remapped/1592381,superseded combination,superseded combination,yes,
218657,Parupeneus heptacantha,rename,remapped/1841078,remapped/1841078,misspelling - incorrect subsequent spelling,misspelling - incorrect subsequent spelling,yes,
13703,Thecosomata,skip,review/None,kept_no_replacement/13703,unaccepted,unaccepted,NO,status 'unaccepted' with no replacement offered
278001,Oxycheilinus orientalis,rename,remapped/278000,remapped/278000,unaccepted,unaccepted,yes,
276675,Plectroglyphidodon obreptus,rename,remapped/1605254,remapped/1605254,unaccepted,unaccepted,yes,
218396,Platycaranx chrysophrys,rename,remapped/1802006,remapped/1802006,superseded combination,superseded combination,yes,
219038,Oxycheilinus digramma,merge,remapped/277996,remapped/277996,unaccepted,unaccepted,yes,
219684,Zebrasoma velifer,rename,remapped/712902,remapped/712902,unaccepted,unaccepted,yes,
151498,Moolgarda crenilabis,rename,remapped/1865528,remapped/1865528,superseded combination,superseded combination,yes,
273711,Pycnochromis amboinensis,rename,remapped/1605305,remapped/1605305,unaccepted,unaccepted,yes,
219911,Ostracion cubicum,rename,remapped/403462,remapped/403462,unaccepted,unaccepted,yes,
218399,Craterognathus plagiotaenia,rename,remapped/1751406,remapped/1751406,superseded combination,superseded combination,yes,
277235,Diploprion bifasciatus,rename,remapped/401375,remapped/401375,misspelling - incorrect original spelling,misspelling - incorrect original spelling,yes,
218386,Atropus hedlandensis,rename,remapped/1803657,remapped/1803657,superseded combination,superseded combination,yes,
271457,Pateobatis fai,rename,remapped/1043416,remapped/1043416,unaccepted,unaccepted,yes,
301916,Naso unicornis,merge,remapped/219668,remapped/219668,unaccepted,unaccepted,yes,
219895,Sufflamen chrysopterum,merge,remapped/276851,remapped/276851,unaccepted,unaccepted,yes,
220032,Stegostoma tigrinum,rename,remapped/313100,remapped/313100,unaccepted,unaccepted,yes,
399889,Gymnothorax thyrsoideus,rename,remapped/271889,remapped/271889,unaccepted,unaccepted,yes,
212854,Plectroglyphidodon leucozona,rename,remapped/212852,remapped/212852,misspelling - incorrect subsequent spelling,misspelling - incorrect subsequent spelling,yes,
217416,Urogymnus granulatus,rename,remapped/989371,remapped/989371,unaccepted,unaccepted,yes,
273008,Ostorhinchus doederleini,rename,remapped/713303,remapped/713303,unaccepted,unaccepted,yes,
276672,Plectroglyphidodon insularis,rename,remapped/1593771,remapped/1593771,unaccepted,unaccepted,yes,
307067,Balistoides viridescens,merge,remapped/219875,remapped/219875,unaccepted,unaccepted,yes,
835087,Pycnochromis fieldi,rename,remapped/1605307,remapped/1605307,superseded combination,superseded combination,yes,
1207,Gammaridea,skip,review/None,kept_no_replacement/1207,unaccepted,unaccepted,NO,status 'unaccepted' with no replacement offered
103324,Bathypathes tenuis,rename,kept_no_replacement/103324,kept_no_replacement/103324,taxon inquirendum,taxon inquirendum,yes,status 'taxon inquirendum' with no replacement offered
159795,Lutjanus campechanus,ok,accepted/159795,accepted/159795,accepted,accepted,yes,
1341,Octocorallia,ok,accepted/1341,accepted/1341,accepted,accepted,yes,
558,Porifera,ok,accepted/558,accepted/558,accepted,accepted,yes,
159807,Rhomboplites aurorubens,ok,accepted/159807,accepted/159807,accepted,accepted,yes,
10194,Actinopterygii,ok,accepted/10194,accepted/10194,accepted,accepted,yes,
123084,Ophiuroidea,ok,accepted/123084,accepted/123084,accepted,accepted,yes,
159810,Stenotomus caprinus,ok,accepted/159810,accepted/159810,accepted,accepted,yes,
569742,Strongylocentrotus fragilis,ok,accepted/569742,accepted/569742,accepted,accepted,yes,
127063,Pagrus pagrus,ok,accepted/127063,accepted/127063,accepted,accepted,yes,
204246,Ptereleotris,ok,accepted/204246,accepted/204246,accepted,accepted,yes,
123081,Crinoidea,ok,accepted/123081,accepted/123081,accepted,accepted,yes,
273890,Serranus annularis,ok,accepted/273890,accepted/273890,accepted,accepted,yes,
126045,Chromis,ok,accepted/126045,accepted/126045,accepted,accepted,yes,
123082,Echinoidea,ok,accepted/123082,accepted/123082,accepted,accepted,yes,
159233,Mycteroperca phenax,ok,accepted/159233,accepted/159233,accepted,accepted,yes,
277261,Malacanthus plumieri,ok,accepted/277261,accepted/277261,accepted,accepted,yes,
1360,Actiniaria,ok,accepted/1360,accepted/1360,accepted,accepted,yes,
159354,Epinephelus morio,ok,accepted/159354,accepted/159354,accepted,accepted,yes,
154721,Balistes capriscus,ok,accepted/154721,accepted/154721,accepted,accepted,yes,
123080,Asteroidea,ok,accepted/123080,accepted/123080,accepted,accepted,yes,
273880,Mycteroperca microlepis,ok,accepted/273880,accepted/273880,accepted,accepted,yes,
106671,Anomura,ok,accepted/106671,accepted/106671,accepted,accepted,yes,
127005,Priacanthus arenatus,ok,accepted/127005,accepted/127005,accepted,accepted,yes,
273903,Serranus phoebe,ok,accepted/273903,accepted/273903,accepted,accepted,yes,
282365,Pronotogrammus martinicensis,ok,accepted/282365,accepted/282365,accepted,accepted,yes,
125579,Pleuronectidae,ok,accepted/125579,accepted/125579,accepted,accepted,yes,
234107,Chaetodon sedentarius,ok,accepted/234107,accepted/234107,accepted,accepted,yes,
158813,Halichoeres,ok,accepted/158813,accepted/158813,accepted,accepted,yes,
106674,Caridea,ok,accepted/106674,accepted/106674,accepted,accepted,yes,
204051,Pterois,ok,accepted/204051,accepted/204051,accepted,accepted,yes,
275970,Calamus leucosteus,ok,accepted/275970,accepted/275970,accepted,accepted,yes,
159463,Anoplopoma fimbria,ok,accepted/159463,accepted/159463,accepted,accepted,yes,
1363,Scleractinia,ok,accepted/1363,accepted/1363,accepted,accepted,yes,
158807,Haemulon aurolineatum,ok,accepted/158807,accepted/158807,accepted,accepted,yes,
159649,Selene vomer,ok,accepted/159649,accepted/159649,accepted,accepted,yes,
1758484,Anthiadidae,ok,accepted/1758484,accepted/1758484,accepted,accepted,yes,
159295,Pristigenys alta,ok,accepted/159295,accepted/159295,accepted,accepted,yes,
159804,Pristipomoides,ok,accepted/159804,accepted/159804,accepted,accepted,yes,
124713,Psolus squamatus,ok,accepted/124713,accepted/124713,accepted,accepted,yes,
126816,Seriola dumerili,ok,accepted/126816,accepted/126816,accepted,accepted,yes,
106685,Galatheoidea,ok,accepted/106685,accepted/106685,accepted,accepted,yes,
159797,Lutjanus griseus,ok,accepted/159797,accepted/159797,accepted,accepted,yes,
123515,Peniagone,ok,accepted/123515,accepted/123515,accepted,accepted,yes,
270859,Sebastolobus,ok,accepted/270859,accepted/270859,accepted,accepted,yes,
125553,Pomacentridae,ok,accepted/125553,accepted/125553,accepted,accepted,yes,
272458,Merluccius productus,ok,accepted/272458,accepted/272458,accepted,accepted,yes,
1292,Anthozoa,ok,accepted/1292,accepted/1292,accepted,accepted,yes,
126818,Seriola rivoliana,ok,accepted/126818,accepted/126818,accepted,accepted,yes,
22549,Antipatharia,ok,accepted/22549,accepted/22549,accepted,accepted,yes,
158815,Halichoeres bivittatus,ok,accepted/158815,accepted/158815,accepted,accepted,yes,
278005,Naso elegans,ok,accepted/278005,accepted/278005,accepted,accepted,yes,
442165,Chionoecetes tanneri,ok,accepted/442165,accepted/442165,accepted,accepted,yes,
135335,Physonectae,ok,accepted/135335,accepted/135335,accepted,accepted,yes,
1609360,Pennatuloidea,ok,accepted/1609360,accepted/1609360,accepted,accepted,yes,
159347,Centropristis philadelphica,ok,accepted/159347,accepted/159347,accepted,accepted,yes,
159243,Calamus nodosus,ok,accepted/159243,accepted/159243,accepted,accepted,yes,
106673,Brachyura,ok,accepted/106673,accepted/106673,accepted,accepted,yes,
126802,Caranx crysos,ok,accepted/126802,accepted/126802,accepted,accepted,yes,
125306,Keratoisis,ok,accepted/125306,accepted/125306,accepted,accepted,yes,
159746,Opistognathus,ok,accepted/159746,accepted/159746,accepted,accepted,yes,
218976,Gomphosus caeruleus,ok,accepted/218976,accepted/218976,accepted,accepted,yes,
607338,Zoantharia,ok,accepted/607338,accepted/607338,accepted,accepted,yes,
22612,Hexactinellida,ok,accepted/22612,accepted/22612,accepted,accepted,yes,
273370,Prognathodes aya,ok,accepted/273370,accepted/273370,accepted,accepted,yes,
475077,Hyporthodus flavolimbatus,ok,accepted/475077,accepted/475077,accepted,accepted,yes,
158822,Lachnolaimus maximus,ok,accepted/158822,accepted/158822,accepted,accepted,yes,
254844,Rathbunaster californicus,ok,accepted/254844,accepted/254844,accepted,accepted,yes,
985,Sabellidae,ok,accepted/985,accepted/985,accepted,accepted,yes,
171636,Heterochone calyx,ok,accepted/171636,accepted/171636,accepted,accepted,yes,
159284,Holacanthus bermudensis,ok,accepted/159284,accepted/159284,accepted,accepted,yes,
212217,Thalassoma hardwicke,ok,accepted/212217,accepted/212217,accepted,accepted,yes,
159236,Serranus subligarius,ok,accepted/159236,accepted/159236,accepted,accepted,yes,
126437,Melanogrammus aeglefinus,ok,accepted/126437,accepted/126437,accepted,accepted,yes,
219679,Zebrasoma scopas,ok,accepted/219679,accepted/219679,accepted,accepted,yes,
218719,Chaetodon trifascialis,ok,accepted/218719,accepted/218719,accepted,accepted,yes,
159800,Lutjanus synagris,ok,accepted/159800,accepted/159800,accepted,accepted,yes,
159662,Chaetodon ocellatus,ok,accepted/159662,accepted/159662,accepted,accepted,yes,
212817,Chromis weberi,ok,accepted/212817,accepted/212817,accepted,accepted,yes,
1544106,Keratoisididae,ok,accepted/1544106,accepted/1544106,accepted,accepted,yes,
123083,Holothuroidea,ok,accepted/123083,accepted/123083,accepted,accepted,yes,
125418,Paragorgia arborea,ok,accepted/125418,accepted/125418,accepted,accepted,yes,
213657,Pterocaesio digramma,ok,accepted/213657,accepted/213657,accepted,accepted,yes,
106836,Munidopsis,ok,accepted/106836,accepted/106836,accepted,accepted,yes,
218584,Monotaxis grandoculis,ok,accepted/218584,accepted/218584,accepted,accepted,yes,
171991,Acanthascus (Staurocalyptus),ok,accepted/171991,accepted/171991,accepted,accepted,yes,
218985,Halichoeres hortulanus,ok,accepted/218985,accepted/218985,accepted,accepted,yes,
212964,Pomacentrus sulfureus,ok,accepted/212964,accepted/212964,accepted,accepted,yes,
1821,Chordata,ok,accepted/1821,accepted/1821,accepted,accepted,yes,
1740301,Medusozoa,ok,accepted/1740301,accepted/1740301,accepted,accepted,yes,
282084,Paranthias furcifer,ok,accepted/282084,accepted/282084,accepted,accepted,yes,
159404,Caulolatilus microps,ok,accepted/159404,accepted/159404,accepted,accepted,yes,
148773,Scotoplanes globosa,ok,accepted/148773,accepted/148773,accepted,accepted,yes,
220083,Zanclus cornutus,ok,accepted/220083,accepted/220083,accepted,accepted,yes,
241954,Pannychia moseleyi,ok,accepted/241954,accepted/241954,accepted,accepted,yes,
988,Serpulidae,ok,accepted/988,accepted/988,accepted,accepted,yes,
421999,Stenocionops spinimanus,ok,accepted/421999,accepted/421999,accepted,accepted,yes,
278632,Lethrinus atkinsoni,ok,accepted/278632,accepted/278632,accepted,accepted,yes,
218479,Lutjanus bohar,ok,accepted/218479,accepted/218479,accepted,accepted,yes,
105789,Carcharhinus falciformis,ok,accepted/105789,accepted/105789,accepted,accepted,yes,
1337,Hydrozoa,ok,accepted/1337,accepted/1337,accepted,accepted,yes,
123520,Scotoplanes,ok,accepted/123520,accepted/123520,accepted,accepted,yes,
219014,Labroides dimidiatus,ok,accepted/219014,accepted/219014,accepted,accepted,yes,
103395,Bathochordaeus stygius,ok,accepted/103395,accepted/103395,accepted,accepted,yes,
128490,Funiculina,ok,accepted/128490,accepted/128490,accepted,accepted,yes,
276747,Decodon puellaris,ok,accepted/276747,accepted/276747,accepted,accepted,yes,
218499,Lutjanus sebae,ok,accepted/218499,accepted/218499,accepted,accepted,yes,
212209,Thalassoma lunare,ok,accepted/212209,accepted/212209,accepted,accepted,yes,
273878,Mycteroperca interstitialis,ok,accepted/273878,accepted/273878,accepted,accepted,yes,
125748,Coryphaenoides,ok,accepted/125748,accepted/125748,accepted,accepted,yes,
127411,Canthigaster rostrata,ok,accepted/127411,accepted/127411,accepted,accepted,yes,
218741,Chaetodon trifasciatus,ok,accepted/218741,accepted/218741,accepted,accepted,yes,
125276,Isididae,ok,accepted/125276,accepted/125276,accepted,accepted,yes,
132107,Farrea,ok,accepted/132107,accepted/132107,accepted,accepted,yes,
135333,Calycophorae,ok,accepted/135333,accepted/135333,accepted,accepted,yes,
218730,Chaetodon auriga,ok,accepted/218730,accepted/218730,accepted,accepted,yes,
277817,Parupeneus macronemus,ok,accepted/277817,accepted/277817,accepted,accepted,yes,
105,Bivalvia,ok,accepted/105,accepted/105,accepted,accepted,yes,
219659,Ctenochaetus striatus,ok,accepted/219659,accepted/219659,accepted,accepted,yes,
101,Gastropoda,ok,accepted/101,accepted/101,accepted,accepted,yes,
117074,Solmissus,ok,accepted/117074,accepted/117074,accepted,accepted,yes,
219994,Caesio xanthonota,ok,accepted/219994,accepted/219994,accepted,accepted,yes,
107232,Pagurus bernhardus,ok,accepted/107232,accepted/107232,accepted,accepted,yes,
103362,Bathochordaeus,ok,accepted/103362,accepted/103362,accepted,accepted,yes,
273585,Thalassoma lutescens,ok,accepted/273585,accepted/273585,accepted,accepted,yes,
724715,Heteropolypus ritteri,ok,accepted/724715,accepted/724715,accepted,accepted,yes,
265955,Lampocteis cruentiventer,ok,accepted/265955,accepted/265955,accepted,accepted,yes,
125954,Chaetodon,ok,accepted/125954,accepted/125954,accepted,accepted,yes,
574540,Doryteuthis opalescens,ok,accepted/574540,accepted/574540,accepted,accepted,yes,
212077,Lethrinus rubrioperculatus,ok,accepted/212077,accepted/212077,accepted,accepted,yes,
212810,Chromis ternatensis,ok,accepted/212810,accepted/212810,accepted,accepted,yes,
159241,Calamus bajonado,ok,accepted/159241,accepted/159241,accepted,accepted,yes,
146420,Tunicata,ok,accepted/146420,accepted/146420,accepted,accepted,yes,
126817,Seriola fasciata,ok,accepted/126817,accepted/126817,accepted,accepted,yes,
212811,Chromis viridis,ok,accepted/212811,accepted/212811,accepted,accepted,yes,
129715,Tomopteris,ok,accepted/129715,accepted/129715,accepted,accepted,yes,
135506,Bargmannia elongata,ok,accepted/135506,accepted/135506,accepted,accepted,yes,
211773,Pygoplites diacanthus,ok,accepted/211773,accepted/211773,accepted,accepted,yes,
277145,Pomacentrus coelestis,ok,accepted/277145,accepted/277145,accepted,accepted,yes,
219628,Acanthurus leucosternon,ok,accepted/219628,accepted/219628,accepted,accepted,yes,
1605307,Pycnochromis fieldi,ok,accepted/1605307,accepted/1605307,accepted,accepted,yes,
219874,Balistapus undulatus,ok,accepted/219874,accepted/219874,accepted,accepted,yes,
212879,Abudefduf vaigiensis,ok,accepted/212879,accepted/212879,accepted,accepted,yes,
118264,Munnopsidae,ok,accepted/118264,accepted/118264,accepted,accepted,yes,
218738,Chaetodon kleinii,ok,accepted/218738,accepted/218738,accepted,accepted,yes,
219082,Chlorurus sordidus,ok,accepted/219082,accepted/219082,accepted,accepted,yes,
126068,Epinephelus,ok,accepted/126068,accepted/126068,accepted,accepted,yes,
273541,Bodianus rufus,ok,accepted/273541,accepted/273541,accepted,accepted,yes,
159792,Lutjanus analis,ok,accepted/159792,accepted/159792,accepted,accepted,yes,
514127,Eusergestes similis,ok,accepted/514127,accepted/514127,accepted,accepted,yes,
173124,Isosicyonis,ok,accepted/173124,accepted/173124,accepted,accepted,yes,
135310,Poralia rufescens,ok,accepted/135310,accepted/135310,accepted,accepted,yes,
135495,Nanomia bijuga,ok,accepted/135495,accepted/135495,accepted,accepted,yes,
159403,Caulolatilus chrysops,ok,accepted/159403,accepted/159403,accepted,accepted,yes,
218999,Hemigymnus fasciatus,ok,accepted/218999,accepted/218999,accepted,accepted,yes,
137224,Pyrosoma,ok,accepted/137224,accepted/137224,accepted,accepted,yes,
159650,Seriola zonata,ok,accepted/159650,accepted/159650,accepted,accepted,yes,
218483,Lutjanus vitta,ok,accepted/218483,accepted/218483,accepted,accepted,yes,
131692,Euplectellidae,ok,accepted/131692,accepted/131692,accepted,accepted,yes,
1337980,Pandalus amplus,ok,accepted/1337980,accepted/1337980,accepted,accepted,yes,
342023,Octopus rubescens,ok,accepted/342023,accepted/342023,accepted,accepted,yes,
218501,Macolor niger,ok,accepted/218501,accepted/218501,accepted,accepted,yes,
882,Annelida,ok,accepted/882,accepted/882,accepted,accepted,yes,
125326,Paragorgia,ok,accepted/125326,accepted/125326,accepted,accepted,yes,
159422,Upeneus parvus,ok,accepted/159422,accepted/159422,accepted,accepted,yes,
212862,Abudefduf sparoides,ok,accepted/212862,accepted/212862,accepted,accepted,yes,
219646,Acanthurus thompsoni,ok,accepted/219646,accepted/219646,accepted,accepted,yes,
125596,Sebastidae,ok,accepted/125596,accepted/125596,accepted,accepted,yes,
279146,Cephalopholis cruentata,ok,accepted/279146,accepted/279146,accepted,accepted,yes,
218278,Pseudanthias squamipinnis,ok,accepted/218278,accepted/218278,accepted,accepted,yes,
125280,Coralliidae,ok,accepted/125280,accepted/125280,accepted,accepted,yes,
219881,Melichthys niger,ok,accepted/219881,accepted/219881,accepted,accepted,yes,
1757986,Umbellula,ok,accepted/1757986,accepted/1757986,accepted,accepted,yes,
11707,Cephalopoda,ok,accepted/11707,accepted/11707,accepted,accepted,yes,
146421,Appendicularia,ok,accepted/146421,accepted/146421,accepted,accepted,yes,
123297,Hippasteria,ok,accepted/123297,accepted/123297,accepted,accepted,yes,
116994,Aegina,ok,accepted/116994,accepted/116994,accepted,accepted,yes,
220001,Pomacanthus imperator,ok,accepted/220001,accepted/220001,accepted,accepted,yes,
126070,Serranus,ok,accepted/126070,accepted/126070,accepted,accepted,yes,
213656,Pterocaesio tile,ok,accepted/213656,accepted/213656,accepted,accepted,yes,
159378,Holocentrus adscensionis,ok,accepted/159378,accepted/159378,accepted,accepted,yes,
1027018,Bathochordaeus mcnutti,ok,accepted/1027018,accepted/1027018,accepted,accepted,yes,
100672,Hormathiidae,ok,accepted/100672,accepted/100672,accepted,accepted,yes,
277870,Cirrhilabrus temminckii,ok,accepted/277870,accepted/277870,accepted,accepted,yes,
218168,Aethaloperca rogaa,ok,accepted/218168,accepted/218168,accepted,accepted,yes,
283704,Metridium farcimen,ok,accepted/283704,accepted/283704,accepted,accepted,yes,
330855,Poeobius meseres,ok,accepted/330855,accepted/330855,accepted,accepted,yes,
117846,Ptychogastria polaris,ok,accepted/117846,accepted/117846,accepted,accepted,yes,
219672,Naso vlamingii,ok,accepted/219672,accepted/219672,accepted,accepted,yes,
212216,Thalassoma amblycephalum,ok,accepted/212216,accepted/212216,accepted,accepted,yes,
273912,Siganus fuscescens,ok,accepted/273912,accepted/273912,accepted,accepted,yes,
593074,Liponema brevicorne,ok,accepted/593074,accepted/593074,accepted,accepted,yes,
219883,Odonus niger,ok,accepted/219883,accepted/219883,accepted,accepted,yes,
220063,Oxymonacanthus longirostris,ok,accepted/220063,accepted/220063,accepted,accepted,yes,
218174,Cephalopholis argus,ok,accepted/218174,accepted/218174,accepted,accepted,yes,
137250,Pyrosoma atlanticum,ok,accepted/137250,accepted/137250,accepted,accepted,yes,
125547,Mullidae,ok,accepted/125547,accepted/125547,accepted,accepted,yes,
212207,Thalassoma hebraicum,ok,accepted/212207,accepted/212207,accepted,accepted,yes,
219630,Acanthurus triostegus,ok,accepted/219630,accepted/219630,accepted,accepted,yes,
105719,Carcharhinus,ok,accepted/105719,accepted/105719,accepted,accepted,yes,
289661,Chrysopathes speciosa,ok,accepted/289661,accepted/289661,accepted,accepted,yes,
219098,Scarus tricolor,ok,accepted/219098,accepted/219098,accepted,accepted,yes,
141887,Vampyroteuthis infernalis,ok,accepted/141887,accepted/141887,accepted,accepted,yes,
137213,Pyrosomatida,ok,accepted/137213,accepted/137213,accepted,accepted,yes,
1361,Ceriantharia,ok,accepted/1361,accepted/1361,accepted,accepted,yes,
22742,Psamminidae,ok,accepted/22742,accepted/22742,accepted,accepted,yes,
158991,Urophycis regia,ok,accepted/158991,accepted/158991,accepted,accepted,yes,
100691,Actinernus,ok,accepted/100691,accepted/100691,accepted,accepted,yes,
218722,Chaetodon guttatissimus,ok,accepted/218722,accepted/218722,accepted,accepted,yes,
1371,Siphonophorae,ok,accepted/1371,accepted/1371,accepted,accepted,yes,
275257,Canthigaster jamestyleri,ok,accepted/275257,accepted/275257,accepted,accepted,yes,
274294,Microstomus pacificus,ok,accepted/274294,accepted/274294,accepted,accepted,yes,
135248,Atolla,ok,accepted/135248,accepted/135248,accepted,accepted,yes,
1362,Corallimorpharia,ok,accepted/1362,accepted/1362,accepted,accepted,yes,
378131,Paralomis multispina,ok,accepted/378131,accepted/378131,accepted,accepted,yes,
582522,Isidella tentaculum,ok,accepted/582522,accepted/582522,accepted,accepted,yes,
218204,Epinephelus areolatus,ok,accepted/218204,accepted/218204,accepted,accepted,yes,
2081,Chaetognatha,ok,accepted/2081,accepted/2081,accepted,accepted,yes,
218665,Parupeneus cyclostomus,ok,accepted/218665,accepted/218665,accepted,accepted,yes,
1135,Amphipoda,ok,accepted/1135,accepted/1135,accepted,accepted,yes,
126175,Sebastes,ok,accepted/126175,accepted/126175,accepted,accepted,yes,
1258,Lobata,ok,accepted/1258,accepted/1258,accepted,accepted,yes,
273540,Bodianus pulchellus,ok,accepted/273540,accepted/273540,accepted,accepted,yes,
219671,Naso brevirostris,ok,accepted/219671,accepted/219671,accepted,accepted,yes,
212846,Dascyllus trimaculatus,ok,accepted/212846,accepted/212846,accepted,accepted,yes,
277598,Amblyglyphidodon indicus,ok,accepted/277598,accepted/277598,accepted,accepted,yes,
212855,Plectroglyphidodon dickii,ok,accepted/212855,accepted/212855,accepted,accepted,yes,
282209,Pentapodus porosus,ok,accepted/282209,accepted/282209,accepted,accepted,yes,
159582,Acanthurus lineatus,ok,accepted/159582,accepted/159582,accepted,accepted,yes,
1608731,Callistephanus kofoidi,ok,accepted/1608731,accepted/1608731,accepted,accepted,yes,
341796,Chiroteuthis calyx,ok,accepted/341796,accepted/341796,accepted,accepted,yes,
125294,Chrysogorgia,ok,accepted/125294,accepted/125294,accepted,accepted,yes,
159346,Centropristis ocyurus,ok,accepted/159346,accepted/159346,accepted,accepted,yes,
158814,Halichoeres bathyphilus,ok,accepted/158814,accepted/158814,accepted,accepted,yes,
125278,Primnoidae,ok,accepted/125278,accepted/125278,accepted,accepted,yes,
159289,Abudefduf sexfasciatus,ok,accepted/159289,accepted/159289,accepted,accepted,yes,
137214,Salpida,ok,accepted/137214,accepted/137214,accepted,accepted,yes,
159402,Caulolatilus cyanops,ok,accepted/159402,accepted/159402,accepted,accepted,yes,
219686,Siganus argenteus,ok,accepted/219686,accepted/219686,accepted,accepted,yes,
131893,Asbestopluma,ok,accepted/131893,accepted/131893,accepted,accepted,yes,
267700,Parastenella,ok,accepted/267700,accepted/267700,accepted,accepted,yes,
1609355,Scleralcyonacea,ok,accepted/1609355,accepted/1609355,accepted,accepted,yes,
123512,Elpidia,ok,accepted/123512,accepted/123512,accepted,accepted,yes,
174046,Peniagone vitrea,ok,accepted/174046,accepted/174046,accepted,accepted,yes,
218480,Lutjanus gibbus,ok,accepted/218480,accepted/218480,accepted,accepted,yes,
159287,Pomacanthus arcuatus,ok,accepted/159287,accepted/159287,accepted,accepted,yes,
305684,Microstomus bathybius,ok,accepted/305684,accepted/305684,accepted,accepted,yes,
219159,Parapercis hexophtalma,ok,accepted/219159,accepted/219159,accepted,accepted,yes,
1086,Eumalacostraca,ok,accepted/1086,accepted/1086,accepted,accepted,yes,
219667,Naso hexacanthus,ok,accepted/219667,accepted/219667,accepted,accepted,yes,
759744,Asbestopluma (Asbestopluma) monticola,ok,accepted/759744,accepted/759744,accepted,accepted,yes,
218940,Cheilinus fasciatus,ok,accepted/218940,accepted/218940,accepted,accepted,yes,
1839,Ascidiacea,ok,accepted/1839,accepted/1839,accepted,accepted,yes,
275721,Haemulon album,ok,accepted/275721,accepted/275721,accepted,accepted,yes,
149,Buccinidae,ok,accepted/149,accepted/149,accepted,accepted,yes,
106050,Poecilasmatidae,ok,accepted/106050,accepted/106050,accepted,accepted,yes,
125305,Isidella,ok,accepted/125305,accepted/125305,accepted,accepted,yes,
1066,Crustacea,ok,accepted/1066,accepted/1066,accepted,accepted,yes,
211787,Apolemichthys trimaculatus,ok,accepted/211787,accepted/211787,accepted,accepted,yes,
219991,Caesio lunaris,ok,accepted/219991,accepted/219991,accepted,accepted,yes,
1461133,Beringraja rhina,ok,accepted/1461133,accepted/1461133,accepted,accepted,yes,
123185,Synallactidae,ok,accepted/123185,accepted/123185,accepted,accepted,yes,
135393,Apolemia,ok,accepted/135393,accepted/135393,accepted,accepted,yes,
159230,Liopropoma eukrines,ok,accepted/159230,accepted/159230,accepted,accepted,yes,
219013,Labrichthys unilineatus,ok,accepted/219013,accepted/219013,accepted,accepted,yes,
275973,Calamus proridens,ok,accepted/275973,accepted/275973,accepted,accepted,yes,
218765,Heniochus acuminatus,ok,accepted/218765,accepted/218765,accepted,accepted,yes,
527126,Muusoctopus,ok,accepted/527126,accepted/527126,accepted,accepted,yes,
1434803,Beroe,ok,accepted/1434803,accepted/1434803,accepted,accepted,yes,
148759,Paelopatides confundens,ok,accepted/148759,accepted/148759,accepted,accepted,yes,
277563,Ctenochaetus truncatus,ok,accepted/277563,accepted/277563,accepted,accepted,yes,
219015,Labroides bicolor,ok,accepted/219015,accepted/219015,accepted,accepted,yes,
159238,Archosargus probatocephalus,ok,accepted/159238,accepted/159238,accepted,accepted,yes,
135466,Praya dubia,ok,accepted/135466,accepted/135466,accepted,accepted,yes,
105816,Sphyrna lewini,ok,accepted/105816,accepted/105816,accepted,accepted,yes,
125471,Macrouridae,ok,accepted/125471,accepted/125471,accepted,accepted,yes,
159231,Mycteroperca bonaci,ok,accepted/159231,accepted/159231,accepted,accepted,yes,
218260,Plectropomus laevis,ok,accepted/218260,accepted/218260,accepted,accepted,yes,
475100,Hyporthodus nigritus,ok,accepted/475100,accepted/475100,accepted,accepted,yes,
883,Polychaeta,ok,accepted/883,accepted/883,accepted,accepted,yes,
123093,Comatulida,ok,accepted/123093,accepted/123093,accepted,accepted,yes,
218237,Epinephelus multinotatus,ok,accepted/218237,accepted/218237,accepted,accepted,yes,
272961,Acanthurus grammoptilus,ok,accepted/272961,accepted/272961,accepted,accepted,yes,
218255,Gracila albomarginata,ok,accepted/218255,accepted/218255,accepted,accepted,yes,
174738,Benthocodon,ok,accepted/174738,accepted/174738,accepted,accepted,yes,
218762,Hemitaurichthys zoster,ok,accepted/218762,accepted/218762,accepted,accepted,yes,
11718,Octopoda,ok,accepted/11718,accepted/11718,accepted,accepted,yes,
135340,Prayidae,ok,accepted/135340,accepted/135340,accepted,accepted,yes,
277826,Parupeneus trifasciatus,ok,accepted/277826,accepted/277826,accepted,accepted,yes,
219113,Scarus frenatus,ok,accepted/219113,accepted/219113,accepted,accepted,yes,
277996,Oxycheilinus digramma,ok,accepted/277996,accepted/277996,accepted,accepted,yes,
273910,Serranus tortugarum,ok,accepted/273910,accepted/273910,accepted,accepted,yes,
158875,Syacium,ok,accepted/158875,accepted/158875,accepted,accepted,yes,
131694,Rossellidae,ok,accepted/131694,accepted/131694,accepted,accepted,yes,
212081,Lethrinus nebulosus,ok,accepted/212081,accepted/212081,accepted,accepted,yes,
10331,Pleuronectiformes,ok,accepted/10331,accepted/10331,accepted,accepted,yes,
23140,Vesicomyidae,ok,accepted/23140,accepted/23140,accepted,accepted,yes,
123776,Asterias rubens,ok,accepted/123776,accepted/123776,accepted,accepted,yes,
1417788,Benthocodon pedunculatus,ok,accepted/1417788,accepted/1417788,accepted,accepted,yes,
1608733,Callistephanus simplex,ok,accepted/1608733,accepted/1608733,accepted,accepted,yes,
1251,Cydippida,ok,accepted/1251,accepted/1251,accepted,accepted,yes,
159661,Chaetodon capistratus,ok,accepted/159661,accepted/159661,accepted,accepted,yes,
423632,Pandalus platyceros,ok,accepted/423632,accepted/423632,accepted,accepted,yes,
124597,Abyssocucumis abyssorum,ok,accepted/124597,accepted/124597,accepted,accepted,yes,
218959,Coris caudimacula,ok,accepted/218959,accepted/218959,accepted,accepted,yes,
944595,Gersemia juliepackardae,ok,accepted/944595,accepted/944595,accepted,accepted,yes,
218752,Chaetodon meyeri,ok,accepted/218752,accepted/218752,accepted,accepted,yes,
341868,Histioteuthis heteropsis,ok,accepted/341868,accepted/341868,accepted,accepted,yes,
218574,Gnathodentex aureolineatus,ok,accepted/218574,accepted/218574,accepted,accepted,yes,
441520,Chorilia longipes,ok,accepted/441520,accepted/441520,accepted,accepted,yes,
218660,Parupeneus barberinus,ok,accepted/218660,accepted/218660,accepted,accepted,yes,
714272,Florometra serratissima,ok,accepted/714272,accepted/714272,accepted,accepted,yes,
218482,Lutjanus kasmira,ok,accepted/218482,accepted/218482,accepted,accepted,yes,
342291,Dosidicus gigas,ok,accepted/342291,accepted/342291,accepted,accepted,yes,
205457,Nemipterus,ok,accepted/205457,accepted/205457,accepted,accepted,yes,
217940,Sargocentron caudimaculatum,ok,accepted/217940,accepted/217940,accepted,accepted,yes,
217964,Aulostomus chinensis,ok,accepted/217964,accepted/217964,accepted,accepted,yes,
124738,Peniagone gracilis,ok,accepted/124738,accepted/124738,accepted,accepted,yes,
135507,Bargmannia lata,ok,accepted/135507,accepted/135507,accepted,accepted,yes,
219873,Abalistes stellatus,ok,accepted/219873,accepted/219873,accepted,accepted,yes,
282741,Sebastolobus altivelis,ok,accepted/282741,accepted/282741,accepted,accepted,yes,
123085,Brisingida,ok,accepted/123085,accepted/123085,accepted,accepted,yes,
117263,Aegina citrea,ok,accepted/117263,accepted/117263,accepted,accepted,yes,
341807,Galiteuthis phyllura,ok,accepted/341807,accepted/341807,accepted,accepted,yes,
106737,Lithodidae,ok,accepted/106737,accepted/106737,accepted,accepted,yes,
126103,Lycenchelys,ok,accepted/126103,accepted/126103,accepted,accepted,yes,
276709,Pseudojuloides severnsi,ok,accepted/276709,accepted/276709,accepted,accepted,yes,
282207,Pentapodus nagasakiensis,ok,accepted/282207,accepted/282207,accepted,accepted,yes,
218944,Cheilinus trilobatus,ok,accepted/218944,accepted/218944,accepted,accepted,yes,
137853,Taonius,ok,accepted/137853,accepted/137853,accepted,accepted,yes,
158646,Ophichthus puncticeps,ok,accepted/158646,accepted/158646,accepted,accepted,yes,
987094,Chelonioidea,ok,accepted/987094,accepted/987094,accepted,accepted,yes,
131907,Mycale,ok,accepted/131907,accepted/131907,accepted,accepted,yes,
218733,Chaetodon lunula,ok,accepted/218733,accepted/218733,accepted,accepted,yes,
218647,Mulloidichthys flavolineatus,ok,accepted/218647,accepted/218647,accepted,accepted,yes,
274787,Sebastes diploproa,ok,accepted/274787,accepted/274787,accepted,accepted,yes,
218304,Variola louti,ok,accepted/218304,accepted/218304,accepted,accepted,yes,
283830,Corallimorphus pilatus,ok,accepted/283830,accepted/283830,accepted,accepted,yes,
368409,Batoidea,ok,accepted/368409,accepted/368409,accepted,accepted,yes,
219882,Melichthys indicus,ok,accepted/219882,accepted/219882,accepted,accepted,yes,
218991,Halichoeres marginatus,ok,accepted/218991,accepted/218991,accepted,accepted,yes,
277820,Parupeneus multifasciatus,ok,accepted/277820,accepted/277820,accepted,accepted,yes,
125314,Swiftia,ok,accepted/125314,accepted/125314,accepted,accepted,yes,
218923,Anampses meleagrides,ok,accepted/218923,accepted/218923,accepted,accepted,yes,
105431,Caecosagitta macrocephala,ok,accepted/105431,accepted/105431,accepted,accepted,yes,
219626,Acanthurus nigricauda,ok,accepted/219626,accepted/219626,accepted,accepted,yes,
982,Terebellidae,ok,accepted/982,accepted/982,accepted,accepted,yes,
212812,Chromis atripectoralis,ok,accepted/212812,accepted/212812,accepted,accepted,yes,
276851,Sufflamen chrysopterum,ok,accepted/276851,accepted/276851,accepted,accepted,yes,
212798,Chromis opercularis,ok,accepted/212798,accepted/212798,accepted,accepted,yes,
718773,Hemicorallium,ok,accepted/718773,accepted/718773,accepted,accepted,yes,
158586,Muraena retifera,ok,accepted/158586,accepted/158586,accepted,accepted,yes,
126064,Scomberomorus,ok,accepted/126064,accepted/126064,accepted,accepted,yes,
218419,Caranx melampygus,ok,accepted/218419,accepted/218419,accepted,accepted,yes,
135281,Atolla vanhoeffeni,ok,accepted/135281,accepted/135281,accepted,accepted,yes,
151787,Scarinae,ok,accepted/151787,accepted/151787,accepted,accepted,yes,
219086,Chlorurus strongylocephalus,ok,accepted/219086,accepted/219086,accepted,accepted,yes,
206059,Lethrinus,ok,accepted/206059,accepted/206059,accepted,accepted,yes,
123333,Hymenaster,ok,accepted/123333,accepted/123333,accepted,accepted,yes,
212797,Chromis nigroanalis,ok,accepted/212797,accepted/212797,accepted,accepted,yes,
272460,Antimora microlepis,ok,accepted/272460,accepted/272460,accepted,accepted,yes,
123525,Pannychia,ok,accepted/123525,accepted/123525,accepted,accepted,yes,
218384,Atule mate,ok,accepted/218384,accepted/218384,accepted,accepted,yes,
219093,Scarus prasiognathos,ok,accepted/219093,accepted/219093,accepted,accepted,yes,
218931,Bodianus diana,ok,accepted/218931,accepted/218931,accepted,accepted,yes,
107052,Pasiphaea,ok,accepted/107052,accepted/107052,accepted,accepted,yes,
149668,Mysida,ok,accepted/149668,accepted/149668,accepted,accepted,yes,
105795,Carcharhinus melanopterus,ok,accepted/105795,accepted/105795,accepted,accepted,yes,
110673,Euphausia,ok,accepted/110673,accepted/110673,accepted,accepted,yes,
277859,Cirrhilabrus morrisoni,ok,accepted/277859,accepted/277859,accepted,accepted,yes,
218726,Chaetodon falcula,ok,accepted/218726,accepted/218726,accepted,accepted,yes,
106687,Paguroidea,ok,accepted/106687,accepted/106687,accepted,accepted,yes,
271538,Bathyraja trachura,ok,accepted/271538,accepted/271538,accepted,accepted,yes,
125537,Gobiidae,ok,accepted/125537,accepted/125537,accepted,accepted,yes,
138318,Delectopecten,ok,accepted/138318,accepted/138318,accepted,accepted,yes,
159629,Alectis ciliaris,ok,accepted/159629,accepted/159629,accepted,accepted,yes,
529431,Apostichopus leukothele,ok,accepted/529431,accepted/529431,accepted,accepted,yes,
218383,Alepes vari,ok,accepted/218383,accepted/218383,accepted,accepted,yes,
135487,Erenna richardi,ok,accepted/135487,accepted/135487,accepted,accepted,yes,
287284,Erenna laciniata,ok,accepted/287284,accepted/287284,accepted,accepted,yes,
123204,Ophiacanthidae,ok,accepted/123204,accepted/123204,accepted,accepted,yes,
1082,Cirripedia,ok,accepted/1082,accepted/1082,accepted,accepted,yes,
107042,Heterocarpus,ok,accepted/107042,accepted/107042,accepted,accepted,yes,
127399,Canthidermis sufflamen,ok,accepted/127399,accepted/127399,accepted,accepted,yes,
100782,Cerianthus,ok,accepted/100782,accepted/100782,accepted,accepted,yes,
387268,Lilyopsis fluoracantha,ok,accepted/387268,accepted/387268,accepted,accepted,yes,
219921,Arothron nigropunctatus,ok,accepted/219921,accepted/219921,accepted,accepted,yes,
1128,Euphausiacea,ok,accepted/1128,accepted/1128,accepted,accepted,yes,
219668,Naso unicornis,ok,accepted/219668,accepted/219668,accepted,accepted,yes,
273891,Serranus atrobranchus,ok,accepted/273891,accepted/273891,accepted,accepted,yes,
106848,Paralomis,ok,accepted/106848,accepted/106848,accepted,accepted,yes,
368408,Selachii,ok,accepted/368408,accepted/368408,accepted,accepted,yes,
135492,Lychnagalma utricularia,ok,accepted/135492,accepted/135492,accepted,accepted,yes,
135282,Atolla wyvillei,ok,accepted/135282,accepted/135282,accepted,accepted,yes,
267189,Acanthoptilum,ok,accepted/267189,accepted/267189,accepted,accepted,yes,
276852,Sufflamen fraenatum,ok,accepted/276852,accepted/276852,accepted,accepted,yes,
159801,Lutjanus vivanus,ok,accepted/159801,accepted/159801,accepted,accepted,yes,
211774,Centropyge multispinis,ok,accepted/211774,accepted/211774,accepted,accepted,yes,
277267,Choerodon cyanodus,ok,accepted/277267,accepted/277267,accepted,accepted,yes,
242160,Mediaster aequalis,ok,accepted/242160,accepted/242160,accepted,accepted,yes,
125944,Seriola,ok,accepted/125944,accepted/125944,accepted,accepted,yes,
206895,Eptatretus,ok,accepted/206895,accepted/206895,accepted,accepted,yes,
430552,Psathyrometra fragilis,ok,accepted/430552,accepted/430552,accepted,accepted,yes,
276442,Opistognathus aurifrons,ok,accepted/276442,accepted/276442,accepted,accepted,yes,
128517,Pennatula phosphorea,ok,accepted/128517,accepted/128517,accepted,accepted,yes,
218990,Halichoeres scapularis,ok,accepted/218990,accepted/218990,accepted,accepted,yes,
1762,Nudibranchia,ok,accepted/1762,accepted/1762,accepted,accepted,yes,
158584,Gymnothorax moringa,ok,accepted/158584,accepted/158584,accepted,accepted,yes,
218867,Paracirrhites forsteri,ok,accepted/218867,accepted/218867,accepted,accepted,yes,
218267,Plectropomus maculatus,ok,accepted/218267,accepted/218267,accepted,accepted,yes,
219673,Naso annulatus,ok,accepted/219673,accepted/219673,accepted,accepted,yes,
196537,Erenna cornuta,ok,accepted/196537,accepted/196537,accepted,accepted,yes,
218708,Kyphosus cinerascens,ok,accepted/218708,accepted/218708,accepted,accepted,yes,
218918,Anampses twistii,ok,accepted/218918,accepted/218918,accepted,accepted,yes,
218760,Forcipiger flavissimus,ok,accepted/218760,accepted/218760,accepted,accepted,yes,
265150,Beroe abyssicola,ok,accepted/265150,accepted/265150,accepted,accepted,yes,
1806,Echinodermata,ok,accepted/1806,accepted/1806,accepted,accepted,yes,
128495,Pennatula,ok,accepted/128495,accepted/128495,accepted,accepted,yes,
282406,Pseudobathylagus milleri,ok,accepted/282406,accepted/282406,accepted,accepted,yes,
123578,Asteronyx,ok,accepted/123578,accepted/123578,accepted,accepted,yes,
159299,Scarus,ok,accepted/159299,accepted/159299,accepted,accepted,yes,
272313,Coryphaenoides acrolepis,ok,accepted/272313,accepted/272313,accepted,accepted,yes,
123143,Solasteridae,ok,accepted/123143,accepted/123143,accepted,accepted,yes,
217337,Carcharhinus amblyrhynchos,ok,accepted/217337,accepted/217337,accepted,accepted,yes,
218658,Parupeneus indicus,ok,accepted/218658,accepted/218658,accepted,accepted,yes,
255062,Stylasterias forreri,ok,accepted/255062,accepted/255062,accepted,accepted,yes,
255084,Myxoderma platyacanthum,ok,accepted/255084,accepted/255084,accepted,accepted,yes,
100689,Parazoanthidae,ok,accepted/100689,accepted/100689,accepted,accepted,yes,
218216,Epinephelus rivulatus,ok,accepted/218216,accepted/218216,accepted,accepted,yes,
276060,Scarus schlegeli,ok,accepted/276060,accepted/276060,accepted,accepted,yes,
218207,Epinephelus fasciatus,ok,accepted/218207,accepted/218207,accepted,accepted,yes,
277555,Zebrasoma desjardinii,ok,accepted/277555,accepted/277555,accepted,accepted,yes,
1248,Ctenophora,ok,accepted/1248,accepted/1248,accepted,accepted,yes,
106835,Munida,ok,accepted/106835,accepted/106835,accepted,accepted,yes,
135267,Poralia,ok,accepted/135267,accepted/135267,accepted,accepted,yes,
273728,Chromis fumea,ok,accepted/273728,accepted/273728,accepted,accepted,yes,
100653,Actiniidae,ok,accepted/100653,accepted/100653,accepted,accepted,yes,
219665,Naso lituratus,ok,accepted/219665,accepted/219665,accepted,accepted,yes,
298828,Bathyraja kincaidii,ok,accepted/298828,accepted/298828,accepted,accepted,yes,
880527,Latrunculia (Latrunculia) austini,ok,accepted/880527,accepted/880527,accepted,accepted,yes,
134106,Thenea muricata,ok,accepted/134106,accepted/134106,accepted,accepted,yes,
440204,Moloha faxoni,ok,accepted/440204,accepted/440204,accepted,accepted,yes,
273304,Trachurus novaezelandiae,ok,accepted/273304,accepted/273304,accepted,accepted,yes,
217947,Sargocentron diadema,ok,accepted/217947,accepted/217947,accepted,accepted,yes,
277265,Choerodon cauteroma,ok,accepted/277265,accepted/277265,accepted,accepted,yes,
125277,Plexauridae,ok,accepted/125277,accepted/125277,accepted,accepted,yes,
398565,Bodianus solatus,ok,accepted/398565,accepted/398565,accepted,accepted,yes,
282745,Selaroides leptolepis,ok,accepted/282745,accepted/282745,accepted,accepted,yes,
218429,Gnathanodon speciosus,ok,accepted/218429,accepted/218429,accepted,accepted,yes,
219625,Acanthurus olivaceus,ok,accepted/219625,accepted/219625,accepted,accepted,yes,
217966,Fistularia commersonii,ok,accepted/217966,accepted/217966,accepted,accepted,yes,
218764,Heniochus monoceros,ok,accepted/218764,accepted/218764,accepted,accepted,yes,
196223,Euryalidae,ok,accepted/196223,accepted/196223,accepted,accepted,yes,
219954,Lagocephalus sceleratus,ok,accepted/219954,accepted/219954,accepted,accepted,yes,
125286,Clavularia,ok,accepted/125286,accepted/125286,accepted,accepted,yes,
137710,Neptunea,ok,accepted/137710,accepted/137710,accepted,accepted,yes,
218984,Halichoeres cosmetus,ok,accepted/218984,accepted/218984,accepted,accepted,yes,
138657,Vesicomya,ok,accepted/138657,accepted/138657,accepted,accepted,yes,
212076,Lethrinus variegatus,ok,accepted/212076,accepted/212076,accepted,accepted,yes,
889340,Erenna sirena,ok,accepted/889340,accepted/889340,accepted,accepted,yes,
125273,Chrysogorgiidae,ok,accepted/125273,accepted/125273,accepted,accepted,yes,
218495,Lutjanus lutjanus,ok,accepted/218495,accepted/218495,accepted,accepted,yes,
217927,Myripristis berndti,ok,accepted/217927,accepted/217927,accepted,accepted,yes,
219894,Sufflamen bursa,ok,accepted/219894,accepted/219894,accepted,accepted,yes,
126371,Saurida undosquamis,ok,accepted/126371,accepted/126371,accepted,accepted,yes,
277825,Parupeneus spilurus,ok,accepted/277825,accepted/277825,accepted,accepted,yes,
218656,Parupeneus pleurostigma,ok,accepted/218656,accepted/218656,accepted,accepted,yes,
218957,Coris aygula,ok,accepted/218957,accepted/218957,accepted,accepted,yes,
759939,Asbestopluma (Asbestopluma) rickettsi,ok,accepted/759939,accepted/759939,accepted,accepted,yes,
213,Pectinidae,ok,accepted/213,accepted/213,accepted,accepted,yes,
137215,Doliolidae,ok,accepted/137215,accepted/137215,accepted,accepted,yes,
265828,Bathocyroe fosteri,ok,accepted/265828,accepted/265828,accepted,accepted,yes,
276528,Lutjanus carponotatus,ok,accepted/276528,accepted/276528,accepted,accepted,yes,
219947,Canthigaster valentini,ok,accepted/219947,accepted/219947,accepted,accepted,yes,
128492,Kophobelemnon,ok,accepted/128492,accepted/128492,accepted,accepted,yes,
126848,Echeneis naucrates,ok,accepted/126848,accepted/126848,accepted,accepted,yes,
106360,Beroe forskalii,ok,accepted/106360,accepted/106360,accepted,accepted,yes,
131562,Tomopteris nisseni,ok,accepted/131562,accepted/131562,accepted,accepted,yes,
218743,Chaetodon melannotus,ok,accepted/218743,accepted/218743,accepted,accepted,yes,
126069,Mycteroperca,ok,accepted/126069,accepted/126069,accepted,accepted,yes,
235590,Laqueus erythraeus,ok,accepted/235590,accepted/235590,accepted,accepted,yes,
513214,Cystocrepis setigera,ok,accepted/513214,accepted/513214,accepted,accepted,yes,
209219,Scolopsis bilineata,ok,accepted/209219,accepted/209219,accepted,accepted,yes,
273325,Chaetodon assarius,ok,accepted/273325,accepted/273325,accepted,accepted,yes,
276792,Scolopsis xenochrous,ok,accepted/276792,accepted/276792,accepted,accepted,yes,
123335,Pteraster,ok,accepted/123335,accepted/123335,accepted,accepted,yes,
219003,Hologymnosus annulatus,ok,accepted/219003,accepted/219003,accepted,accepted,yes,
843664,Actinopteri,ok,accepted/843664,accepted/843664,accepted,accepted,yes,
219127,Scarus ghobban,ok,accepted/219127,accepted/219127,accepted,accepted,yes,
292707,Crossaster borealis,ok,accepted/292707,accepted/292707,accepted,accepted,yes,
127405,Mola mola,ok,accepted/127405,accepted/127405,accepted,accepted,yes,
217502,Gymnothorax javanicus,ok,accepted/217502,accepted/217502,accepted,accepted,yes,
219058,Stethojulis albovittata,ok,accepted/219058,accepted/219058,accepted,accepted,yes,
183341,Peniagone papillata,ok,accepted/183341,accepted/183341,accepted,accepted,yes,
341859,Gonatus onyx,ok,accepted/341859,accepted/341859,accepted,accepted,yes,
100702,Cribrinopsis,ok,accepted/100702,accepted/100702,accepted,accepted,yes,
527163,Muusoctopus robustus,ok,accepted/527163,accepted/527163,accepted,accepted,yes,
171809,Sclerothamnopsis,ok,accepted/171809,accepted/171809,accepted,accepted,yes,
277810,Parupeneus barberinoides,ok,accepted/277810,accepted/277810,accepted,accepted,yes,
125319,Narella,ok,accepted/125319,accepted/125319,accepted,accepted,yes,
267316,Chrysopathes,ok,accepted/267316,accepted/267316,accepted,accepted,yes,
1130,Decapoda,ok,accepted/1130,accepted/1130,accepted,accepted,yes,
135390,Lychnagalma,ok,accepted/135390,accepted/135390,accepted,accepted,yes,
265954,Kiyohimea usagi,ok,accepted/265954,accepted/265954,accepted,accepted,yes,
138327,Peracle,ok,accepted/138327,accepted/138327,accepted,accepted,yes,
1567,Pycnogonidae,ok,accepted/1567,accepted/1567,accepted,accepted,yes,
287688,Craseoa lathetica,ok,accepted/287688,accepted/287688,accepted,accepted,yes,
171508,Hyalonema (Oonema) bianchoratum,ok,accepted/171508,accepted/171508,accepted,accepted,yes,
123142,Pterasteridae,ok,accepted/123142,accepted/123142,accepted,accepted,yes,
219996,Caesio teres,ok,accepted/219996,accepted/219996,accepted,accepted,yes,
219335,Plagiotremus tapeinosoma,ok,accepted/219335,accepted/219335,accepted,accepted,yes,
178776,Ampheraster,ok,accepted/178776,accepted/178776,accepted,accepted,yes,
367210,Scarus rivulatus,ok,accepted/367210,accepted/367210,accepted,accepted,yes,
106741,Nephropidae,ok,accepted/106741,accepted/106741,accepted,accepted,yes,
275804,Halichoeres trimaculatus,ok,accepted/275804,accepted/275804,accepted,accepted,yes,
106358,Beroe cucumis,ok,accepted/106358,accepted/106358,accepted,accepted,yes,
276987,Parapercis clathrata,ok,accepted/276987,accepted/276987,accepted,accepted,yes,
100655,Actinostolidae,ok,accepted/100655,accepted/100655,accepted,accepted,yes,
287277,Desmophyes haematogaster,ok,accepted/287277,accepted/287277,accepted,accepted,yes,
135426,Lensia conoidea,ok,accepted/135426,accepted/135426,accepted,accepted,yes,
219080,Chlorurus capistratoides,ok,accepted/219080,accepted/219080,accepted,accepted,yes,
273354,Chaetodon plebeius,ok,accepted/273354,accepted/273354,accepted,accepted,yes,
212843,Dascyllus aruanus,ok,accepted/212843,accepted/212843,accepted,accepted,yes,
286307,Acanella weberi,ok,accepted/286307,accepted/286307,accepted,accepted,yes,
513000,Echinocrepis rostrata,ok,accepted/513000,accepted/513000,accepted,accepted,yes,
106733,Galatheidae,ok,accepted/106733,accepted/106733,accepted,accepted,yes,
724698,Bathydorus laevis pseudospinosus,ok,accepted/724698,accepted/724698,accepted,accepted,yes,
117504,Solmissus incisa,ok,accepted/117504,accepted/117504,accepted,accepted,yes,
164811,Demospongiae,ok,accepted/164811,accepted/164811,accepted,accepted,yes,
135251,Paraphyllina,ok,accepted/135251,accepted/135251,accepted,accepted,yes,
159499,Monacanthus tuckeri,ok,accepted/159499,accepted/159499,accepted,accepted,yes,
171883,Walteria,ok,accepted/171883,accepted/171883,accepted,accepted,yes,
219664,Naso brachycentron,ok,accepted/219664,accepted/219664,accepted,accepted,yes,
272608,Dibranchus hystrix,ok,accepted/272608,accepted/272608,accepted,accepted,yes,
345843,Sphyraena barracuda,ok,accepted/345843,accepted/345843,accepted,accepted,yes,
287147,Atolla gigantea,ok,accepted/287147,accepted/287147,accepted,accepted,yes,
123298,Mediaster,ok,accepted/123298,accepted/123298,accepted,accepted,yes,
125293,Acanthogorgia,ok,accepted/125293,accepted/125293,accepted,accepted,yes,
219641,Acanthurus dussumieri,ok,accepted/219641,accepted/219641,accepted,accepted,yes,
271536,Bathyraja spinosissima,ok,accepted/271536,accepted/271536,accepted,accepted,yes,
278536,Caesio cuning,ok,accepted/278536,accepted/278536,accepted,accepted,yes,
1803,Brachiopoda,ok,accepted/1803,accepted/1803,accepted,accepted,yes,
125307,Lepidisis,ok,accepted/125307,accepted/125307,accepted,accepted,yes,
218921,Anampses lineatus,ok,accepted/218921,accepted/218921,accepted,accepted,yes,
254597,Lycodes diapterus,ok,accepted/254597,accepted/254597,accepted,accepted,yes,
290677,Paraphelliactis pabista,ok,accepted/290677,accepted/290677,accepted,accepted,yes,
100684,Cerianthidae,ok,accepted/100684,accepted/100684,accepted,accepted,yes,
117970,Modeeria rotunda,ok,accepted/117970,accepted/117970,accepted,accepted,yes,
218866,Paracirrhites arcatus,ok,accepted/218866,accepted/218866,accepted,accepted,yes,
410406,Taonius borealis,ok,accepted/410406,accepted/410406,accepted,accepted,yes,
219124,Scarus rubroviolaceus,ok,accepted/219124,accepted/219124,accepted,accepted,yes,
277180,Pristotis obtusirostris,ok,accepted/277180,accepted/277180,accepted,accepted,yes,
218986,Halichoeres nebulosus,ok,accepted/218986,accepted/218986,accepted,accepted,yes,
274678,Psychrolutes phrictus,ok,accepted/274678,accepted/274678,accepted,accepted,yes,
212993,Pomacentrus caeruleus,ok,accepted/212993,accepted/212993,accepted,accepted,yes,
278631,Lethrinus amboinensis,ok,accepted/278631,accepted/278631,accepted,accepted,yes,
131644,Cladorhizidae,ok,accepted/131644,accepted/131644,accepted,accepted,yes,
134586,Colossendeis,ok,accepted/134586,accepted/134586,accepted,accepted,yes,
218979,Halichoeres zeylonicus,ok,accepted/218979,accepted/218979,accepted,accepted,yes,
218972,Epibulus insidiator,ok,accepted/218972,accepted/218972,accepted,accepted,yes,
117239,Solmaris,ok,accepted/117239,accepted/117239,accepted,accepted,yes,
276788,Scolopsis monogramma,ok,accepted/276788,accepted/276788,accepted,accepted,yes,
277176,Pomacentrus vaiuli,ok,accepted/277176,accepted/277176,accepted,accepted,yes,
103530,Cnemidocarpa,ok,accepted/103530,accepted/103530,accepted,accepted,yes,
302432,Caranx ruber,ok,accepted/302432,accepted/302432,accepted,accepted,yes,
342222,Graneledone boreopacifica,ok,accepted/342222,accepted/342222,accepted,accepted,yes,
171848,Corbitellinae,ok,accepted/171848,accepted/171848,accepted,accepted,yes,
212885,Abudefduf bengalensis,ok,accepted/212885,accepted/212885,accepted,accepted,yes,
273837,Epinephelus bilobatus,ok,accepted/273837,accepted/273837,accepted,accepted,yes,
135488,Frillagalma vityazi,ok,accepted/135488,accepted/135488,accepted,accepted,yes,
278638,Lethrinus ravus,ok,accepted/278638,accepted/278638,accepted,accepted,yes,
341789,Bathyteuthis berryi,ok,accepted/341789,accepted/341789,accepted,accepted,yes,
342250,Planctoteuthis oligobessa,ok,accepted/342250,accepted/342250,accepted,accepted,yes,
159703,Chaetodipterus faber,ok,accepted/159703,accepted/159703,accepted,accepted,yes,
205015,Plectropomus,ok,accepted/205015,accepted/205015,accepted,accepted,yes,
267553,Lillipathes,ok,accepted/267553,accepted/267553,accepted,accepted,yes,
138294,Opisthoteuthis,ok,accepted/138294,accepted/138294,accepted,accepted,yes,
159399,Ostichthys trachypoma,ok,accepted/159399,accepted/159399,accepted,accepted,yes,
214557,Triaenodon obesus,ok,accepted/214557,accepted/214557,accepted,accepted,yes,
342249,Planctoteuthis danae,ok,accepted/342249,accepted/342249,accepted,accepted,yes,
271503,Bathyraja abyssicola,ok,accepted/271503,accepted/271503,accepted,accepted,yes,
568594,Cystechinus loveni,ok,accepted/568594,accepted/568594,accepted,accepted,yes,
212069,Lethrinus olivaceus,ok,accepted/212069,accepted/212069,accepted,accepted,yes,
274097,Lycodes cortezianus,ok,accepted/274097,accepted/274097,accepted,accepted,yes,
271406,Hydrolagus colliei,ok,accepted/271406,accepted/271406,accepted,accepted,yes,
341958,Octopus californicus,ok,accepted/341958,accepted/341958,accepted,accepted,yes,
123191,Elpidiidae,ok,accepted/123191,accepted/123191,accepted,accepted,yes,
125522,Callionymidae,ok,accepted/125522,accepted/125522,accepted,accepted,yes,
286122,Chrysogorgia geniculata,ok,accepted/286122,accepted/286122,accepted,accepted,yes,
513622,Tromikosoma panamense,ok,accepted/513622,accepted/513622,accepted,accepted,yes,
218951,Choerodon schoenleinii,ok,accepted/218951,accepted/218951,accepted,accepted,yes,
282915,Symphorus nematophorus,ok,accepted/282915,accepted/282915,accepted,accepted,yes,
117728,Ptychogena lactea,ok,accepted/117728,accepted/117728,accepted,accepted,yes,
109476,Gyrodinium,ok,accepted/109476,accepted/109476,accepted,accepted,yes,
212049,Sphyraena qenie,ok,accepted/212049,accepted/212049,accepted,accepted,yes,
218579,Gymnocranius grandoculis,ok,accepted/218579,accepted/218579,accepted,accepted,yes,
238752,Planctoteuthis,ok,accepted/238752,accepted/238752,accepted,accepted,yes,
302312,Caranx bartholomaei,ok,accepted/302312,accepted/302312,accepted,accepted,yes,
1340,Hexacorallia,ok,accepted/1340,accepted/1340,accepted,accepted,yes,
107046,Plesionika,ok,accepted/107046,accepted/107046,accepted,accepted,yes,
219670,Naso thynnoides,ok,accepted/219670,accepted/219670,accepted,accepted,yes,
276534,Lutjanus erythropterus,ok,accepted/276534,accepted/276534,accepted,accepted,yes,
1607504,Grimothea planipes,ok,accepted/1607504,accepted/1607504,accepted,accepted,yes,
117161,Mitrocoma,ok,accepted/117161,accepted/117161,accepted,accepted,yes,
159793,Lutjanus apodus,ok,accepted/159793,accepted/159793,accepted,accepted,yes,
123337,Lophaster,ok,accepted/123337,accepted/123337,accepted,accepted,yes,
219651,Acanthurus mata,ok,accepted/219651,accepted/219651,accepted,accepted,yes,
280144,Cherublemma emmelas,ok,accepted/280144,accepted/280144,accepted,accepted,yes,
1829,Agnatha,ok,accepted/1829,accepted/1829,accepted,accepted,yes,
213662,Pterocaesio chrysozona,ok,accepted/213662,accepted/213662,accepted,accepted,yes,
123466,Paelopatides,ok,accepted/123466,accepted/123466,accepted,accepted,yes,
274819,Sebastes melanostomus,ok,accepted/274819,accepted/274819,accepted,accepted,yes,
709095,Antedonoidea,ok,accepted/709095,accepted/709095,accepted,accepted,yes,
123124,Pedicellasteridae,ok,accepted/123124,accepted/123124,accepted,accepted,yes,
226344,Boreomysis (Boreomysis) californica,ok,accepted/226344,accepted/226344,accepted,accepted,yes,
234573,Lycodapus,ok,accepted/234573,accepted/234573,accepted,accepted,yes,
218490,Lutjanus fulviflamma,ok,accepted/218490,accepted/218490,accepted,accepted,yes,
272075,Bathypterois pectinatus,ok,accepted/272075,accepted/272075,accepted,accepted,yes,
146142,Bryozoa,ok,accepted/146142,accepted/146142,accepted,accepted,yes,
281319,Leptojulis cyanopleura,ok,accepted/281319,accepted/281319,accepted,accepted,yes,
738387,Apolemia lanosa,ok,accepted/738387,accepted/738387,accepted,accepted,yes,
106789,Pandalidae,ok,accepted/106789,accepted/106789,accepted,accepted,yes,
158512,Apristurus brunneus,ok,accepted/158512,accepted/158512,accepted,accepted,yes,
939,Polynoidae,ok,accepted/939,accepted/939,accepted,accepted,yes,
2041,Hirudinea,ok,accepted/2041,accepted/2041,accepted,accepted,yes,
218744,Chaetodon citrinellus,ok,accepted/218744,accepted/218744,accepted,accepted,yes,
218998,Hemigymnus melapterus,ok,accepted/218998,accepted/218998,accepted,accepted,yes,
287206,Chrysaora fuscescens,ok,accepted/287206,accepted/287206,accepted,accepted,yes,
1324693,Akoya platinum,ok,accepted/1324693,accepted/1324693,accepted,accepted,yes,
127397,Balistes vetula,ok,accepted/127397,accepted/127397,accepted,accepted,yes,
387263,Gymnopraia lapislazula,ok,accepted/387263,accepted/387263,accepted,accepted,yes,
132112,Caulophacus,ok,accepted/132112,accepted/132112,accepted,accepted,yes,
277106,Stethojulis bandanensis,ok,accepted/277106,accepted/277106,accepted,accepted,yes,
282206,Pentapodus emeryii,ok,accepted/282206,accepted/282206,accepted,accepted,yes,
1845639,Neoanthomastus tahinodus,ok,accepted/1845639,accepted/1845639,accepted,accepted,yes,
279354,Icichthys lockingtoni,ok,accepted/279354,accepted/279354,accepted,accepted,yes,
218706,Kyphosus vaigiensis,ok,accepted/218706,accepted/218706,accepted,accepted,yes,
298829,Bathyraja microtrachys,ok,accepted/298829,accepted/298829,accepted,accepted,yes,
581485,Epizoanthus stellaris,ok,accepted/581485,accepted/581485,accepted,accepted,yes,
1250534,Tottonophyes enigmatica,ok,accepted/1250534,accepted/1250534,accepted,accepted,yes,
100784,Corallimorphus,ok,accepted/100784,accepted/100784,accepted,accepted,yes,
410385,Onykia robusta,ok,accepted/410385,accepted/410385,accepted,accepted,yes,
218717,Chaetodon ulietensis,ok,accepted/218717,accepted/218717,accepted,accepted,yes,
126393,Anoplogaster cornuta,ok,accepted/126393,accepted/126393,accepted,accepted,yes,
218475,Lutjanus fulvus,ok,accepted/218475,accepted/218475,accepted,accepted,yes,
218948,Cheilio inermis,ok,accepted/218948,accepted/218948,accepted,accepted,yes,
218954,Cirrhilabrus exquisitus,ok,accepted/218954,accepted/218954,accepted,accepted,yes,
100698,Bolocera,ok,accepted/100698,accepted/100698,accepted,accepted,yes,
135396,Forskalia,ok,accepted/135396,accepted/135396,accepted,accepted,yes,
218975,Gomphosus varius,ok,accepted/218975,accepted/218975,accepted,accepted,yes,
134391,Farrea occa,ok,accepted/134391,accepted/134391,accepted,accepted,yes,
212056,Sphyraena obtusata,ok,accepted/212056,accepted/212056,accepted,accepted,yes,
281482,Macropinna microstoma,ok,accepted/281482,accepted/281482,accepted,accepted,yes,
1820,Enteropneusta,ok,accepted/1820,accepted/1820,accepted,accepted,yes,
10217,Chimaeriformes,ok,accepted/10217,accepted/10217,accepted,accepted,yes,
218494,Lutjanus rivulatus,ok,accepted/218494,accepted/218494,accepted,accepted,yes,
218536,Diagramma pictum,ok,accepted/218536,accepted/218536,accepted,accepted,yes,
218849,Stegastes nigricans,ok,accepted/218849,accepted/218849,accepted,accepted,yes,
517784,Sibogagorgia cauliflora,ok,accepted/517784,accepted/517784,accepted,accepted,yes,
1131,Isopoda,ok,accepted/1131,accepted/1131,accepted,accepted,yes,
103308,Stichopathes,ok,accepted/103308,accepted/103308,accepted,accepted,yes,
219879,Melichthys vidua,ok,accepted/219879,accepted/219879,accepted,accepted,yes,
528219,Bathysiphon major,ok,accepted/528219,accepted/528219,accepted,accepted,yes,
282212,Pentapodus vitta,ok,accepted/282212,accepted/282212,accepted,accepted,yes,
117854,Colobonema sericeum,ok,accepted/117854,accepted/117854,accepted,accepted,yes,
135306,Aurelia aurita,ok,accepted/135306,accepted/135306,accepted,accepted,yes,
100969,Iosactis vagabunda,ok,accepted/100969,accepted/100969,accepted,accepted,yes,
135457,Desmophyes annectens,ok,accepted/135457,accepted/135457,accepted,accepted,yes,
219039,Oxycheilinus bimaculatus,ok,accepted/219039,accepted/219039,accepted,accepted,yes,
220003,Pomacanthus semicirculatus,ok,accepted/220003,accepted/220003,accepted,accepted,yes,
292350,Mitrocoma cellularia,ok,accepted/292350,accepted/292350,accepted,accepted,yes,
325345,Pteropoda,ok,accepted/325345,accepted/325345,accepted,accepted,yes,
19494,Hydroidolina,ok,accepted/19494,accepted/19494,accepted,accepted,yes,
159350,Diplectrum formosum,ok,accepted/159350,accepted/159350,accepted,accepted,yes,
292732,Asthenactis fisheri,ok,accepted/292732,accepted/292732,accepted,accepted,yes,
219129,Scarus niger,ok,accepted/219129,accepted/219129,accepted,accepted,yes,
304153,Chromis enchrysurus,ok,accepted/304153,accepted/304153,accepted,accepted,yes,
123119,Brisingidae,ok,accepted/123119,accepted/123119,accepted,accepted,yes,
280334,Coelorinchus scaphopsis,ok,accepted/280334,accepted/280334,accepted,accepted,yes,
126370,Bathysaurus mollis,ok,accepted/126370,accepted/126370,accepted,accepted,yes,
413514,Swima,ok,accepted/413514,accepted/413514,accepted,accepted,yes,
135309,Phacellophora camtschatica,ok,accepted/135309,accepted/135309,accepted,accepted,yes,
272510,Physiculus rastrelliger,ok,accepted/272510,accepted/272510,accepted,accepted,yes,
117517,Eutonina indicans,ok,accepted/117517,accepted/117517,accepted,accepted,yes,
135294,Periphylla periphylla,ok,accepted/135294,accepted/135294,accepted,accepted,yes,
366801,Pagurus tanneri,ok,accepted/366801,accepted/366801,accepted,accepted,yes,
117030,Clytia,ok,accepted/117030,accepted/117030,accepted,accepted,yes,
271418,Hydrolagus trolli,ok,accepted/271418,accepted/271418,accepted,accepted,yes,
282143,Pareques umbrosus,ok,accepted/282143,accepted/282143,accepted,accepted,yes,
218305,Variola albimarginata,ok,accepted/218305,accepted/218305,accepted,accepted,yes,
218941,Cheilinus chlorourus,ok,accepted/218941,accepted/218941,accepted,accepted,yes,
291114,Stellamedusa ventana,ok,accepted/291114,accepted/291114,accepted,accepted,yes,
135409,Chuniphyes multidentata,ok,accepted/135409,accepted/135409,accepted,accepted,yes,
287287,Marrus claudanielis,ok,accepted/287287,accepted/287287,accepted,accepted,yes,
291224,Tiburonia granrojo,ok,accepted/291224,accepted/291224,accepted,accepted,yes,
123532,Psychropotes,ok,accepted/123532,accepted/123532,accepted,accepted,yes,
128498,Protoptilum,ok,accepted/128498,accepted/128498,accepted,accepted,yes,
219629,Acanthurus leucocheilus,ok,accepted/219629,accepted/219629,accepted,accepted,yes,
219890,Rhinecanthus aculeatus,ok,accepted/219890,accepted/219890,accepted,accepted,yes,
1510270,Anthomastinae,ok,accepted/1510270,accepted/1510270,accepted,accepted,yes,
117108,Halicreas,ok,accepted/117108,accepted/117108,accepted,accepted,yes,
103732,Ciona intestinalis,ok,accepted/103732,accepted/103732,accepted,accepted,yes,
387273,Kephyes ovata,ok,accepted/387273,accepted/387273,accepted,accepted,yes,
125523,Carangidae,ok,accepted/125523,accepted/125523,accepted,accepted,yes,
204972,Cirrhilabrus,ok,accepted/204972,accepted/204972,accepted,accepted,yes,
212078,Lethrinus genivittatus,ok,accepted/212078,accepted/212078,accepted,accepted,yes,
324619,Poeobius,ok,accepted/324619,accepted/324619,accepted,accepted,yes,
342305,Enteroctopus dofleini,ok,accepted/342305,accepted/342305,accepted,accepted,yes,
132115,Hertwigia,ok,accepted/132115,accepted/132115,accepted,accepted,yes,
888374,Actinostoloidea,ok,accepted/888374,accepted/888374,accepted,accepted,yes,
117622,Halitrephes maasi,ok,accepted/117622,accepted/117622,accepted,accepted,yes,
212062,Lethrinus miniatus,ok,accepted/212062,accepted/212062,accepted,accepted,yes,
219638,Acanthurus nigricans,ok,accepted/219638,accepted/219638,accepted,accepted,yes,
103394,Bathochordaeus charon,ok,accepted/103394,accepted/103394,accepted,accepted,yes,
243097,Asteronyx longifissus,ok,accepted/243097,accepted/243097,accepted,accepted,yes,
137701,Buccinum,ok,accepted/137701,accepted/137701,accepted,accepted,yes,
254592,Lycenchelys crotalinus,ok,accepted/254592,accepted/254592,accepted,accepted,yes,
1817568,Culeolus barryi,ok,accepted/1817568,accepted/1817568,accepted,accepted,yes,
368114,Luidia foliolata,ok,accepted/368114,accepted/368114,accepted,accepted,yes,
135369,Vogtia,ok,accepted/135369,accepted/135369,accepted,accepted,yes,
218181,Cephalopholis urodeta,ok,accepted/218181,accepted/218181,accepted,accepted,yes,
101417,Hyperiidae,ok,accepted/101417,accepted/101417,accepted,accepted,yes,
123135,Goniasteridae,ok,accepted/123135,accepted/123135,accepted,accepted,yes,
125295,Iridogorgia,ok,accepted/125295,accepted/125295,accepted,accepted,yes,
126446,Trisopterus minutus,ok,accepted/126446,accepted/126446,accepted,accepted,yes,
212242,Amanses scopas,ok,accepted/212242,accepted/212242,accepted,accepted,yes,
273911,Siganus doliatus,ok,accepted/273911,accepted/273911,accepted,accepted,yes,
125770,Physiculus,ok,accepted/125770,accepted/125770,accepted,accepted,yes,
278851,Centropyge tibicen,ok,accepted/278851,accepted/278851,accepted,accepted,yes,
218933,Bodianus axillaris,ok,accepted/218933,accepted/218933,accepted,accepted,yes,
106833,Uroptychus,ok,accepted/106833,accepted/106833,accepted,accepted,yes,
117218,Pantachogon,ok,accepted/117218,accepted/117218,accepted,accepted,yes,
135205,Fungiacyathus (Bathyactis) marenzelleri,ok,accepted/135205,accepted/135205,accepted,accepted,yes,
1302,Pycnogonida,ok,accepted/1302,accepted/1302,accepted,accepted,yes,
103304,Bathypathes,ok,accepted/103304,accepted/103304,accepted,accepted,yes,
125449,Synodontidae,ok,accepted/125449,accepted/125449,accepted,accepted,yes,
212815,Chromis cinerascens,ok,accepted/212815,accepted/212815,accepted,accepted,yes,
218438,Seriolina nigrofasciata,ok,accepted/218438,accepted/218438,accepted,accepted,yes,
272531,Trachipterus altivelis,ok,accepted/272531,accepted/272531,accepted,accepted,yes,
277272,Choerodon jordani,ok,accepted/277272,accepted/277272,accepted,accepted,yes,
280123,Chaetodontoplus personifer,ok,accepted/280123,accepted/280123,accepted,accepted,yes,
1445254,Turneroconcha magnifica,ok,accepted/1445254,accepted/1445254,accepted,accepted,yes,
218485,Lutjanus lemniscatus,ok,accepted/218485,accepted/218485,accepted,accepted,yes,
851422,Tritonia tetraquetra,ok,accepted/851422,accepted/851422,accepted,accepted,yes,
123336,Crossaster,ok,accepted/123336,accepted/123336,accepted,accepted,yes,
123471,Synallactes,ok,accepted/123471,accepted/123471,accepted,accepted,yes,
212085,Lethrinus obsoletus,ok,accepted/212085,accepted/212085,accepted,accepted,yes,
219634,Acanthurus xanthopterus,ok,accepted/219634,accepted/219634,accepted,accepted,yes,
1080,Copepoda,ok,accepted/1080,accepted/1080,accepted,accepted,yes,
135494,Marrus orthocanna,ok,accepted/135494,accepted/135494,accepted,accepted,yes,
171579,Poliopogon,ok,accepted/171579,accepted/171579,accepted,accepted,yes,
272620,Oneirodes acanthias,ok,accepted/272620,accepted/272620,accepted,accepted,yes,
125355,Metallogorgia melanotrichos,ok,accepted/125355,accepted/125355,accepted,accepted,yes,
158585,Gymnothorax saxicola,ok,accepted/158585,accepted/158585,accepted,accepted,yes,
172963,Bathyphellia australis,ok,accepted/172963,accepted/172963,accepted,accepted,yes,
218753,Chaetodon unimaculatus,ok,accepted/218753,accepted/218753,accepted,accepted,yes,
280118,Chaetodontoplus duboulayi,ok,accepted/280118,accepted/280118,accepted,accepted,yes,
991848,Sebastes (Sebastomus),ok,accepted/991848,accepted/991848,accepted,accepted,yes,
55,Polyplacophora,ok,accepted/55,accepted/55,accepted,accepted,yes,
143770,Zosteraceae,ok,accepted/143770,accepted/143770,accepted,accepted,yes,
901,Sabellida,ok,accepted/901,accepted/901,accepted,accepted,yes,
135074,Dendrophylliidae,ok,accepted/135074,accepted/135074,accepted,accepted,yes,
135311,Stygiomedusa gigantea,ok,accepted/135311,accepted/135311,accepted,accepted,yes,
218497,Lutjanus quinquelineatus,ok,accepted/218497,accepted/218497,accepted,accepted,yes,
277862,Cirrhilabrus randalli,ok,accepted/277862,accepted/277862,accepted,accepted,yes,
278009,Naso reticulatus,ok,accepted/278009,accepted/278009,accepted,accepted,yes,
341806,Galiteuthis pacifica,ok,accepted/341806,accepted/341806,accepted,accepted,yes,
1042871,Mobula alfredi,ok,accepted/1042871,accepted/1042871,accepted,accepted,yes,
273731,Chromis insolata,ok,accepted/273731,accepted/273731,accepted,accepted,yes,
515722,Glyphocrangon vicaria,ok,accepted/515722,accepted/515722,accepted,accepted,yes,
125438,Atherinidae,ok,accepted/125438,accepted/125438,accepted,accepted,yes,
135504,Physophora hydrostatica,ok,accepted/135504,accepted/135504,accepted,accepted,yes,
171972,Acanthascus (Rhabdocalyptus),ok,accepted/171972,accepted/171972,accepted,accepted,yes,
218205,Epinephelus tauvina,ok,accepted/218205,accepted/218205,accepted,accepted,yes,
219046,Pseudodax moluccanus,ok,accepted/219046,accepted/219046,accepted,accepted,yes,
219624,Acanthurus leucopareius,ok,accepted/219624,accepted/219624,accepted,accepted,yes,
265037,Tjalfiella,ok,accepted/265037,accepted/265037,accepted,accepted,yes,
273554,Coris dorsomacula,ok,accepted/273554,accepted/273554,accepted,accepted,yes,
276040,Scarus chameleon,ok,accepted/276040,accepted/276040,accepted,accepted,yes,
280133,Chaunacops coloratus,ok,accepted/280133,accepted/280133,accepted,accepted,yes,
378126,Neolithodes diomedeae,ok,accepted/378126,accepted/378126,accepted,accepted,yes,
713915,Fariometra parvula,ok,accepted/713915,accepted/713915,accepted,accepted,yes,
100753,Amphianthus,ok,accepted/100753,accepted/100753,accepted,accepted,yes,
107018,Acanthephyra,ok,accepted/107018,accepted/107018,accepted,accepted,yes,
126809,Elagatis bipinnulata,ok,accepted/126809,accepted/126809,accepted,accepted,yes,
129405,Paradiopatra,ok,accepted/129405,accepted/129405,accepted,accepted,yes,
218689,Upeneus tragula,ok,accepted/218689,accepted/218689,accepted,accepted,yes,
265979,Osedax frankpressi,ok,accepted/265979,accepted/265979,accepted,accepted,yes,
137873,Corolla,ok,accepted/137873,accepted/137873,accepted,accepted,yes,
277595,Amblyglyphidodon aureus,ok,accepted/277595,accepted/277595,accepted,accepted,yes,
736980,Xenophyophoroidea,ok,accepted/736980,accepted/736980,accepted,accepted,yes,
125505,Ophidiidae,ok,accepted/125505,accepted/125505,accepted,accepted,yes,
135379,Rosacea,ok,accepted/135379,accepted/135379,accepted,accepted,yes,
234519,Liparidae,ok,accepted/234519,accepted/234519,accepted,accepted,yes,
273326,Chaetodon aureofasciatus,ok,accepted/273326,accepted/273326,accepted,accepted,yes,
125285,Anthomastus,ok,accepted/125285,accepted/125285,accepted,accepted,yes,
135387,Erenna,ok,accepted/135387,accepted/135387,accepted,accepted,yes,
138036,Gonatus,ok,accepted/138036,accepted/138036,accepted,accepted,yes,
854442,Bolocera kensmithi,ok,accepted/854442,accepted/854442,accepted,accepted,yes,
132096,Hyalonema,ok,accepted/132096,accepted/132096,accepted,accepted,yes,
218474,Lutjanus monostigma,ok,accepted/218474,accepted/218474,accepted,accepted,yes,
231787,Akashiwo,ok,accepted/231787,accepted/231787,accepted,accepted,yes,
258647,Acanthamunnopsis milleri,ok,accepted/258647,accepted/258647,accepted,accepted,yes,
219885,Pseudobalistes fuscus,ok,accepted/219885,accepted/219885,accepted,accepted,yes,
276920,Dermatolepis inermis,ok,accepted/276920,accepted/276920,accepted,accepted,yes,
430687,Sphaeronectes haddocki,ok,accepted/430687,accepted/430687,accepted,accepted,yes,
217625,Chanos chanos,ok,accepted/217625,accepted/217625,accepted,accepted,yes,
218275,Pseudanthias cooperi,ok,accepted/218275,accepted/218275,accepted,accepted,yes,
266010,Riftia pachyptila,ok,accepted/266010,accepted/266010,accepted,accepted,yes,
273335,Chaetodon ephippium,ok,accepted/273335,accepted/273335,accepted,accepted,yes,
278635,Lethrinus laticaudis,ok,accepted/278635,accepted/278635,accepted,accepted,yes,
278682,Chelmon marginalis,ok,accepted/278682,accepted/278682,accepted,accepted,yes,
280564,Dischistodus prosopotaenia,ok,accepted/280564,accepted/280564,accepted,accepted,yes,
342329,Gonatopsis octopedatus,ok,accepted/342329,accepted/342329,accepted,accepted,yes,
106858,Parapagurus,ok,accepted/106858,accepted/106858,accepted,accepted,yes,
115088,Phaeocystis,ok,accepted/115088,accepted/115088,accepted,accepted,yes,
117619,Haliscera bigelowi,ok,accepted/117619,accepted/117619,accepted,accepted,yes,
218864,Cyprinocirrhites polyactis,ok,accepted/218864,accepted/218864,accepted,accepted,yes,
559389,Leachia danae,ok,accepted/559389,accepted/559389,accepted,accepted,yes,
212844,Dascyllus reticulatus,ok,accepted/212844,accepted/212844,accepted,accepted,yes,
219666,Naso fageni,ok,accepted/219666,accepted/219666,accepted,accepted,yes,
392544,Munidopsis kensmithi,ok,accepted/392544,accepted/392544,accepted,accepted,yes,
123148,Antedonidae,ok,accepted/123148,accepted/123148,accepted,accepted,yes,
125575,Zoarcidae,ok,accepted/125575,accepted/125575,accepted,accepted,yes,
159486,Xanthichthys ringens,ok,accepted/159486,accepted/159486,accepted,accepted,yes,
125803,Melanocetus,ok,accepted/125803,accepted/125803,accepted,accepted,yes,
137849,Helicocranchia,ok,accepted/137849,accepted/137849,accepted,accepted,yes,
254890,Hippasteria californica,ok,accepted/254890,accepted/254890,accepted,accepted,yes,
263978,Vanhoeffenura pulchra,ok,accepted/263978,accepted/263978,accepted,accepted,yes,
103446,Octacnemidae,ok,accepted/103446,accepted/103446,accepted,accepted,yes,
137797,Thliptodon,ok,accepted/137797,accepted/137797,accepted,accepted,yes,
139492,Corolla spectabilis,ok,accepted/139492,accepted/139492,accepted,accepted,yes,
11782,Octopodidae,ok,accepted/11782,accepted/11782,accepted,accepted,yes,
218263,Plectropomus areolatus,ok,accepted/218263,accepted/218263,accepted,accepted,yes,
218378,Malacanthus brevirostris,ok,accepted/218378,accepted/218378,accepted,accepted,yes,
218470,Aphareus furca,ok,accepted/218470,accepted/218470,accepted,accepted,yes,
759256,Jasonisis,ok,accepted/759256,accepted/759256,accepted,accepted,yes,
212546,Aprion virescens,ok,accepted/212546,accepted/212546,accepted,accepted,yes,
1589884,Faxiella abietina,ok,accepted/1589884,accepted/1589884,accepted,accepted,yes,
171425,Hyalonema (Corynonema) populiferum,ok,accepted/171425,accepted/171425,accepted,accepted,yes,
206485,Porites,ok,accepted/206485,accepted/206485,accepted,accepted,yes,
218197,Epinephelus polyphekadion,ok,accepted/218197,accepted/218197,accepted,accepted,yes,
218590,Argyrops spinifer,ok,accepted/218590,accepted/218590,accepted,accepted,yes,
278912,Neopomacentrus filamentosus,ok,accepted/278912,accepted/278912,accepted,accepted,yes,
466942,Smithsonius dorothea,ok,accepted/466942,accepted/466942,accepted,accepted,yes,
550625,Lithodes couesi,ok,accepted/550625,accepted/550625,accepted,accepted,yes,
274287,Glyptocephalus zachirus,ok,accepted/274287,accepted/274287,accepted,accepted,yes,
274774,Sebastes aurora,ok,accepted/274774,accepted/274774,accepted,accepted,yes,
285347,Crossota millsae,ok,accepted/285347,accepted/285347,accepted,accepted,yes,
1466530,Axoniderma kensmithi,ok,accepted/1466530,accepted/1466530,accepted,accepted,yes,
119842,Boreomysis,ok,accepted/119842,accepted/119842,accepted,accepted,yes,
125937,Decapterus,ok,accepted/125937,accepted/125937,accepted,accepted,yes,
135357,Clausophyes,ok,accepted/135357,accepted/135357,accepted,accepted,yes,
137931,Abraliopsis,ok,accepted/137931,accepted/137931,accepted,accepted,yes,
277160,Pomacentrus nagasakiensis,ok,accepted/277160,accepted/277160,accepted,accepted,yes,
125325,Corallium,ok,accepted/125325,accepted/125325,accepted,accepted,yes,
1741213,Heterocapsa,ok,accepted/1741213,accepted/1741213,accepted,accepted,yes,
22617,Colossendeidae,ok,accepted/22617,accepted/22617,accepted,accepted,yes,
138124,Acesta,ok,accepted/138124,accepted/138124,accepted,accepted,yes,
172005,Acanthascus (Staurocalyptus) solidus,ok,accepted/172005,accepted/172005,accepted,accepted,yes,
218434,Scomberoides lysan,ok,accepted/218434,accepted/218434,accepted,accepted,yes,
219154,Parapercis nebulosa,ok,accepted/219154,accepted/219154,accepted,accepted,yes,
273924,Siganus trispilos,ok,accepted/273924,accepted/273924,accepted,accepted,yes,
279389,Lycodapus fierasfer,ok,accepted/279389,accepted/279389,accepted,accepted,yes,
125683,Scopelarchus,ok,accepted/125683,accepted/125683,accepted,accepted,yes,
139178,Clione limacina,ok,accepted/139178,accepted/139178,accepted,accepted,yes,
582421,Radiozoa,ok,accepted/582421,accepted/582421,accepted,accepted,yes,
105829,Harriotta raleighana,ok,accepted/105829,accepted/105829,accepted,accepted,yes,
132117,Regadrella,ok,accepted/132117,accepted/132117,accepted,accepted,yes,
218411,Caranx papuensis,ok,accepted/218411,accepted/218411,accepted,accepted,yes,
218414,Caranx ignobilis,ok,accepted/218414,accepted/218414,accepted,accepted,yes,
219111,Scarus oviceps,ok,accepted/219111,accepted/219111,accepted,accepted,yes,
220058,Cantherhines pardalis,ok,accepted/220058,accepted/220058,accepted,accepted,yes,
292723,Solaster hypothrissus,ok,accepted/292723,accepted/292723,accepted,accepted,yes,
103517,Culeolus,ok,accepted/103517,accepted/103517,accepted,accepted,yes,
105797,Carcharhinus plumbeus,ok,accepted/105797,accepted/105797,accepted,accepted,yes,
106361,Beroe gracilis,ok,accepted/106361,accepted/106361,accepted,accepted,yes,
267926,Trissopathes,ok,accepted/267926,accepted/267926,accepted,accepted,yes,
269456,Hypoplectrus,ok,accepted/269456,accepted/269456,accepted,accepted,yes,
274806,Sebastes jordani,ok,accepted/274806,accepted/274806,accepted,accepted,yes,
515232,Eualus macrophthalmus,ok,accepted/515232,accepted/515232,accepted,accepted,yes,
100769,Liponema,ok,accepted/100769,accepted/100769,accepted,accepted,yes,
196986,Bathybembix,ok,accepted/196986,accepted/196986,accepted,accepted,yes,
212071,Lethrinus microdon,ok,accepted/212071,accepted/212071,accepted,accepted,yes,
219001,Hologymnosus doliatus,ok,accepted/219001,accepted/219001,accepted,accepted,yes,
272040,Anotopterus nikparini,ok,accepted/272040,accepted/272040,accepted,accepted,yes,
273492,Plectorhinchus multivittatus,ok,accepted/273492,accepted/273492,accepted,accepted,yes,
276793,Abalistes filamentosus,ok,accepted/276793,accepted/276793,accepted,accepted,yes,
378132,Paralomis verrilli,ok,accepted/378132,accepted/378132,accepted,accepted,yes,
51,Mollusca,ok,accepted/51,accepted/51,accepted,accepted,yes,
11713,Sepiida,ok,accepted/11713,accepted/11713,accepted,accepted,yes,
124969,Gorgonocephalus eucnemis,ok,accepted/124969,accepted/124969,accepted,accepted,yes,
128531,Umbellula lindahli,ok,accepted/128531,accepted/128531,accepted,accepted,yes,
159240,Calamus,ok,accepted/159240,accepted/159240,accepted,accepted,yes,
282166,Parmaturus xaniurus,ok,accepted/282166,accepted/282166,accepted,accepted,yes,
382214,Buccinoidea,ok,accepted/382214,accepted/382214,accepted,accepted,yes,
218734,Chaetodon lineolatus,ok,accepted/218734,accepted/218734,accepted,accepted,yes,
218916,Anampses geographicus,ok,accepted/218916,accepted/218916,accepted,accepted,yes,
279172,Anampses lennardi,ok,accepted/279172,accepted/279172,accepted,accepted,yes,
282740,Sebastolobus alascanus,ok,accepted/282740,accepted/282740,accepted,accepted,yes,
101361,Caprellidae,ok,accepted/101361,accepted/101361,accepted,accepted,yes,
105761,Bathyraja,ok,accepted/105761,accepted/105761,accepted,accepted,yes,
171812,Sclerothamnus,ok,accepted/171812,accepted/171812,accepted,accepted,yes,
345446,Heteropolypus,ok,accepted/345446,accepted/345446,accepted,accepted,yes,
562642,Munidopsidae,ok,accepted/562642,accepted/562642,accepted,accepted,yes,
123189,Psolidae,ok,accepted/123189,accepted/123189,accepted,accepted,yes,
123461,Benthothuria,ok,accepted/123461,accepted/123461,accepted,accepted,yes,
124956,Ophiocreas oedipus,ok,accepted/124956,accepted/124956,accepted,accepted,yes,
125804,Dibranchus,ok,accepted/125804,accepted/125804,accepted,accepted,yes,
140573,Notobranchaea macdonaldi,ok,accepted/140573,accepted/140573,accepted,accepted,yes,
286612,Paragorgia yutlinux,ok,accepted/286612,accepted/286612,accepted,accepted,yes,
135408,Chuniphyes moserae,ok,accepted/135408,accepted/135408,accepted,accepted,yes,
224426,Clio andreae,ok,accepted/224426,accepted/224426,accepted,accepted,yes,
254772,Myxoderma,ok,accepted/254772,accepted/254772,accepted,accepted,yes,
274775,Sebastes babcocki,ok,accepted/274775,accepted/274775,accepted,accepted,yes,
302801,Kali kerberti,ok,accepted/302801,accepted/302801,accepted,accepted,yes,
420556,Clio polita,ok,accepted/420556,accepted/420556,accepted,accepted,yes,
1823003,Archivesica extenta,ok,accepted/1823003,accepted/1823003,accepted,accepted,yes,
100715,Sicyonis,ok,accepted/100715,accepted/100715,accepted,accepted,yes,
123338,Solaster,ok,accepted/123338,accepted/123338,accepted,accepted,yes,
135392,Nanomia,ok,accepted/135392,accepted/135392,accepted,accepted,yes,
138584,Calliostoma,ok,accepted/138584,accepted/138584,accepted,accepted,yes,
218184,Cephalopholis miniata,ok,accepted/218184,accepted/218184,accepted,accepted,yes,
238742,Grimalditeuthis bonplandii,ok,accepted/238742,accepted/238742,accepted,accepted,yes,
267936,Umbellapathes,ok,accepted/267936,accepted/267936,accepted,accepted,yes,
274788,Sebastes elongatus,ok,accepted/274788,accepted/274788,accepted,accepted,yes,
287649,Calyptrophora angularis,ok,accepted/287649,accepted/287649,accepted,accepted,yes,
100716,Stomphia,ok,accepted/100716,accepted/100716,accepted,accepted,yes,
117620,Haliscera conica,ok,accepted/117620,accepted/117620,accepted,accepted,yes,
117849,Aglantha digitale,ok,accepted/117849,accepted/117849,accepted,accepted,yes,
135307,Deepstaria enigmatica,ok,accepted/135307,accepted/135307,accepted,accepted,yes,
1875386,Paracandidella gigantea,ok,accepted/1875386,accepted/1875386,accepted,accepted,yes,
123192,Laetmogonidae,ok,accepted/123192,accepted/123192,accepted,accepted,yes,
125669,Bathypterois,ok,accepted/125669,accepted/125669,accepted,accepted,yes,
218648,Mulloidichthys vanicolensis,ok,accepted/218648,accepted/218648,accepted,accepted,yes,
219090,Hipposcarus harid,ok,accepted/219090,accepted/219090,accepted,accepted,yes,
277158,Pomacentrus milleri,ok,accepted/277158,accepted/277158,accepted,accepted,yes,
474993,Halichoeres claudia,ok,accepted/474993,accepted/474993,accepted,accepted,yes,
1392940,Balticina californica,ok,accepted/1392940,accepted/1392940,accepted,accepted,yes,
123125,Zoroasteridae,ok,accepted/123125,accepted/123125,accepted,accepted,yes,
135412,Clausophyes moserae,ok,accepted/135412,accepted/135412,accepted,accepted,yes,
398549,Chaetodon lunulatus,ok,accepted/398549,accepted/398549,accepted,accepted,yes,
845703,Tetronarce californica,ok,accepted/845703,accepted/845703,accepted,accepted,yes,
127203,Myoxocephalus scorpius,ok,accepted/127203,accepted/127203,accepted,accepted,yes,
139033,Clio pyramidata,ok,accepted/139033,accepted/139033,accepted,accepted,yes,
208917,Pseudocheilinus evanidus,ok,accepted/208917,accepted/208917,accepted,accepted,yes,
212047,Sphyraena forsteri,ok,accepted/212047,accepted/212047,accepted,accepted,yes,
218995,Halichoeres nigrescens,ok,accepted/218995,accepted/218995,accepted,accepted,yes,
254843,Rathbunaster,ok,accepted/254843,accepted/254843,accepted,accepted,yes,
273561,Coris pictoides,ok,accepted/273561,accepted/273561,accepted,accepted,yes,
275872,Desmodema lorum,ok,accepted/275872,accepted/275872,accepted,accepted,yes,
277281,Choerodon vitta,ok,accepted/277281,accepted/277281,accepted,accepted,yes,
287215,Deepstaria reticulum,ok,accepted/287215,accepted/287215,accepted,accepted,yes,
135079,Pocilloporidae,ok,accepted/135079,accepted/135079,accepted,accepted,yes,
286154,Iridogorgia magnispiralis,ok,accepted/286154,accepted/286154,accepted,accepted,yes,
474893,Hydrolagus melanophasma,ok,accepted/474893,accepted/474893,accepted,accepted,yes,
112300,Bathysiphon,ok,accepted/112300,accepted/112300,accepted,accepted,yes,
126678,Spectrunculus grandis,ok,accepted/126678,accepted/126678,accepted,accepted,yes,
135280,Atolla parva,ok,accepted/135280,accepted/135280,accepted,accepted,yes,
218833,Neoglyphidodon melas,ok,accepted/218833,accepted/218833,accepted,accepted,yes,
254549,Careproctus melanurus,ok,accepted/254549,accepted/254549,accepted,accepted,yes,
275774,Halichoeres melanochir,ok,accepted/275774,accepted/275774,accepted,accepted,yes,
392515,Munidopsis depressa,ok,accepted/392515,accepted/392515,accepted,accepted,yes,
587954,Swima fulgida,ok,accepted/587954,accepted/587954,accepted,accepted,yes,
1516570,Aphanostichopathes spiessi,ok,accepted/1516570,accepted/1516570,accepted,accepted,yes,
125498,Myctophidae,ok,accepted/125498,accepted/125498,accepted,accepted,yes,
212256,Albula vulpes,ok,accepted/212256,accepted/212256,accepted,accepted,yes,
221237,Crossota alba,ok,accepted/221237,accepted/221237,accepted,accepted,yes,
107027,Systellaspis,ok,accepted/107027,accepted/107027,accepted,accepted,yes,
123586,Gorgonocephalus,ok,accepted/123586,accepted/123586,accepted,accepted,yes,
135371,Desmophyes,ok,accepted/135371,accepted/135371,accepted,accepted,yes,
159658,Uraspis secunda,ok,accepted/159658,accepted/159658,accepted,accepted,yes,
218920,Anampses caeruleopunctatus,ok,accepted/218920,accepted/218920,accepted,accepted,yes,
219938,Canthigaster bennetti,ok,accepted/219938,accepted/219938,accepted,accepted,yes,
254505,Bathyagonus nigripinnis,ok,accepted/254505,accepted/254505,accepted,accepted,yes,
273920,Siganus puellus,ok,accepted/273920,accepted/273920,accepted,accepted,yes,
274784,Sebastes cortezi,ok,accepted/274784,accepted/274784,accepted,accepted,yes,
278223,Gunnellichthys pleurotaenia,ok,accepted/278223,accepted/278223,accepted,accepted,yes,
367819,Pleurobranchaea californica,ok,accepted/367819,accepted/367819,accepted,accepted,yes,
123239,Benthopecten,ok,accepted/123239,accepted/123239,accepted,accepted,yes,
238741,Grimalditeuthis,ok,accepted/238741,accepted/238741,accepted,accepted,yes,
276870,Bathycongrus macrurus,ok,accepted/276870,accepted/276870,accepted,accepted,yes,
410402,Stigmatoteuthis dofleini,ok,accepted/410402,accepted/410402,accepted,accepted,yes,
107021,Hymenodora,ok,accepted/107021,accepted/107021,accepted,accepted,yes,
123390,Strongylocentrotus,ok,accepted/123390,accepted/123390,accepted,accepted,yes,
171837,Bolosoma,ok,accepted/171837,accepted/171837,accepted,accepted,yes,
218218,Epinephelus fuscoguttatus,ok,accepted/218218,accepted/218218,accepted,accepted,yes,
241373,Apostichopus,ok,accepted/241373,accepted/241373,accepted,accepted,yes,
273065,Apogon pacificus,ok,accepted/273065,accepted/273065,accepted,accepted,yes,
273922,Siganus punctatus,ok,accepted/273922,accepted/273922,accepted,accepted,yes,
274844,Sebastes ruberrimus,ok,accepted/274844,accepted/274844,accepted,accepted,yes,
280690,Eopsetta jordani,ok,accepted/280690,accepted/280690,accepted,accepted,yes,
382206,Provannidae,ok,accepted/382206,accepted/382206,accepted,accepted,yes,
723286,Heteropathes,ok,accepted/723286,accepted/723286,accepted,accepted,yes,
1609357,Malacalcyonacea,ok,accepted/1609357,accepted/1609357,accepted,accepted,yes,
125270,Clavulariidae,ok,accepted/125270,accepted/125270,accepted,accepted,yes,
129107,Lamellibrachia,ok,accepted/129107,accepted/129107,accepted,accepted,yes,
274848,Sebastes saxicola,ok,accepted/274848,accepted/274848,accepted,accepted,yes,
380338,Dipsacaster eximius,ok,accepted/380338,accepted/380338,accepted,accepted,yes,
408873,Aulosphaera,ok,accepted/408873,accepted/408873,accepted,accepted,yes,
439300,Chorilia,ok,accepted/439300,accepted/439300,accepted,accepted,yes,
517255,Tergivelum baldwinae,ok,accepted/517255,accepted/517255,accepted,accepted,yes,
854424,Sicyonis careyi,ok,accepted/854424,accepted/854424,accepted,accepted,yes,
1605693,Antillimunida bapensis,ok,accepted/1605693,accepted/1605693,accepted,accepted,yes,
106986,Eualus,ok,accepted/106986,accepted/106986,accepted,accepted,yes,
123088,Paxillosida,ok,accepted/123088,accepted/123088,accepted,accepted,yes,
217557,Nettastoma parviceps,ok,accepted/217557,accepted/217557,accepted,accepted,yes,
219683,Zebrasoma flavescens,ok,accepted/219683,accepted/219683,accepted,accepted,yes,
277507,Chlorurus microrhinos,ok,accepted/277507,accepted/277507,accepted,accepted,yes,
284470,Branchiocerianthus imperator,ok,accepted/284470,accepted/284470,accepted,accepted,yes,
559444,Hormiphora californensis,ok,accepted/559444,accepted/559444,accepted,accepted,yes,
834998,Careproctus kamikawai,ok,accepted/834998,accepted/834998,accepted,accepted,yes,
103272,Phronima sedentaria,ok,accepted/103272,accepted/103272,accepted,accepted,yes,
106317,Beroidae,ok,accepted/106317,accepted/106317,accepted,accepted,yes,
123237,Zoroaster,ok,accepted/123237,accepted/123237,accepted,accepted,yes,
137694,Bathyteuthis,ok,accepted/137694,accepted/137694,accepted,accepted,yes,
159282,Holacanthus,ok,accepted/159282,accepted/159282,accepted,accepted,yes,
279397,Bothrocara brunneum,ok,accepted/279397,accepted/279397,accepted,accepted,yes,
283473,Stomphia didemon,ok,accepted/283473,accepted/283473,accepted,accepted,yes,
1039825,Ostiactis pearseae,ok,accepted/1039825,accepted/1039825,accepted,accepted,yes,
100707,Actinoscyphia,ok,accepted/100707,accepted/100707,accepted,accepted,yes,
125805,Chaenophryne,ok,accepted/125805,accepted/125805,accepted,accepted,yes,
160784,Aporocidaris milleri,ok,accepted/160784,accepted/160784,accepted,accepted,yes,
196675,Craseoa,ok,accepted/196675,accepted/196675,accepted,accepted,yes,
217355,Loxodon macrorhinus,ok,accepted/217355,accepted/217355,accepted,accepted,yes,
255003,Zalophus californianus,ok,accepted/255003,accepted/255003,accepted,accepted,yes,
281243,Labracinus lineatus,ok,accepted/281243,accepted/281243,accepted,accepted,yes,
762387,Hippasteria muscipula,ok,accepted/762387,accepted/762387,accepted,accepted,yes,
1268,Sipuncula,ok,accepted/1268,accepted/1268,accepted,accepted,yes,
10216,Rajiformes,ok,accepted/10216,accepted/10216,accepted,accepted,yes,
106989,Lebbeus,ok,accepted/106989,accepted/106989,accepted,accepted,yes,
135350,Rhodaliidae,ok,accepted/135350,accepted/135350,accepted,accepted,yes,
137273,Salpa maxima,ok,accepted/137273,accepted/137273,accepted,accepted,yes,
221212,Ptychogena hyperborea,ok,accepted/221212,accepted/221212,accepted,accepted,yes,
224570,Caenogastropoda,ok,accepted/224570,accepted/224570,accepted,accepted,yes,
264871,Tjalfiellidae,ok,accepted/264871,accepted/264871,accepted,accepted,yes,
267835,Sibogagorgia,ok,accepted/267835,accepted/267835,accepted,accepted,yes,
278525,Lophiodes caulinaris,ok,accepted/278525,accepted/278525,accepted,accepted,yes,
286152,Iridogorgia bella,ok,accepted/286152,accepted/286152,accepted,accepted,yes,
342326,Gonatopsis borealis,ok,accepted/342326,accepted/342326,accepted,accepted,yes,
889341,Erenna insidiator,ok,accepted/889341,accepted/889341,accepted,accepted,yes,
1267,Cnidaria,ok,accepted/1267,accepted/1267,accepted,accepted,yes,
16349,Narcomedusae,ok,accepted/16349,accepted/16349,accepted,accepted,yes,
106393,Bolinopsis infundibulum,ok,accepted/106393,accepted/106393,accepted,accepted,yes,
123276,Henricia,ok,accepted/123276,accepted/123276,accepted,accepted,yes,
126104,Lycodes,ok,accepted/126104,accepted/126104,accepted,accepted,yes,
129096,Siboglinidae,ok,accepted/129096,accepted/129096,accepted,accepted,yes,
131689,Farreidae,ok,accepted/131689,accepted/131689,accepted,accepted,yes,
181386,Cranchia scabra,ok,accepted/181386,accepted/181386,accepted,accepted,yes,
219995,Caesio caerulaurea,ok,accepted/219995,accepted/219995,accepted,accepted,yes,
273279,Decapterus muroadsi,ok,accepted/273279,accepted/273279,accepted,accepted,yes,
276539,Lutjanus guttatus,ok,accepted/276539,accepted/276539,accepted,accepted,yes,
278002,Oxycheilinus unifasciatus,ok,accepted/278002,accepted/278002,accepted,accepted,yes,
278530,Lophiodes miacanthus,ok,accepted/278530,accepted/278530,accepted,accepted,yes,
279298,Eptatretus stoutii,ok,accepted/279298,accepted/279298,accepted,accepted,yes,
384681,Arctomelon stearnsii,ok,accepted/384681,accepted/384681,accepted,accepted,yes,
430686,Sphaeronectes christiansonae,ok,accepted/430686,accepted/430686,accepted,accepted,yes,
57,Neoloricata,ok,accepted/57,accepted/57,accepted,accepted,yes,
111,Fissurellidae,ok,accepted/111,accepted/111,accepted,accepted,yes,
100709,Actinostola,ok,accepted/100709,accepted/100709,accepted,accepted,yes,
135385,Agalma,ok,accepted/135385,accepted/135385,accepted,accepted,yes,
137217,Salpidae,ok,accepted/137217,accepted/137217,accepted,accepted,yes,
150637,Eutrigla gurnardus,ok,accepted/150637,accepted/150637,accepted,accepted,yes,
218500,Macolor macularis,ok,accepted/218500,accepted/218500,accepted,accepted,yes,
240745,Ophiodon elongatus,ok,accepted/240745,accepted/240745,accepted,accepted,yes,
265827,Thalassocalyce inconstans,ok,accepted/265827,accepted/265827,accepted,accepted,yes,
341428,Gonatopsis,ok,accepted/341428,accepted/341428,accepted,accepted,yes,
341855,Gonatus berryi,ok,accepted/341855,accepted/341855,accepted,accepted,yes,
730564,Docosaccus maculatus,ok,accepted/730564,accepted/730564,accepted,accepted,yes,
762391,Hippasteria lepidonotus,ok,accepted/762391,accepted/762391,accepted,accepted,yes,
1496012,Ramuligorgia militaris,ok,accepted/1496012,accepted/1496012,accepted,accepted,yes,
1601,Hydractiniidae,ok,accepted/1601,accepted/1601,accepted,accepted,yes,
104040,Terebratulina,ok,accepted/104040,accepted/104040,accepted,accepted,yes,
105814,Scyliorhinus canicula,ok,accepted/105814,accepted/105814,accepted,accepted,yes,
137272,Salpa fusiformis,ok,accepted/137272,accepted/137272,accepted,accepted,yes,
160734,Echinothuriidae,ok,accepted/160734,accepted/160734,accepted,accepted,yes,
212074,Lethrinus erythropterus,ok,accepted/212074,accepted/212074,accepted,accepted,yes,
218932,Bodianus bilunulatus,ok,accepted/218932,accepted/218932,accepted,accepted,yes,
272560,Gigantactis gargantua,ok,accepted/272560,accepted/272560,accepted,accepted,yes,
273352,Chaetodon ornatissimus,ok,accepted/273352,accepted/273352,accepted,accepted,yes,
274781,Sebastes chlorostictus,ok,accepted/274781,accepted/274781,accepted,accepted,yes,
278899,Hipposcarus longiceps,ok,accepted/278899,accepted/278899,accepted,accepted,yes,
514273,Hymenodora frontalis,ok,accepted/514273,accepted/514273,accepted,accepted,yes,
100685,Corallimorphidae,ok,accepted/100685,accepted/100685,accepted,accepted,yes,
106055,Scalpellidae,ok,accepted/106055,accepted/106055,accepted,accepted,yes,
117264,Aegina rosea,ok,accepted/117264,accepted/117264,accepted,accepted,yes,
125518,Apogonidae,ok,accepted/125518,accepted/125518,accepted,accepted,yes,
128504,Anthoptilum grandiflorum,ok,accepted/128504,accepted/128504,accepted,accepted,yes,
132102,Chonelasma,ok,accepted/132102,accepted/132102,accepted,accepted,yes,
171884,Walteria flemmingii,ok,accepted/171884,accepted/171884,accepted,accepted,yes,
205273,Diomedea,ok,accepted/205273,accepted/205273,accepted,accepted,yes,
272326,Coryphaenoides cinereus,ok,accepted/272326,accepted/272326,accepted,accepted,yes,
272613,Dibranchus spinosus,ok,accepted/272613,accepted/272613,accepted,accepted,yes,
505422,Acesta sphoni,ok,accepted/505422,accepted/505422,accepted,accepted,yes,
589796,Cerataspis monstrosus,ok,accepted/589796,accepted/589796,accepted,accepted,yes,
124154,Crossaster papposus,ok,accepted/124154,accepted/124154,accepted,accepted,yes,
125849,Cataetyx,ok,accepted/125849,accepted/125849,accepted,accepted,yes,
126807,Decapterus macarellus,ok,accepted/126807,accepted/126807,accepted,accepted,yes,
127121,Pachycara bulbiceps,ok,accepted/127121,accepted/127121,accepted,accepted,yes,
127143,Pleuronectes platessa,ok,accepted/127143,accepted/127143,accepted,accepted,yes,
135372,Lilyopsis,ok,accepted/135372,accepted/135372,accepted,accepted,yes,
169507,Stelodoryx,ok,accepted/169507,accepted/169507,accepted,accepted,yes,
171858,Dictyaulus,ok,accepted/171858,accepted/171858,accepted,accepted,yes,
206458,Hipposcarus,ok,accepted/206458,accepted/206458,accepted,accepted,yes,
219884,Pseudobalistes flavimarginatus,ok,accepted/219884,accepted/219884,accepted,accepted,yes,
249571,Megalodicopia,ok,accepted/249571,accepted/249571,accepted,accepted,yes,
267397,Dofleinia,ok,accepted/267397,accepted/267397,accepted,accepted,yes,
273355,Chaetodon punctatofasciatus,ok,accepted/273355,accepted/273355,accepted,accepted,yes,
277278,Choerodon rubescens,ok,accepted/277278,accepted/277278,accepted,accepted,yes,
423366,Eualus suckleyi,ok,accepted/423366,accepted/423366,accepted,accepted,yes,
719527,Notobranchaea grandis,ok,accepted/719527,accepted/719527,accepted,accepted,yes,
730558,Bathydorus laniger,ok,accepted/730558,accepted/730558,accepted,accepted,yes,
994317,Alternatipathes,ok,accepted/994317,accepted/994317,accepted,accepted,yes,
101395,Lysianassidae,ok,accepted/101395,accepted/101395,accepted,accepted,yes,
109566,Prorocentrum,ok,accepted/109566,accepted/109566,accepted,accepted,yes,
123330,Pythonaster,ok,accepted/123330,accepted/123330,accepted,accepted,yes,
123601,Ophioplinthaca,ok,accepted/123601,accepted/123601,accepted,accepted,yes,
158952,Coryphaenoides armatus,ok,accepted/158952,accepted/158952,accepted,accepted,yes,
171836,Bolosominae,ok,accepted/171836,accepted/171836,accepted,accepted,yes,
196538,Physophora gilmeri,ok,accepted/196538,accepted/196538,accepted,accepted,yes,
280077,Cephalurus cephalus,ok,accepted/280077,accepted/280077,accepted,accepted,yes,
280696,Eretmichthys pinnatus,ok,accepted/280696,accepted/280696,accepted,accepted,yes,
283171,Xeneretmus latifrons,ok,accepted/283171,accepted/283171,accepted,accepted,yes,
381961,Poraniopsis inflata,ok,accepted/381961,accepted/381961,accepted,accepted,yes,
1071,Malacostraca,ok,accepted/1071,accepted/1071,accepted,accepted,yes,
1269,Echiura,ok,accepted/1269,accepted/1269,accepted,accepted,yes,
117083,Eutonina,ok,accepted/117083,accepted/117083,accepted,accepted,yes,
125595,Scorpaenidae,ok,accepted/125595,accepted/125595,accepted,accepted,yes,
125913,Apogon,ok,accepted/125913,accepted/125913,accepted,accepted,yes,
171415,Hyalonema (Corynonema),ok,accepted/171415,accepted/171415,accepted,accepted,yes,
171966,Acanthascus,ok,accepted/171966,accepted/171966,accepted,accepted,yes,
218766,Heniochus singularius,ok,accepted/218766,accepted/218766,accepted,accepted,yes,
218960,Coris gaimard,ok,accepted/218960,accepted/218960,accepted,accepted,yes,
219125,Scarus psittacus,ok,accepted/219125,accepted/219125,accepted,accepted,yes,
231637,Latrunculia (Latrunculia),ok,accepted/231637,accepted/231637,accepted,accepted,yes,
265008,Osedax,ok,accepted/265008,accepted/265008,accepted,accepted,yes,
274685,Pontinus furcirhinus,ok,accepted/274685,accepted/274685,accepted,accepted,yes,
278179,Pseudochromis fuscus,ok,accepted/278179,accepted/278179,accepted,accepted,yes,
278269,Torquigener pallimaculatus,ok,accepted/278269,accepted/278269,accepted,accepted,yes,
280924,Gonioplectrus hispanus,ok,accepted/280924,accepted/280924,accepted,accepted,yes,
282012,Parachaetodon ocellatus,ok,accepted/282012,accepted/282012,accepted,accepted,yes,
342364,Magnapinna pacifica,ok,accepted/342364,accepted/342364,accepted,accepted,yes,
1310482,Sternostylus perarmatus,ok,accepted/1310482,accepted/1310482,accepted,accepted,yes,
106731,Sergestidae,ok,accepted/106731,accepted/106731,accepted,accepted,yes,
117143,Ptychogena,ok,accepted/117143,accepted/117143,accepted,accepted,yes,
123155,Hyocrinidae,ok,accepted/123155,accepted/123155,accepted,accepted,yes,
124951,Asteronyx loveni,ok,accepted/124951,accepted/124951,accepted,accepted,yes,
281452,Lyopsetta exilis,ok,accepted/281452,accepted/281452,accepted,accepted,yes,
738388,Apolemia rubriversa,ok,accepted/738388,accepted/738388,accepted,accepted,yes,
117743,Melicertum octocostatum,ok,accepted/117743,accepted/117743,accepted,accepted,yes,
123529,Benthodytes,ok,accepted/123529,accepted/123529,accepted,accepted,yes,
125839,Halosaurus,ok,accepted/125839,accepted/125839,accepted,accepted,yes,
127006,Rachycentron canadum,ok,accepted/127006,accepted/127006,accepted,accepted,yes,
135436,Lensia multicristata,ok,accepted/135436,accepted/135436,accepted,accepted,yes,
135502,Forskalia formosa,ok,accepted/135502,accepted/135502,accepted,accepted,yes,
146121,Psolus,ok,accepted/146121,accepted/146121,accepted,accepted,yes,
146534,Balticina,ok,accepted/146534,accepted/146534,accepted,accepted,yes,
153683,Stolonifera,ok,accepted/153683,accepted/153683,accepted,accepted,yes,
177833,Calyptrophora,ok,accepted/177833,accepted/177833,accepted,accepted,yes,
219076,Calotomus carolinus,ok,accepted/219076,accepted/219076,accepted,accepted,yes,
219875,Balistoides viridescens,ok,accepted/219875,accepted/219875,accepted,accepted,yes,
277005,Parapercis multiplicata,ok,accepted/277005,accepted/277005,accepted,accepted,yes,
277159,Pomacentrus moluccensis,ok,accepted/277159,accepted/277159,accepted,accepted,yes,
277813,Parupeneus chrysopleuron,ok,accepted/277813,accepted/277813,accepted,accepted,yes,
278004,Naso caesius,ok,accepted/278004,accepted/278004,accepted,accepted,yes,
280778,Feroxodon multistriatus,ok,accepted/280778,accepted/280778,accepted,accepted,yes,
1045634,Victorgorgia alba,ok,accepted/1045634,accepted/1045634,accepted,accepted,yes,
106760,Majidae,ok,accepted/106760,accepted/106760,accepted,accepted,yes,
118256,Ischnomesidae,ok,accepted/118256,accepted/118256,accepted,accepted,yes,
119822,Mysidae,ok,accepted/119822,accepted/119822,accepted,accepted,yes,
123403,Tromikosoma,ok,accepted/123403,accepted/123403,accepted,accepted,yes,
125297,Radicipes,ok,accepted/125297,accepted/125297,accepted,accepted,yes,
125856,Bassozetus,ok,accepted/125856,accepted/125856,accepted,accepted,yes,
128497,Distichoptilum,ok,accepted/128497,accepted/128497,accepted,accepted,yes,
135452,Vogtia serrata,ok,accepted/135452,accepted/135452,accepted,accepted,yes,
139047,Hyalocylis striata,ok,accepted/139047,accepted/139047,accepted,accepted,yes,
173875,Psathyrometra,ok,accepted/173875,accepted/173875,accepted,accepted,yes,
235265,Laqueus,ok,accepted/235265,accepted/235265,accepted,accepted,yes,
274562,Paraliparis cephalus,ok,accepted/274562,accepted/274562,accepted,accepted,yes,
274847,Sebastes rufus,ok,accepted/274847,accepted/274847,accepted,accepted,yes,
1607500,Grimothea quadrispina,ok,accepted/1607500,accepted/1607500,accepted,accepted,yes,
920,Acrocirridae,ok,accepted/920,accepted/920,accepted,accepted,yes,
16350,Trachymedusae,ok,accepted/16350,accepted/16350,accepted,accepted,yes,
103367,Oikopleura,ok,accepted/103367,accepted/103367,accepted,accepted,yes,
125515,Acanthuridae,ok,accepted/125515,accepted/125515,accepted,accepted,yes,
125541,Labridae,ok,accepted/125541,accepted/125541,accepted,accepted,yes,
135190,Enallopsammia rostrata,ok,accepted/135190,accepted/135190,accepted,accepted,yes,
137751,Clio,ok,accepted/137751,accepted/137751,accepted,accepted,yes,
146953,Gersemia,ok,accepted/146953,accepted/146953,accepted,accepted,yes,
159259,Tylosurus crocodilus,ok,accepted/159259,accepted/159259,accepted,accepted,yes,
159491,Aluterus scriptus,ok,accepted/159491,accepted/159491,accepted,accepted,yes,
211780,Centropyge bicolor,ok,accepted/211780,accepted/211780,accepted,accepted,yes,
219004,Iniistius pavo,ok,accepted/219004,accepted/219004,accepted,accepted,yes,
219035,Novaculichthys taeniourus,ok,accepted/219035,accepted/219035,accepted,accepted,yes,
219334,Plagiotremus rhinorhynchos,ok,accepted/219334,accepted/219334,accepted,accepted,yes,
219957,Lagocephalus lunaris,ok,accepted/219957,accepted/219957,accepted,accepted,yes,
276025,Pomacanthus paru,ok,accepted/276025,accepted/276025,accepted,accepted,yes,
276046,Scarus forsteni,ok,accepted/276046,accepted/276046,accepted,accepted,yes,
277266,Choerodon cephalotes,ok,accepted/277266,accepted/277266,accepted,accepted,yes,
277558,Hologymnosus rhodonotus,ok,accepted/277558,accepted/277558,accepted,accepted,yes,
278006,Naso lopezi,ok,accepted/278006,accepted/278006,accepted,accepted,yes,
283836,Corynactis californica,ok,accepted/283836,accepted/283836,accepted,accepted,yes,
291570,Asthenactis,ok,accepted/291570,accepted/291570,accepted,accepted,yes,
371986,Ecklonia cava,ok,accepted/371986,accepted/371986,accepted,accepted,yes,
528619,Hansenothuria,ok,accepted/528619,accepted/528619,accepted,accepted,yes,
117248,Modeeria,ok,accepted/117248,accepted/117248,accepted,accepted,yes,
123291,Ceramaster,ok,accepted/123291,accepted/123291,accepted,accepted,yes,
126406,Cetostoma regani,ok,accepted/126406,accepted/126406,accepted,accepted,yes,
128489,Anthoptilum,ok,accepted/128489,accepted/128489,accepted,accepted,yes,
138265,Bathypolypus,ok,accepted/138265,accepted/138265,accepted,accepted,yes,
159376,Holocentrus,ok,accepted/159376,accepted/159376,accepted,accepted,yes,
171713,Heterorete,ok,accepted/171713,accepted/171713,accepted,accepted,yes,
171844,Saccocalyx,ok,accepted/171844,accepted/171844,accepted,accepted,yes,
171852,Atlantisella,ok,accepted/171852,accepted/171852,accepted,accepted,yes,
218228,Epinephelus merra,ok,accepted/218228,accepted/218228,accepted,accepted,yes,
571625,Cystechinus giganteus,ok,accepted/571625,accepted/571625,accepted,accepted,yes,
16842,Rhopalonematidae,ok,accepted/16842,accepted/16842,accepted,accepted,yes,
106749,Cancridae,ok,accepted/106749,accepted/106749,accepted,accepted,yes,
107044,Pandalus,ok,accepted/107044,accepted/107044,accepted,accepted,yes,
123427,Brisaster,ok,accepted/123427,accepted/123427,accepted,accepted,yes,
126637,Aldrovandia affinis,ok,accepted/126637,accepted/126637,accepted,accepted,yes,
135264,Deepstaria,ok,accepted/135264,accepted/135264,accepted,accepted,yes,
212211,Thalassoma quinquevittatum,ok,accepted/212211,accepted/212211,accepted,accepted,yes,
218783,Chrysiptera glauca,ok,accepted/218783,accepted/218783,accepted,accepted,yes,
218945,Cheilinus undulatus,ok,accepted/218945,accepted/218945,accepted,accepted,yes,
219144,Parapercis xanthozona,ok,accepted/219144,accepted/219144,accepted,accepted,yes,
219621,Ptereleotris monoptera,ok,accepted/219621,accepted/219621,accepted,accepted,yes,
266964,Schizopathidae,ok,accepted/266964,accepted/266964,accepted,accepted,yes,
267770,Pseudoanthomastus,ok,accepted/267770,accepted/267770,accepted,accepted,yes,
273548,Coris auricularis,ok,accepted/273548,accepted/273548,accepted,accepted,yes,
276248,Cantherhines dumerilii,ok,accepted/276248,accepted/276248,accepted,accepted,yes,
276256,Monacanthus chinensis,ok,accepted/276256,accepted/276256,accepted,accepted,yes,
278217,Rhynchobatus australiae,ok,accepted/278217,accepted/278217,accepted,accepted,yes,
278918,Paramonacanthus choirocephalus,ok,accepted/278918,accepted/278918,accepted,accepted,yes,
280391,Coradion chrysozonus,ok,accepted/280391,accepted/280391,accepted,accepted,yes,
283780,Sagartiogeton californicus,ok,accepted/283780,accepted/283780,accepted,accepted,yes,
292719,Lophaster furcilliger,ok,accepted/292719,accepted/292719,accepted,accepted,yes,
430688,Sphaeronectes tiburonae,ok,accepted/430688,accepted/430688,accepted,accepted,yes,
712648,Ostorhinchus aureus,ok,accepted/712648,accepted/712648,accepted,accepted,yes,
724718,Bathyalcyon robustum,ok,accepted/724718,accepted/724718,accepted,accepted,yes,
10295,Anguilliformes,ok,accepted/10295,accepted/10295,accepted,accepted,yes,
103306,Parantipathes,ok,accepted/103306,accepted/103306,accepted,accepted,yes,
117267,Solmundella bitentaculata,ok,accepted/117267,accepted/117267,accepted,accepted,yes,
123404,Caenopedina,ok,accepted/123404,accepted/123404,accepted,accepted,yes,
131688,Euretidae,ok,accepted/131688,accepted/131688,accepted,accepted,yes,
135261,Chrysaora,ok,accepted/135261,accepted/135261,accepted,accepted,yes,
152565,Pseudostichopus mollis,ok,accepted/152565,accepted/152565,accepted,accepted,yes,
219886,Rhinecanthus rectangulus,ok,accepted/219886,accepted/219886,accepted,accepted,yes,
250823,Megalodicopia hians,ok,accepted/250823,accepted/250823,accepted,accepted,yes,
274820,Sebastes miniatus,ok,accepted/274820,accepted/274820,accepted,accepted,yes,
283382,Bolocera pannosa,ok,accepted/283382,accepted/283382,accepted,accepted,yes,
292833,Thrissacanthias penicillatus,ok,accepted/292833,accepted/292833,accepted,accepted,yes,
536747,Rubyspira osteovora,ok,accepted/536747,accepted/536747,accepted,accepted,yes,
1750630,Cephalopholis colonus,ok,accepted/1750630,accepted/1750630,accepted,accepted,yes,
13551,Anthoathecata,ok,accepted/13551,accepted/13551,accepted,accepted,yes,
105799,Galeocerdo cuvier,ok,accepted/105799,accepted/105799,accepted,accepted,yes,
106783,Glyphocrangonidae,ok,accepted/106783,accepted/106783,accepted,accepted,yes,
117567,Geryonia proboscidalis,ok,accepted/117567,accepted/117567,accepted,accepted,yes,
126156,Careproctus,ok,accepted/126156,accepted/126156,accepted,accepted,yes,
126792,Callionymus lyra,ok,accepted/126792,accepted/126792,accepted,accepted,yes,
127407,Aluterus monoceros,ok,accepted/127407,accepted/127407,accepted,accepted,yes,
137281,Thetys vagina,ok,accepted/137281,accepted/137281,accepted,accepted,yes,
138878,Buccinum undatum,ok,accepted/138878,accepted/138878,accepted,accepted,yes,
171623,Tretopleura,ok,accepted/171623,accepted/171623,accepted,accepted,yes,
204083,Parapercis,ok,accepted/204083,accepted/204083,accepted,accepted,yes,
212061,Lethrinus lentjan,ok,accepted/212061,accepted/212061,accepted,accepted,yes,
212066,Lethrinus erythracanthus,ok,accepted/212066,accepted/212066,accepted,accepted,yes,
218481,Lutjanus malabaricus,ok,accepted/218481,accepted/218481,accepted,accepted,yes,
218707,Kyphosus bigibbus,ok,accepted/218707,accepted/218707,accepted,accepted,yes,
219925,Arothron hispidus,ok,accepted/219925,accepted/219925,accepted,accepted,yes,
255087,Myxoderma sacculatum,ok,accepted/255087,accepted/255087,accepted,accepted,yes,
272464,Gadella jordani,ok,accepted/272464,accepted/272464,accepted,accepted,yes,
274116,Lycodes pacificus,ok,accepted/274116,accepted/274116,accepted,accepted,yes,
276026,Pomacanthus sexstriatus,ok,accepted/276026,accepted/276026,accepted,accepted,yes,
277575,Hemitaurichthys polylepis,ok,accepted/277575,accepted/277575,accepted,accepted,yes,
278215,Macropharyngodon negrosensis,ok,accepted/278215,accepted/278215,accepted,accepted,yes,
279310,Meiacanthus grammistes,ok,accepted/279310,accepted/279310,accepted,accepted,yes,
747071,Saxipendium implicatum,ok,accepted/747071,accepted/747071,accepted,accepted,yes,
958,Tomopteridae,ok,accepted/958,accepted/958,accepted,accepted,yes,
106739,Parapaguridae,ok,accepted/106739,accepted/106739,accepted,accepted,yes,
117209,Ptychogastria,ok,accepted/117209,accepted/117209,accepted,accepted,yes,
117212,Aglantha,ok,accepted/117212,accepted/117212,accepted,accepted,yes,
125436,Synaphobranchidae,ok,accepted/125436,accepted/125436,accepted,accepted,yes,
138293,Grimpoteuthis,ok,accepted/138293,accepted/138293,accepted,accepted,yes,
158959,Coryphaenoides leptolepis,ok,accepted/158959,accepted/158959,accepted,accepted,yes,
221388,Synaphobranchus brevidorsalis,ok,accepted/221388,accepted/221388,accepted,accepted,yes,
264997,Lyrocteis,ok,accepted/264997,accepted/264997,accepted,accepted,yes,
743703,Alcyonium varum,ok,accepted/743703,accepted/743703,accepted,accepted,yes,
767206,Proisocrinus ruberrimus,ok,accepted/767206,accepted/767206,accepted,accepted,yes,
872805,Pectis,ok,accepted/872805,accepted/872805,accepted,accepted,yes,
1306922,Alvinocaris costaricensis,ok,accepted/1306922,accepted/1306922,accepted,accepted,yes,
1310477,Sternostylus iaspis,ok,accepted/1310477,accepted/1310477,accepted,accepted,yes,
1585286,Tachygonetria,ok,accepted/1585286,accepted/1585286,accepted,accepted,yes,
1671461,Parachrysogorgia chryseis,ok,accepted/1671461,accepted/1671461,accepted,accepted,yes,
106041,Balanoidea,ok,accepted/106041,accepted/106041,accepted,accepted,yes,
118272,Aegidae,ok,accepted/118272,accepted/118272,accepted,accepted,yes,
125768,Lepidion,ok,accepted/125768,accepted/125768,accepted,accepted,yes,
126333,Alepisaurus ferox,ok,accepted/126333,accepted/126333,accepted,accepted,yes,
139035,Creseis virgula,ok,accepted/139035,accepted/139035,accepted,accepted,yes,
154232,Macrourinae,ok,accepted/154232,accepted/154232,accepted,accepted,yes,
211793,Genicanthus lamarck,ok,accepted/211793,accepted/211793,accepted,accepted,yes,
212063,Lethrinus harak,ok,accepted/212063,accepted/212063,accepted,accepted,yes,
217356,Negaprion acutidens,ok,accepted/217356,accepted/217356,accepted,accepted,yes,
218183,Cephalopholis sonnerati,ok,accepted/218183,accepted/218183,accepted,accepted,yes,
218200,Epinephelus coioides,ok,accepted/218200,accepted/218200,accepted,accepted,yes,
218473,Lutjanus russellii,ok,accepted/218473,accepted/218473,accepted,accepted,yes,
219640,Acanthurus nigrofuscus,ok,accepted/219640,accepted/219640,accepted,accepted,yes,
219648,Acanthurus pyroferus,ok,accepted/219648,accepted/219648,accepted,accepted,yes,
292733,Asthenactis papyraceus,ok,accepted/292733,accepted/292733,accepted,accepted,yes,
292735,Pythonaster pacificus,ok,accepted/292735,accepted/292735,accepted,accepted,yes,
341861,Gonatus pyros,ok,accepted/341861,accepted/341861,accepted,accepted,yes,
392037,Pseudomunida fragilis,ok,accepted/392037,accepted/392037,accepted,accepted,yes,
398330,Neotrygon kuhlii,ok,accepted/398330,accepted/398330,accepted,accepted,yes,
464362,Phreagena kilmeri,ok,accepted/464362,accepted/464362,accepted,accepted,yes,
100654,Actinoscyphiidae,ok,accepted/100654,accepted/100654,accepted,accepted,yes,
103356,Oikopleuridae,ok,accepted/103356,accepted/103356,accepted,accepted,yes,
123152,Thalassometridae,ok,accepted/123152,accepted/123152,accepted,accepted,yes,
135073,Caryophylliidae,ok,accepted/135073,accepted/135073,accepted,accepted,yes,
159342,Scomberomorus maculatus,ok,accepted/159342,accepted/159342,accepted,accepted,yes,
169106,Pyloderma,ok,accepted/169106,accepted/169106,accepted,accepted,yes,
171590,Semperella,ok,accepted/171590,accepted/171590,accepted,accepted,yes,
178019,Poraniopsis,ok,accepted/178019,accepted/178019,accepted,accepted,yes,
197392,Propeamussium meridionale,ok,accepted/197392,accepted/197392,accepted,accepted,yes,
272504,Physiculus nematopus,ok,accepted/272504,accepted/272504,accepted,accepted,yes,
274791,Sebastes entomelas,ok,accepted/274791,accepted/274791,accepted,accepted,yes,
274795,Sebastes flavidus,ok,accepted/274795,accepted/274795,accepted,accepted,yes,
274845,Sebastes rubrivinctus,ok,accepted/274845,accepted/274845,accepted,accepted,yes,
274869,Sebastes zacentrus,ok,accepted/274869,accepted/274869,accepted,accepted,yes,
277860,Cirrhilabrus punctatus,ok,accepted/277860,accepted/277860,accepted,accepted,yes,
281153,Icosteus aenigmaticus,ok,accepted/281153,accepted/281153,accepted,accepted,yes,
505421,Acesta mori,ok,accepted/505421,accepted/505421,accepted,accepted,yes,
607950,Heteroscleromorpha,ok,accepted/607950,accepted/607950,accepted,accepted,yes,
759254,Eknomisis,ok,accepted/759254,accepted/759254,accepted,accepted,yes,
1288557,Chrysogorgia monticola,ok,accepted/1288557,accepted/1288557,accepted,accepted,yes,
106732,Chirostylidae,ok,accepted/106732,accepted/106732,accepted,accepted,yes,
117856,Crossota rufobrunnea,ok,accepted/117856,accepted/117856,accepted,accepted,yes,
123144,Bathycrinidae,ok,accepted/123144,accepted/123144,accepted,accepted,yes,
123203,Gorgonocephalidae,ok,accepted/123203,accepted/123203,accepted,accepted,yes,
123524,Laetmogone,ok,accepted/123524,accepted/123524,accepted,accepted,yes,
125908,Acanthurus,ok,accepted/125908,accepted/125908,accepted,accepted,yes,
126072,Sillago,ok,accepted/126072,accepted/126072,accepted,accepted,yes,
126107,Pachycara,ok,accepted/126107,accepted/126107,accepted,accepted,yes,
129582,Spirobranchus,ok,accepted/129582,accepted/129582,accepted,accepted,yes,
131599,Poecilosclerida,ok,accepted/131599,accepted/131599,accepted,accepted,yes,
135110,Dendrophyllia,ok,accepted/135110,accepted/135110,accepted,accepted,yes,
135159,Desmophyllum dianthus,ok,accepted/135159,accepted/135159,accepted,accepted,yes,
159061,Bassogigas,ok,accepted/159061,accepted/159061,accepted,accepted,yes,
171733,Aspidoscopulia,ok,accepted/171733,accepted/171733,accepted,accepted,yes,
171885,Walteria leuckarti,ok,accepted/171885,accepted/171885,accepted,accepted,yes,
212079,Lethrinus xanthochilus,ok,accepted/212079,accepted/212079,accepted,accepted,yes,
213175,Hyporhamphus dussumieri,ok,accepted/213175,accepted/213175,accepted,accepted,yes,
218244,Epinephelus spilotoceps,ok,accepted/218244,accepted/218244,accepted,accepted,yes,
218710,Platax teira,ok,accepted/218710,accepted/218710,accepted,accepted,yes,
218740,Chaetodon speculum,ok,accepted/218740,accepted/218740,accepted,accepted,yes,
218784,Chrysiptera biocellata,ok,accepted/218784,accepted/218784,accepted,accepted,yes,
219074,Bolbometopon muricatum,ok,accepted/219074,accepted/219074,accepted,accepted,yes,
219616,Ptereleotris microlepis,ok,accepted/219616,accepted/219616,accepted,accepted,yes,
219712,Gymnosarda unicolor,ok,accepted/219712,accepted/219712,accepted,accepted,yes,
236135,Albatrossia pectoralis,ok,accepted/236135,accepted/236135,accepted,accepted,yes,
271755,Gnathophis cinctus,ok,accepted/271755,accepted/271755,accepted,accepted,yes,
273582,Thalassoma jansenii,ok,accepted/273582,accepted/273582,accepted,accepted,yes,
278464,Labropsis australis,ok,accepted/278464,accepted/278464,accepted,accepted,yes,
278740,Suezichthys cyanolaemus,ok,accepted/278740,accepted/278740,accepted,accepted,yes,
279576,Amblypomacentrus breviceps,ok,accepted/279576,accepted/279576,accepted,accepted,yes,
279625,Anisotremus virginicus,ok,accepted/279625,accepted/279625,accepted,accepted,yes,
341849,Abraliopsis felis,ok,accepted/341849,accepted/341849,accepted,accepted,yes,
367242,Gerres longirostris,ok,accepted/367242,accepted/367242,accepted,accepted,yes,
510498,Cidaroidea,ok,accepted/510498,accepted/510498,accepted,accepted,yes,
562645,Munididae,ok,accepted/562645,accepted/562645,accepted,accepted,yes,
1603,Tubulariidae,ok,accepted/1603,accepted/1603,accepted,accepted,yes,
106350,Bolinopsis,ok,accepted/106350,accepted/106350,accepted,accepted,yes,
106854,Pagurus,ok,accepted/106854,accepted/106854,accepted,accepted,yes,
110347,Bonelliidae,ok,accepted/110347,accepted/110347,accepted,accepted,yes,
123303,Plinthaster,ok,accepted/123303,accepted/123303,accepted,accepted,yes,
123508,Oneirophanta,ok,accepted/123508,accepted/123508,accepted,accepted,yes,
123581,Asteroschema,ok,accepted/123581,accepted/123581,accepted,accepted,yes,
125303,Acanella,ok,accepted/125303,accepted/125303,accepted,accepted,yes,
125320,Paracalyptrophora,ok,accepted/125320,accepted/125320,accepted,accepted,yes,
128485,Protoptilidae,ok,accepted/128485,accepted/128485,accepted,accepted,yes,
128524,Distichoptilum gracile,ok,accepted/128524,accepted/128524,accepted,accepted,yes,
131684,Hyalonematidae,ok,accepted/131684,accepted/131684,accepted,accepted,yes,
132110,Hexactinella,ok,accepted/132110,accepted/132110,accepted,accepted,yes,
135425,Lensia achilles,ok,accepted/135425,accepted/135425,accepted,accepted,yes,
171715,Lefroyella,ok,accepted/171715,accepted/171715,accepted,accepted,yes,
178680,Dipsacaster,ok,accepted/178680,accepted/178680,accepted,accepted,yes,
206578,Plectranthias,ok,accepted/206578,accepted/206578,accepted,accepted,yes,
218759,Forcipiger longirostris,ok,accepted/218759,accepted/218759,accepted,accepted,yes,
269412,Hollardia,ok,accepted/269412,accepted/269412,accepted,accepted,yes,
274814,Sebastes macdonaldi,ok,accepted/274814,accepted/274814,accepted,accepted,yes,
274836,Sebastes pinniger,ok,accepted/274836,accepted/274836,accepted,accepted,yes,
342463,Bathochordaeinae,ok,accepted/342463,accepted/342463,accepted,accepted,yes,
440388,Metacarcinus magister,ok,accepted/440388,accepted/440388,accepted,accepted,yes,
458856,Bathykorus,ok,accepted/458856,accepted/458856,accepted,accepted,yes,
1288558,Chrysogorgia pinnata,ok,accepted/1288558,accepted/1288558,accepted,accepted,yes,
1735215,Proisocrininae,ok,accepted/1735215,accepted/1735215,accepted,accepted,yes,
1261,Beroida,ok,accepted/1261,accepted/1261,accepted,accepted,yes,
106744,Homolidae,ok,accepted/106744,accepted/106744,accepted,accepted,yes,
106831,Eumunida,ok,accepted/106831,accepted/106831,accepted,accepted,yes,
107001,Rimicaris,ok,accepted/107001,accepted/107001,accepted,accepted,yes,
123216,Freyastera,ok,accepted/123216,accepted/123216,accepted,accepted,yes,
123582,Ophiocreas,ok,accepted/123582,accepted/123582,accepted,accepted,yes,
125302,Leptogorgia,ok,accepted/125302,accepted/125302,accepted,accepted,yes,
126436,Gadus morhua,ok,accepted/126436,accepted/126436,accepted,accepted,yes,
128483,Kophobelemnidae,ok,accepted/128483,accepted/128483,accepted,accepted,yes,
132019,Thenea,ok,accepted/132019,accepted/132019,accepted,accepted,yes,
171658,Chonelasmatinae,ok,accepted/171658,accepted/171658,accepted,accepted,yes,
205415,Melichthys,ok,accepted/205415,accepted/205415,accepted,accepted,yes,
217352,Carcharhinus albimarginatus,ok,accepted/217352,accepted/217352,accepted,accepted,yes,
217659,Plotosus lineatus,ok,accepted/217659,accepted/217659,accepted,accepted,yes,
218206,Epinephelus malabaricus,ok,accepted/218206,accepted/218206,accepted,accepted,yes,
218360,Priacanthus hamrur,ok,accepted/218360,accepted/218360,accepted,accepted,yes,
219028,Macropharyngodon meleagris,ok,accepted/219028,accepted/219028,accepted,accepted,yes,
219922,Arothron caeruleopunctatus,ok,accepted/219922,accepted/219922,accepted,accepted,yes,
254813,Circeaster pullus,ok,accepted/254813,accepted/254813,accepted,accepted,yes,
271824,Gymnothorax berndti,ok,accepted/271824,accepted/271824,accepted,accepted,yes,
273322,Chaetodon adiergastos,ok,accepted/273322,accepted/273322,accepted,accepted,yes,
273496,Plectorhinchus unicolor,ok,accepted/273496,accepted/273496,accepted,accepted,yes,
273736,Chromis limbaughi,ok,accepted/273736,accepted/273736,accepted,accepted,yes,
274778,Sebastes brevispinis,ok,accepted/274778,accepted/274778,accepted,accepted,yes,
278007,Naso maculatus,ok,accepted/278007,accepted/278007,accepted,accepted,yes,
278794,Iniistius aneitensis,ok,accepted/278794,accepted/278794,accepted,accepted,yes,
279173,Anampses melanurus,ok,accepted/279173,accepted/279173,accepted,accepted,yes,
279605,Anarrhichthys ocellatus,ok,accepted/279605,accepted/279605,accepted,accepted,yes,
281136,Icelinus filamentosus,ok,accepted/281136,accepted/281136,accepted,accepted,yes,
282098,Paraplotosus butleri,ok,accepted/282098,accepted/282098,accepted,accepted,yes,
282203,Pentapodus aureofasciatus,ok,accepted/282203,accepted/282203,accepted,accepted,yes,
428804,Scotoplanes clarki,ok,accepted/428804,accepted/428804,accepted,accepted,yes,
1311253,Hemicorallium laauense,ok,accepted/1311253,accepted/1311253,accepted,accepted,yes,
1841001,Plectorhinchus pica,ok,accepted/1841001,accepted/1841001,accepted,accepted,yes,
100706,Urticina,ok,accepted/100706,accepted/100706,accepted,accepted,yes,
100762,Phelliactis,ok,accepted/100762,accepted/100762,accepted,accepted,yes,
107276,Cancer pagurus,ok,accepted/107276,accepted/107276,accepted,accepted,yes,
117059,Corymorpha,ok,accepted/117059,accepted/117059,accepted,accepted,yes,
125656,Synaphobranchus,ok,accepted/125656,accepted/125656,accepted,accepted,yes,
125967,Epigonus,ok,accepted/125967,accepted/125967,accepted,accepted,yes,
126170,Pontinus,ok,accepted/126170,accepted/126170,accepted,accepted,yes,
126660,Thalassobathia pelagica,ok,accepted/126660,accepted/126660,accepted,accepted,yes,
158774,Porogadus,ok,accepted/158774,accepted/158774,accepted,accepted,yes,
174485,Anuropus,ok,accepted/174485,accepted/174485,accepted,accepted,yes,
206034,Solanderia,ok,accepted/206034,accepted/206034,accepted,accepted,yes,
265005,Oasisia,ok,accepted/265005,accepted/265005,accepted,accepted,yes,
267946,Victorgorgia,ok,accepted/267946,accepted/267946,accepted,accepted,yes,
269264,Grammatonotus,ok,accepted/269264,accepted/269264,accepted,accepted,yes,
271952,Ophichthus frontalis,ok,accepted/271952,accepted/271952,accepted,accepted,yes,
274454,Careproctus ovigerus,ok,accepted/274454,accepted/274454,accepted,accepted,yes,
275948,Liopropoma longilepis,ok,accepted/275948,accepted/275948,accepted,accepted,yes,
288080,Calibelemnon symmetricum,ok,accepted/288080,accepted/288080,accepted,accepted,yes,
289842,Dromalia alexandri,ok,accepted/289842,accepted/289842,accepted,accepted,yes,
340800,Bathymetrinae,ok,accepted/340800,accepted/340800,accepted,accepted,yes,
342057,Octopoteuthis deletron,ok,accepted/342057,accepted/342057,accepted,accepted,yes,
413515,Swima bombiviridis,ok,accepted/413515,accepted/413515,accepted,accepted,yes,
887866,Bathyceramaster,ok,accepted/887866,accepted/887866,accepted,accepted,yes,
1311238,Hemicorallium abyssale,ok,accepted/1311238,accepted/1311238,accepted,accepted,yes,
411,Aplacophora,ok,accepted/411,accepted/411,accepted,accepted,yes,
11774,Cranchiidae,ok,accepted/11774,accepted/11774,accepted,accepted,yes,
103302,Antipathes,ok,accepted/103302,accepted/103302,accepted,accepted,yes,
106860,Sympagurus,ok,accepted/106860,accepted/106860,accepted,accepted,yes,
107253,Homarus gammarus,ok,accepted/107253,accepted/107253,accepted,accepted,yes,
123146,Phrynocrinidae,ok,accepted/123146,accepted/123146,accepted,accepted,yes,
123339,Bathycrinus,ok,accepted/123339,accepted/123339,accepted,accepted,yes,
125509,Bathylagidae,ok,accepted/125509,accepted/125509,accepted,accepted,yes,
128488,Virgulariidae,ok,accepted/128488,accepted/128488,accepted,accepted,yes,
135356,Chuniphyes,ok,accepted/135356,accepted/135356,accepted,accepted,yes,
158993,Diplacanthopoma,ok,accepted/158993,accepted/158993,accepted,accepted,yes,
171611,Euryplegma,ok,accepted/171611,accepted/171611,accepted,accepted,yes,
171842,Hyalostylus,ok,accepted/171842,accepted/171842,accepted,accepted,yes,
171849,Amphidiscella,ok,accepted/171849,accepted/171849,accepted,accepted,yes,
212549,Anyperodon leucogrammicus,ok,accepted/212549,accepted/212549,accepted,accepted,yes,
217950,Sargocentron spiniferum,ok,accepted/217950,accepted/217950,accepted,accepted,yes,
218252,Epinephelus quoyanus,ok,accepted/218252,accepted/218252,accepted,accepted,yes,
218361,Priacanthus blochii,ok,accepted/218361,accepted/218361,accepted,accepted,yes,
218545,Plectorhinchus vittatus,ok,accepted/218545,accepted/218545,accepted,accepted,yes,
218700,Pempheris oualensis,ok,accepted/218700,accepted/218700,accepted,accepted,yes,
218704,Pempheris adusta,ok,accepted/218704,accepted/218704,accepted,accepted,yes,
218713,Platax batavianus,ok,accepted/218713,accepted/218713,accepted,accepted,yes,
218735,Chaetodon bennetti,ok,accepted/218735,accepted/218735,accepted,accepted,yes,
218854,Cirrhitichthys falco,ok,accepted/218854,accepted/218854,accepted,accepted,yes,
219052,Pteragogus flagellifer,ok,accepted/219052,accepted/219052,accepted,accepted,yes,
219063,Stethojulis interrupta,ok,accepted/219063,accepted/219063,accepted,accepted,yes,
219905,Ostracion meleagris,ok,accepted/219905,accepted/219905,accepted,accepted,yes,
220072,Pervagor janthinosoma,ok,accepted/220072,accepted/220072,accepted,accepted,yes,
238010,Thalassocalyce,ok,accepted/238010,accepted/238010,accepted,accepted,yes,
267127,Lycodinae,ok,accepted/267127,accepted/267127,accepted,accepted,yes,
267376,Dendropathes,ok,accepted/267376,accepted/267376,accepted,accepted,yes,
267854,Stauropathes,ok,accepted/267854,accepted/267854,accepted,accepted,yes,
272331,Coryphaenoides filifer,ok,accepted/272331,accepted/272331,accepted,accepted,yes,
273904,Serranus psittacinus,ok,accepted/273904,accepted/273904,accepted,accepted,yes,
274812,Sebastes levis,ok,accepted/274812,accepted/274812,accepted,accepted,yes,
274851,Sebastes semicinctus,ok,accepted/274851,accepted/274851,accepted,accepted,yes,
275656,Porichthys mimeticus,ok,accepted/275656,accepted/275656,accepted,accepted,yes,
276786,Scolopsis lineata,ok,accepted/276786,accepted/276786,accepted,accepted,yes,
277033,Valenciennea muralis,ok,accepted/277033,accepted/277033,accepted,accepted,yes,
281318,Leptojulis chrysotaenia,ok,accepted/281318,accepted/281318,accepted,accepted,yes,
282666,Scaevius milii,ok,accepted/282666,accepted/282666,accepted,accepted,yes,
290947,Ptilosarcus gurneyi,ok,accepted/290947,accepted/290947,accepted,accepted,yes,
324627,Ridgeia,ok,accepted/324627,accepted/324627,accepted,accepted,yes,
509020,Glyptometra lateralis,ok,accepted/509020,accepted/509020,accepted,accepted,yes,
513562,Stereocidaris hawaiiensis,ok,accepted/513562,accepted/513562,accepted,accepted,yes,
719944,Doliolina (Doliolinetta),ok,accepted/719944,accepted/719944,accepted,accepted,yes,
1035134,Aeginona,ok,accepted/1035134,accepted/1035134,accepted,accepted,yes,
1036229,Synallactida,ok,accepted/1036229,accepted/1036229,accepted,accepted,yes,
1310469,Sternostylus,ok,accepted/1310469,accepted/1310469,accepted,accepted,yes,
1803737,Baldwinella eos,ok,accepted/1803737,accepted/1803737,accepted,accepted,yes,
135,Eulimidae,ok,accepted/135,accepted/135,accepted,accepted,yes,
103323,Bathypathes patula,ok,accepted/103323,accepted/103323,accepted,accepted,yes,
103483,Ascidia,ok,accepted/103483,accepted/103483,accepted,accepted,yes,
107172,Munidopsis bairdii,ok,accepted/107172,accepted/107172,accepted,accepted,yes,
123163,Diadematidae,ok,accepted/123163,accepted/123163,accepted,accepted,yes,
123190,Deimatidae,ok,accepted/123190,accepted/123190,accepted,accepted,yes,
123217,Freyella,ok,accepted/123217,accepted/123217,accepted,accepted,yes,
123293,Evoplosoma,ok,accepted/123293,accepted/123293,accepted,accepted,yes,
125317,Callogorgia,ok,accepted/125317,accepted/125317,accepted,accepted,yes,
125576,Bothidae,ok,accepted/125576,accepted/125576,accepted,accepted,yes,
125754,Nezumia,ok,accepted/125754,accepted/125754,accepted,accepted,yes,
137752,Creseis,ok,accepted/137752,accepted/137752,accepted,accepted,yes,
138074,Histioteuthis,ok,accepted/138074,accepted/138074,accepted,accepted,yes,
138580,Tritonia,ok,accepted/138580,accepted/138580,accepted,accepted,yes,
139032,Clio cuspidata,ok,accepted/139032,accepted/139032,accepted,accepted,yes,
159351,Epinephelus adscensionis,ok,accepted/159351,accepted/159351,accepted,accepted,yes,
203953,Bathycongrus,ok,accepted/203953,accepted/203953,accepted,accepted,yes,
217452,Sardinops sagax,ok,accepted/217452,accepted/217452,accepted,accepted,yes,
218219,Epinephelus faveatus,ok,accepted/218219,accepted/218219,accepted,accepted,yes,
233983,Myzostomida,ok,accepted/233983,accepted/233983,accepted,accepted,yes,
242196,Euryalida,ok,accepted/242196,accepted/242196,accepted,accepted,yes,
254393,Parophrys vetulus,ok,accepted/254393,accepted/254393,accepted,accepted,yes,
274780,Sebastes caurinus,ok,accepted/274780,accepted/274780,accepted,accepted,yes,
274833,Sebastes paucispinis,ok,accepted/274833,accepted/274833,accepted,accepted,yes,
274852,Sebastes serranoides,ok,accepted/274852,accepted/274852,accepted,accepted,yes,
282052,Paralabrax auroguttatus,ok,accepted/282052,accepted/282052,accepted,accepted,yes,
286310,Isidella trichotoma,ok,accepted/286310,accepted/286310,accepted,accepted,yes,
286515,Narella dichotoma,ok,accepted/286515,accepted/286515,accepted,accepted,yes,
287204,Chrysaora colorata,ok,accepted/287204,accepted/287204,accepted,accepted,yes,
292713,Heterozonias alternatus,ok,accepted/292713,accepted/292713,accepted,accepted,yes,
299224,Squalus suckleyi,ok,accepted/299224,accepted/299224,accepted,accepted,yes,
345790,Agononida,ok,accepted/345790,accepted/345790,accepted,accepted,yes,
382180,Calliostomatidae,ok,accepted/382180,accepted/382180,accepted,accepted,yes,
409567,Narella alata,ok,accepted/409567,accepted/409567,accepted,accepted,yes,
411397,Metacrinus,ok,accepted/411397,accepted/411397,accepted,accepted,yes,
515240,Eualus townsendi,ok,accepted/515240,accepted/515240,accepted,accepted,yes,
597812,Tetractinellida,ok,accepted/597812,accepted/597812,accepted,accepted,yes,
715094,Bullagummizoanthus emilyacadiaarum,ok,accepted/715094,accepted/715094,accepted,accepted,yes,
754493,Phyllochaetopterus gigas,ok,accepted/754493,accepted/754493,accepted,accepted,yes,
1309340,Tiburonicrinus,ok,accepted/1309340,accepted/1309340,accepted,accepted,yes,
1337983,Pandalus dispar,ok,accepted/1337983,accepted/1337983,accepted,accepted,yes,
1338746,Relicanthus daphneae,ok,accepted/1338746,accepted/1338746,accepted,accepted,yes,
1769885,Lithoptilum lithophilum,ok,accepted/1769885,accepted/1769885,accepted,accepted,yes,
1755,Pleurobranchidae,ok,accepted/1755,accepted/1755,accepted,accepted,yes,
13552,Leptothecata,ok,accepted/13552,accepted/13552,accepted,accepted,yes,
100764,Iosactis,ok,accepted/100764,accepted/100764,accepted,accepted,yes,
103456,Didemnum,ok,accepted/103456,accepted/103456,accepted,accepted,yes,
106738,Paguridae,ok,accepted/106738,accepted/106738,accepted,accepted,yes,
117098,Geryonia,ok,accepted/117098,accepted/117098,accepted,accepted,yes,
123126,Benthopectinidae,ok,accepted/123126,accepted/123126,accepted,accepted,yes,
123402,Sperosoma,ok,accepted/123402,accepted/123402,accepted,accepted,yes,
126113,Symphurus,ok,accepted/126113,accepted/126113,accepted,accepted,yes,
131690,Tretodictyidae,ok,accepted/131690,accepted/131690,accepted,accepted,yes,
131895,Cladorhiza,ok,accepted/131895,accepted/131895,accepted,accepted,yes,
132016,Poecillastra,ok,accepted/132016,accepted/132016,accepted,accepted,yes,
132109,Auloplax,ok,accepted/132109,accepted/132109,accepted,accepted,yes,
132123,Bathydorus,ok,accepted/132123,accepted/132123,accepted,accepted,yes,
135108,Balanophyllia,ok,accepted/135108,accepted/135108,accepted,accepted,yes,
135414,Crystallophyes amygdalina,ok,accepted/135414,accepted/135414,accepted,accepted,yes,
137793,Clione,ok,accepted/137793,accepted/137793,accepted,accepted,yes,
152391,Nemertea,ok,accepted/152391,accepted/152391,accepted,accepted,yes,
158217,Actinernus nobilis,ok,accepted/158217,accepted/158217,accepted,accepted,yes,
159791,Lutjanus,ok,accepted/159791,accepted/159791,accepted,accepted,yes,
159799,Lutjanus mahogoni,ok,accepted/159799,accepted/159799,accepted,accepted,yes,
171632,Aphrocallistes vastus,ok,accepted/171632,accepted/171632,accepted,accepted,yes,
171711,Gymnorete,ok,accepted/171711,accepted/171711,accepted,accepted,yes,
171955,Lophocalyx,ok,accepted/171955,accepted/171955,accepted,accepted,yes,
178069,Astroceramus,ok,accepted/178069,accepted/178069,accepted,accepted,yes,
206311,Iniistius,ok,accepted/206311,accepted/206311,accepted,accepted,yes,
212783,Amphiprion clarkii,ok,accepted/212783,accepted/212783,accepted,accepted,yes,
212859,Plectroglyphidodon johnstonianus,ok,accepted/212859,accepted/212859,accepted,accepted,yes,
214615,Ophioplinthaca rudis,ok,accepted/214615,accepted/214615,accepted,accepted,yes,
217422,Taeniura lymma,ok,accepted/217422,accepted/217422,accepted,accepted,yes,
218432,Scomberoides commersonnianus,ok,accepted/218432,accepted/218432,accepted,accepted,yes,
219599,Valenciennea strigata,ok,accepted/219599,accepted/219599,accepted,accepted,yes,
219692,Siganus stellatus,ok,accepted/219692,accepted/219692,accepted,accepted,yes,
219937,Canthigaster rivulata,ok,accepted/219937,accepted/219937,accepted,accepted,yes,
220030,Nebrius ferrugineus,ok,accepted/220030,accepted/220030,accepted,accepted,yes,
249481,Zeuxokoma,ok,accepted/249481,accepted/249481,accepted,accepted,yes,
276783,Scolopsis affinis,ok,accepted/276783,accepted/276783,accepted,accepted,yes,
277161,Pomacentrus nigromanus,ok,accepted/277161,accepted/277161,accepted,accepted,yes,
280875,Glaucostegus typus,ok,accepted/280875,accepted/280875,accepted,accepted,yes,
280938,Grammatonotus laysanus,ok,accepted/280938,accepted/280938,accepted,accepted,yes,
282815,Sladenia remiger,ok,accepted/282815,accepted/282815,accepted,accepted,yes,
286155,Iridogorgia splendens,ok,accepted/286155,accepted/286155,accepted,accepted,yes,
298341,Epimenia,ok,accepted/298341,accepted/298341,accepted,accepted,yes,
368835,Mediaster ornatus,ok,accepted/368835,accepted/368835,accepted,accepted,yes,
382158,Patellogastropoda,ok,accepted/382158,accepted/382158,accepted,accepted,yes,
382977,Homeryon asper,ok,accepted/382977,accepted/382977,accepted,accepted,yes,
414199,Histocidaris variabilis,ok,accepted/414199,accepted/414199,accepted,accepted,yes,
464349,Ectenagena elongata,ok,accepted/464349,accepted/464349,accepted,accepted,yes,
711310,Thaumatocrinus rugosus,ok,accepted/711310,accepted/711310,accepted,accepted,yes,
826579,Pentanchidae,ok,accepted/826579,accepted/826579,accepted,accepted,yes,
828389,Paratelecrinus conifer,ok,accepted/828389,accepted/828389,accepted,accepted,yes,
843618,Umimayanthus,ok,accepted/843618,accepted/843618,accepted,accepted,yes,
1317075,Macroprimnoa ornata,ok,accepted/1317075,accepted/1317075,accepted,accepted,yes,
1517259,Vacatina,ok,accepted/1517259,accepted/1517259,accepted,accepted,yes,
141,Calyptraeidae,ok,accepted/141,accepted/141,accepted,accepted,yes,
1818,Hemichordata,ok,accepted/1818,accepted/1818,accepted,accepted,yes,
105697,Rhinochimaeridae,ok,accepted/105697,accepted/105697,accepted,accepted,yes,
110344,Bonelliida,ok,accepted/110344,accepted/110344,accepted,accepted,yes,
116998,Aequorea,ok,accepted/116998,accepted/116998,accepted,accepted,yes,
118343,Munnopsurus,ok,accepted/118343,accepted/118343,accepted,accepted,yes,
118377,Munnopsis,ok,accepted/118377,accepted/118377,accepted,accepted,yes,
123158,Cidaridae,ok,accepted/123158,accepted/123158,accepted,accepted,yes,
123160,Echinidae,ok,accepted/123160,accepted/123160,accepted,accepted,yes,
123392,Aspidodiadema,ok,accepted/123392,accepted/123392,accepted,accepted,yes,
125318,Candidella,ok,accepted/125318,accepted/125318,accepted,accepted,yes,
125654,Ilyophis,ok,accepted/125654,accepted/125654,accepted,accepted,yes,
126638,Aldrovandia phalacra,ok,accepted/126638,accepted/126638,accepted,accepted,yes,
135209,Madrepora oculata,ok,accepted/135209,accepted/135209,accepted,accepted,yes,
135337,Clausophyidae,ok,accepted/135337,accepted/135337,accepted,accepted,yes,
171834,Lyssacinosida,ok,accepted/171834,accepted/171834,accepted,accepted,yes,
196677,Gymnopraia,ok,accepted/196677,accepted/196677,accepted,accepted,yes,
205380,Calliaster,ok,accepted/205380,accepted/205380,accepted,accepted,yes,
240747,Strongylocentrotus purpuratus,ok,accepted/240747,accepted/240747,accepted,accepted,yes,
254579,Lumpenus sagitta,ok,accepted/254579,accepted/254579,accepted,accepted,yes,
267706,Parisis,ok,accepted/267706,accepted/267706,accepted,accepted,yes,
267907,Thermopalia,ok,accepted/267907,accepted/267907,accepted,accepted,yes,
271228,Xeneretmus,ok,accepted/271228,accepted/271228,accepted,accepted,yes,
272323,Coryphaenoides capito,ok,accepted/272323,accepted/272323,accepted,accepted,yes,
273858,Epinephelus labriformis,ok,accepted/273858,accepted/273858,accepted,accepted,yes,
274798,Sebastes goodei,ok,accepted/274798,accepted/274798,accepted,accepted,yes,
276853,Sufflamen verres,ok,accepted/276853,accepted/276853,accepted,accepted,yes,
280276,Coelorinchus doryssus,ok,accepted/280276,accepted/280276,accepted,accepted,yes,
281083,Hollardia goslinei,ok,accepted/281083,accepted/281083,accepted,accepted,yes,
281610,Myroconger seychellensis,ok,accepted/281610,accepted/281610,accepted,accepted,yes,
286119,Chrysogorgia flavescens,ok,accepted/286119,accepted/286119,accepted,accepted,yes,
286512,Narella bowersi,ok,accepted/286512,accepted/286512,accepted,accepted,yes,
290193,Isactinernus quadrilobatus,ok,accepted/290193,accepted/290193,accepted,accepted,yes,
325342,Decapodiformes,ok,accepted/325342,accepted/325342,accepted,accepted,yes,
368837,Mediaster tenellus,ok,accepted/368837,accepted/368837,accepted,accepted,yes,
369134,Henricia pauperrima,ok,accepted/369134,accepted/369134,accepted,accepted,yes,
382131,Patiria miniata,ok,accepted/382131,accepted/382131,accepted,accepted,yes,
392592,Munidopsis recta,ok,accepted/392592,accepted/392592,accepted,accepted,yes,
409564,Narella muzikae,ok,accepted/409564,accepted/409564,accepted,accepted,yes,
423554,Neptunea amianta,ok,accepted/423554,accepted/423554,accepted,accepted,yes,
440187,Lamoha longirostris,ok,accepted/440187,accepted/440187,accepted,accepted,yes,
442169,Macroregonia macrochira,ok,accepted/442169,accepted/442169,accepted,accepted,yes,
513130,Aspidodiadema hawaiiense,ok,accepted/513130,accepted/513130,accepted,accepted,yes,
534844,Alcockianum,ok,accepted/534844,accepted/534844,accepted,accepted,yes,
562583,Chirostyloidea,ok,accepted/562583,accepted/562583,accepted,accepted,yes,
723579,Bathycrinus complanatus,ok,accepted/723579,accepted/723579,accepted,accepted,yes,
845453,Paulasterias,ok,accepted/845453,accepted/845453,accepted,accepted,yes,
883729,Calyptrophora pileata,ok,accepted/883729,accepted/883729,accepted,accepted,yes,
994319,Alternatipathes alternata,ok,accepted/994319,accepted/994319,accepted,accepted,yes,
1288564,Paracalyptrophora hawaiiensis,ok,accepted/1288564,accepted/1288564,accepted,accepted,yes,
1379631,Ptilella inflata,ok,accepted/1379631,accepted/1379631,accepted,accepted,yes,
1444250,Ctenophoricola,ok,accepted/1444250,accepted/1444250,accepted,accepted,yes,
104,Scaphopoda,ok,accepted/104,accepted/104,accepted,accepted,yes,
10313,Gadiformes,ok,accepted/10313,accepted/10313,accepted,accepted,yes,
13794,Asellota,ok,accepted/13794,accepted/13794,accepted,accepted,yes,
100665,Edwardsiidae,ok,accepted/100665,accepted/100665,accepted,accepted,yes,
101804,Phronima,ok,accepted/101804,accepted/101804,accepted,accepted,yes,
101810,Scina,ok,accepted/101810,accepted/101810,accepted,accepted,yes,
106095,Heteralepas,ok,accepted/106095,accepted/106095,accepted,accepted,yes,
106684,Sergestoidea,ok,accepted/106684,accepted/106684,accepted,accepted,yes,
106700,Majoidea,ok,accepted/106700,accepted/106700,accepted,accepted,yes,
106807,Aristeus,ok,accepted/106807,accepted/106807,accepted,accepted,yes,
107015,Nematocarcinus,ok,accepted/107015,accepted/107015,accepted,accepted,yes,
111592,Watersipora subtorquata,ok,accepted/111592,accepted/111592,accepted,accepted,yes,
118342,Munneurycope,ok,accepted/118342,accepted/118342,accepted,accepted,yes,
123362,Pentametrocrinus,ok,accepted/123362,accepted/123362,accepted,accepted,yes,
123374,Habrocidaris,ok,accepted/123374,accepted/123374,accepted,accepted,yes,
124002,Tremaster mirabilis,ok,accepted/124002,accepted/124002,accepted,accepted,yes,
124774,Psychropotes depressa,ok,accepted/124774,accepted/124774,accepted,accepted,yes,
125284,Alcyonium,ok,accepted/125284,accepted/125284,accepted,accepted,yes,
125474,Moridae,ok,accepted/125474,accepted/125474,accepted,accepted,yes,
125507,Alepocephalidae,ok,accepted/125507,accepted/125507,accepted,accepted,yes,
125519,Blenniidae,ok,accepted/125519,accepted/125519,accepted,accepted,yes,
125538,Haemulidae,ok,accepted/125538,accepted/125538,accepted,accepted,yes,
125643,Venefica,ok,accepted/125643,accepted/125643,accepted,accepted,yes,
125681,Benthalbella,ok,accepted/125681,accepted/125681,accepted,accepted,yes,
125796,Chaunax,ok,accepted/125796,accepted/125796,accepted,accepted,yes,
126187,Cyclothone,ok,accepted/126187,accepted/126187,accepted,accepted,yes,
126242,Antigonia,ok,accepted/126242,accepted/126242,accepted,accepted,yes,
126805,Caranx lugubris,ok,accepted/126805,accepted/126805,accepted,accepted,yes,
126813,Selar boops,ok,accepted/126813,accepted/126813,accepted,accepted,yes,
128503,Virgularia,ok,accepted/128503,accepted/128503,accepted,accepted,yes,
131685,Pheronematidae,ok,accepted/131685,accepted/131685,accepted,accepted,yes,
135365,Lensia,ok,accepted/135365,accepted/135365,accepted,accepted,yes,
137212,Doliolida,ok,accepted/137212,accepted/137212,accepted,accepted,yes,
137237,Thetys,ok,accepted/137237,accepted/137237,accepted,accepted,yes,
138257,Notobranchaea,ok,accepted/138257,accepted/138257,accepted,accepted,yes,
138366,Pneumodermopsis,ok,accepted/138366,accepted/138366,accepted,accepted,yes,
156705,Kumba,ok,accepted/156705,accepted/156705,accepted,accepted,yes,
159133,Lamprogrammus brunswigi,ok,accepted/159133,accepted/159133,accepted,accepted,yes,
171845,Saccocalyx pedunculatus,ok,accepted/171845,accepted/171845,accepted,accepted,yes,
177050,Eurytheneidae,ok,accepted/177050,accepted/177050,accepted,accepted,yes,
184559,Abyssocladia,ok,accepted/184559,accepted/184559,accepted,accepted,yes,
205515,Pseudochromis,ok,accepted/205515,accepted/205515,accepted,accepted,yes,
205817,Lophiodes,ok,accepted/205817,accepted/205817,accepted,accepted,yes,
206516,Amblyeleotris,ok,accepted/206516,accepted/206516,accepted,accepted,yes,
218232,Epinephelus hexagonatus,ok,accepted/218232,accepted/218232,accepted,accepted,yes,
218549,Plectorhinchus flavomaculatus,ok,accepted/218549,accepted/218549,accepted,accepted,yes,
218837,Neopomacentrus azysron,ok,accepted/218837,accepted/218837,accepted,accepted,yes,
218855,Cirrhitichthys aprinus,ok,accepted/218855,accepted/218855,accepted,accepted,yes,
219016,Labropsis xanthonota,ok,accepted/219016,accepted/219016,accepted,accepted,yes,
219061,Stethojulis strigiventer,ok,accepted/219061,accepted/219061,accepted,accepted,yes,
219608,Gunnellichthys curiosus,ok,accepted/219608,accepted/219608,accepted,accepted,yes,
219622,Ptereleotris evides,ok,accepted/219622,accepted/219622,accepted,accepted,yes,
243708,Ophioleuce brevispinum,ok,accepted/243708,accepted/243708,accepted,accepted,yes,
248361,Acanthamunnopsis,ok,accepted/248361,accepted/248361,accepted,accepted,yes,
254862,Novodinia pacifica,ok,accepted/254862,accepted/254862,accepted,accepted,yes,
267263,Bellonella,ok,accepted/267263,accepted/267263,accepted,accepted,yes,
267484,Hexapathes,ok,accepted/267484,accepted/267484,accepted,accepted,yes,
267656,Orstomisis,ok,accepted/267656,accepted/267656,accepted,accepted,yes,
268809,Coelorinchus,ok,accepted/268809,accepted/268809,accepted,accepted,yes,
269476,Icelinus,ok,accepted/269476,accepted/269476,accepted,accepted,yes,
271342,Apristurus kampae,ok,accepted/271342,accepted/271342,accepted,accepted,yes,
272290,Bregmaceros bathymaster,ok,accepted/272290,accepted/272290,accepted,accepted,yes,
272849,Alepocephalus tenebrosus,ok,accepted/272849,accepted/272849,accepted,accepted,yes,
273374,Prognathodes falcifer,ok,accepted/273374,accepted/273374,accepted,accepted,yes,
273483,Plectorhinchus chaetodonoides,ok,accepted/273483,accepted/273483,accepted,accepted,yes,
273860,Epinephelus maculatus,ok,accepted/273860,accepted/273860,accepted,accepted,yes,
274264,Symphurus oligomerus,ok,accepted/274264,accepted/274264,accepted,accepted,yes,
274437,Careproctus longifilis,ok,accepted/274437,accepted/274437,accepted,accepted,yes,
276065,Scarus xanthopleura,ok,accepted/276065,accepted/276065,accepted,accepted,yes,
277504,Chlorurus bleekeri,ok,accepted/277504,accepted/277504,accepted,accepted,yes,
277833,Chiloscyllium punctatum,ok,accepted/277833,accepted/277833,accepted,accepted,yes,
278008,Naso mcdadei,ok,accepted/278008,accepted/278008,accepted,accepted,yes,
278689,Labroides pectoralis,ok,accepted/278689,accepted/278689,accepted,accepted,yes,
278836,Centropyge flavissima,ok,accepted/278836,accepted/278836,accepted,accepted,yes,
280146,Chilara taylori,ok,accepted/280146,accepted/280146,accepted,accepted,yes,
280176,Chrionema chryseres,ok,accepted/280176,accepted/280176,accepted,accepted,yes,
280730,Eubalichthys caeruleoguttatus,ok,accepted/280730,accepted/280730,accepted,accepted,yes,
283832,Corallimorphus rigidus,ok,accepted/283832,accepted/283832,accepted,accepted,yes,
290839,Polymyces wellsi,ok,accepted/290839,accepted/290839,accepted,accepted,yes,
307139,Canthigaster axiologus,ok,accepted/307139,accepted/307139,accepted,accepted,yes,
381753,Hymenodiscus,ok,accepted/381753,accepted/381753,accepted,accepted,yes,
387272,Kephyes,ok,accepted/387272,accepted/387272,accepted,accepted,yes,
387338,Pterotracheoidea,ok,accepted/387338,accepted/387338,accepted,accepted,yes,
440191,Lamoha williamsi,ok,accepted/440191,accepted/440191,accepted,accepted,yes,
440289,Bythograea thermydron,ok,accepted/440289,accepted/440289,accepted,accepted,yes,
465573,Akoya,ok,accepted/465573,accepted/465573,accepted,accepted,yes,
512435,Micropyga,ok,accepted/512435,accepted/512435,accepted,accepted,yes,
513621,Tromikosoma hispidum,ok,accepted/513621,accepted/513621,accepted,accepted,yes,
529029,Hansenothuria benti,ok,accepted/529029,accepted/529029,accepted,accepted,yes,
536746,Rubyspira,ok,accepted/536746,accepted/536746,accepted,accepted,yes,
710164,Chondrocladia (Symmetrocladia) lyra,ok,accepted/710164,accepted/710164,accepted,accepted,yes,
712972,Taeniurops meyeni,ok,accepted/712972,accepted/712972,accepted,accepted,yes,
715097,Kulamanamana haumeaae,ok,accepted/715097,accepted/715097,accepted,accepted,yes,
723294,Heteropathes americana,ok,accepted/723294,accepted/723294,accepted,accepted,yes,
883738,Bathygorgia,ok,accepted/883738,accepted/883738,accepted,accepted,yes,
1311247,Hemicorallium ducale,ok,accepted/1311247,accepted/1311247,accepted,accepted,yes,
1317072,Calyptrophora distolos,ok,accepted/1317072,accepted/1317072,accepted,accepted,yes,
1317082,Narella virgosa,ok,accepted/1317082,accepted/1317082,accepted,accepted,yes,
1423917,Catherinum proximum,ok,accepted/1423917,accepted/1423917,accepted,accepted,yes,
1446846,Advhena magnifica,ok,accepted/1446846,accepted/1446846,accepted,accepted,yes,
1476377,Iridogorgia superba,ok,accepted/1476377,accepted/1476377,accepted,accepted,yes,
1593535,Atheraster arandae,ok,accepted/1593535,accepted/1593535,accepted,accepted,yes,
1671474,Parachrysogorgia stellata,ok,accepted/1671474,accepted/1671474,accepted,accepted,yes,
113,Patellidae,ok,accepted/113,accepted/113,accepted,accepted,yes,
900,Terebellida,ok,accepted/900,accepted/900,accepted,accepted,yes,
960,Amphinomidae,ok,accepted/960,accepted/960,accepted,accepted,yes,
1065,Arthropoda,ok,accepted/1065,accepted/1065,accepted,accepted,yes,
1107,Thoracica,ok,accepted/1107,accepted/1107,accepted,accepted,yes,
10314,Ophidiiformes,ok,accepted/10314,accepted/10314,accepted,accepted,yes,
14665,Mitrocomidae,ok,accepted/14665,accepted/14665,accepted,accepted,yes,
100690,Zoanthidae,ok,accepted/100690,accepted/100690,accepted,accepted,yes,
101378,Dexaminidae,ok,accepted/101378,accepted/101378,accepted,accepted,yes,
101793,Cystisoma,ok,accepted/101793,accepted/101793,accepted,accepted,yes,
103305,Leiopathes,ok,accepted/103305,accepted/103305,accepted,accepted,yes,
103358,Fritillaria,ok,accepted/103358,accepted/103358,accepted,accepted,yes,
103450,Styelidae,ok,accepted/103450,accepted/103450,accepted,accepted,yes,
105734,Hydrolagus,ok,accepted/105734,accepted/105734,accepted,accepted,yes,
106038,Scalpellomorpha,ok,accepted/106038,accepted/106038,accepted,accepted,yes,
106736,Diogenidae,ok,accepted/106736,accepted/106736,accepted,accepted,yes,
106917,Chaceon,ok,accepted/106917,accepted/106917,accepted,accepted,yes,
107004,Bathypalaemonella,ok,accepted/107004,accepted/107004,accepted,accepted,yes,
107646,Heterocarpus laevigatus,ok,accepted/107646,accepted/107646,accepted,accepted,yes,
117058,Branchiocerianthus,ok,accepted/117058,accepted/117058,accepted,accepted,yes,
117246,Stylaster,ok,accepted/117246,accepted/117246,accepted,accepted,yes,
117612,Hydrodendron gorgonoide,ok,accepted/117612,accepted/117612,accepted,accepted,yes,
118280,Arcturidae,ok,accepted/118280,accepted/118280,accepted,accepted,yes,
123151,Pentametrocrinidae,ok,accepted/123151,accepted/123151,accepted,accepted,yes,
123200,Ophiuridae,ok,accepted/123200,accepted/123200,accepted,accepted,yes,
123240,Cheiraster,ok,accepted/123240,accepted/123240,accepted,accepted,yes,
125299,Nicella,ok,accepted/125299,accepted/125299,accepted,accepted,yes,
125588,Agonidae,ok,accepted/125588,accepted/125588,accepted,accepted,yes,
125664,Chlorophthalmus,ok,accepted/125664,accepted/125664,accepted,accepted,yes,
126343,Bathypterois grallator,ok,accepted/126343,accepted/126343,accepted,accepted,yes,
126804,Caranx latus,ok,accepted/126804,accepted/126804,accepted,accepted,yes,
132005,Geodia,ok,accepted/132005,accepted/132005,accepted,accepted,yes,
132105,Periphragella,ok,accepted/132105,accepted/132105,accepted,accepted,yes,
132125,Lanuginella,ok,accepted/132125,accepted/132125,accepted,accepted,yes,
137206,Chelonia mydas,ok,accepted/137206,accepted/137206,accepted,accepted,yes,
137207,Eretmochelys imbricata,ok,accepted/137207,accepted/137207,accepted,accepted,yes,
137777,Chiroteuthis,ok,accepted/137777,accepted/137777,accepted,accepted,yes,
160752,Pilematechinus,ok,accepted/160752,accepted/160752,accepted,accepted,yes,
171779,Lonchiphora,ok,accepted/171779,accepted/171779,accepted,accepted,yes,
171860,Dictyocalyx,ok,accepted/171860,accepted/171860,accepted,accepted,yes,
196143,Epialtidae,ok,accepted/196143,accepted/196143,accepted,accepted,yes,
205464,Astrophiura,ok,accepted/205464,accepted/205464,accepted,accepted,yes,
205984,Orphnurgus,ok,accepted/205984,accepted/205984,accepted,accepted,yes,
221130,Pennatula murrayi,ok,accepted/221130,accepted/221130,accepted,accepted,yes,
221394,Bathypterois atricolor,ok,accepted/221394,accepted/221394,accepted,accepted,yes,
246674,Hyocrinida,ok,accepted/246674,accepted/246674,accepted,accepted,yes,
267431,Exocoelactis,ok,accepted/267431,accepted/267431,accepted,accepted,yes,
267758,Polymyces,ok,accepted/267758,accepted/267758,accepted,accepted,yes,
272335,Coryphaenoides longicirrhus,ok,accepted/272335,accepted/272335,accepted,accepted,yes,
272421,Nezumia obliquata,ok,accepted/272421,accepted/272421,accepted,accepted,yes,
272520,Urophycis cirrata,ok,accepted/272520,accepted/272520,accepted,accepted,yes,
274773,Sebastes auriculatus,ok,accepted/274773,accepted/274773,accepted,accepted,yes,
274785,Sebastes crameri,ok,accepted/274785,accepted/274785,accepted,accepted,yes,
274790,Sebastes ensifer,ok,accepted/274790,accepted/274790,accepted,accepted,yes,
274830,Sebastes ovalis,ok,accepted/274830,accepted/274830,accepted,accepted,yes,
286025,Clavularia grandiflora,ok,accepted/286025,accepted/286025,accepted,accepted,yes,
286487,Callogorgia formosa,ok,accepted/286487,accepted/286487,accepted,accepted,yes,
286488,Callogorgia gilberti,ok,accepted/286488,accepted/286488,accepted,accepted,yes,
369050,Pteraster reticulatus,ok,accepted/369050,accepted/369050,accepted,accepted,yes,
378083,Munidopsis albatrossae,ok,accepted/378083,accepted/378083,accepted,accepted,yes,
392590,Munidopsis quadrata,ok,accepted/392590,accepted/392590,accepted,accepted,yes,
398481,Odontanthias katayamai,ok,accepted/398481,accepted/398481,accepted,accepted,yes,
411386,Histocidaris,ok,accepted/411386,accepted/411386,accepted,accepted,yes,
415541,Lamoha,ok,accepted/415541,accepted/415541,accepted,accepted,yes,
439381,Gordonopsis,ok,accepted/439381,accepted/439381,accepted,accepted,yes,
441893,Cyrtomaia smithi,ok,accepted/441893,accepted/441893,accepted,accepted,yes,
456763,Caenopedina pulchella,ok,accepted/456763,accepted/456763,accepted,accepted,yes,
476496,Fusitriton oregonensis,ok,accepted/476496,accepted/476496,accepted,accepted,yes,
531388,Bathydoris aioca,ok,accepted/531388,accepted/531388,accepted,accepted,yes,
574228,Plumarella circumoperculum,ok,accepted/574228,accepted/574228,accepted,accepted,yes,
578127,Earleria corachloeae,ok,accepted/578127,accepted/578127,accepted,accepted,yes,
707675,Guillecrinus,ok,accepted/707675,accepted/707675,accepted,accepted,yes,
719492,Calyptrophora diaphana,ok,accepted/719492,accepted/719492,accepted,accepted,yes,
723306,Heteropathes pacifica,ok,accepted/723306,accepted/723306,accepted,accepted,yes,
723462,Democrinus japonicus,ok,accepted/723462,accepted/723462,accepted,accepted,yes,
751756,Paratelecrinus,ok,accepted/751756,accepted/751756,accepted,accepted,yes,
882825,Pseudochrysogorgia,ok,accepted/882825,accepted/882825,accepted,accepted,yes,
883737,Chrysogorgia tricaulis,ok,accepted/883737,accepted/883737,accepted,accepted,yes,
883967,Thoridae,ok,accepted/883967,accepted/883967,accepted,accepted,yes,
884132,Antipathes leptocrada,ok,accepted/884132,accepted/884132,accepted,accepted,yes,
892593,Siphonophora,ok,accepted/892593,accepted/892593,accepted,accepted,yes,
1048819,Spongiactis,ok,accepted/1048819,accepted/1048819,accepted,accepted,yes,
1311286,Pleurocorallium porcellanum,ok,accepted/1311286,accepted/1311286,accepted,accepted,yes,
1317085,Narella aurantiaca,ok,accepted/1317085,accepted/1317085,accepted,accepted,yes,
152,Turridae,ok,accepted/152,accepted/152,accepted,accepted,yes,
1595,Candelabridae,ok,accepted/1595,accepted/1595,accepted,accepted,yes,
1778,Limidae,ok,accepted/1778,accepted/1778,accepted,accepted,yes,
14355,Stomatopoda,ok,accepted/14355,accepted/14355,accepted,accepted,yes,
100682,Arachnactidae,ok,accepted/100682,accepted/100682,accepted,accepted,yes,
100720,Alicia,ok,accepted/100720,accepted/100720,accepted,accepted,yes,
100757,Hormathia,ok,accepted/100757,accepted/100757,accepted,accepted,yes,
101405,Podoceridae,ok,accepted/101405,accepted/101405,accepted,accepted,yes,
101444,Amathillopsis,ok,accepted/101444,accepted/101444,accepted,accepted,yes,
105415,Eukrohnia fowleri,ok,accepted/105415,accepted/105415,accepted,accepted,yes,
105727,Apristurus,ok,accepted/105727,accepted/105727,accepted,accepted,yes,
105833,Hexanchus griseus,ok,accepted/105833,accepted/105833,accepted,accepted,yes,
105844,Odontaspis ferox,ok,accepted/105844,accepted/105844,accepted,accepted,yes,
105863,Amblyraja hyperborea,ok,accepted/105863,accepted/105863,accepted,accepted,yes,
106669,Dendrobranchiata,ok,accepted/106669,accepted/106669,accepted,accepted,yes,
106811,Benthesicymus,ok,accepted/106811,accepted/106811,accepted,accepted,yes,
106845,Lithodes,ok,accepted/106845,accepted/106845,accepted,accepted,yes,
116996,Aeginura,ok,accepted/116996,accepted/116996,accepted,accepted,yes,
117070,Sarsia,ok,accepted/117070,accepted/117070,accepted,accepted,yes,
117105,Hydrodendron,ok,accepted/117105,accepted/117105,accepted,accepted,yes,
117152,Melicertum,ok,accepted/117152,accepted/117152,accepted,accepted,yes,
117799,Pandea rubra,ok,accepted/117799,accepted/117799,accepted,accepted,yes,
118283,Idoteidae,ok,accepted/118283,accepted/118283,accepted,accepted,yes,
123232,Coronaster,ok,accepted/123232,accepted/123232,accepted,accepted,yes,
123288,Nepanthia,ok,accepted/123288,accepted/123288,accepted,accepted,yes,
123465,Mesothuria,ok,accepted/123465,accepted/123465,accepted,accepted,yes,
123526,Enypniastes,ok,accepted/123526,accepted/123526,accepted,accepted,yes,
124757,Laetmogone wyvillethomsoni,ok,accepted/124757,accepted/124757,accepted,accepted,yes,
124778,Psychropotes longicauda,ok,accepted/124778,accepted/124778,accepted,accepted,yes,
124779,Psychropotes semperiana,ok,accepted/124779,accepted/124779,accepted,accepted,yes,
124913,Ophiura albida,ok,accepted/124913,accepted/124913,accepted,accepted,yes,
125269,Alcyoniidae,ok,accepted/125269,accepted/125269,accepted,accepted,yes,
125300,Viminella,ok,accepted/125300,accepted/125300,accepted,accepted,yes,
125413,Thouarella (Euthouarella) hilgendorfi,ok,accepted/125413,accepted/125413,accepted,accepted,yes,
125500,Halosauridae,ok,accepted/125500,accepted/125500,accepted,accepted,yes,
125650,Serrivomer,ok,accepted/125650,accepted/125650,accepted,accepted,yes,
125750,Gadomus,ok,accepted/125750,accepted/125750,accepted,accepted,yes,
126071,Siganus,ok,accepted/126071,accepted/126071,accepted,accepted,yes,
126394,Beryx decadactylus,ok,accepted/126394,accepted/126394,accepted,accepted,yes,
126438,Merlangius merlangus,ok,accepted/126438,accepted/126438,accepted,accepted,yes,
126461,Molva molva,ok,accepted/126461,accepted/126461,accepted,accepted,yes,
127403,Diodon hystrix,ok,accepted/127403,accepted/127403,accepted,accepted,yes,
128480,Anthoptilidae,ok,accepted/128480,accepted/128480,accepted,accepted,yes,
128484,Pennatulidae,ok,accepted/128484,accepted/128484,accepted,accepted,yes,
129187,Hermodice,ok,accepted/129187,accepted/129187,accepted,accepted,yes,
131664,Geodiidae,ok,accepted/131664,accepted/131664,accepted,accepted,yes,
135344,Agalmatidae,ok,accepted/135344,accepted/135344,accepted,accepted,yes,
135358,Crystallophyes,ok,accepted/135358,accepted/135358,accepted,accepted,yes,
135398,Bargmannia,ok,accepted/135398,accepted/135398,accepted,accepted,yes,
136999,Cheloniidae,ok,accepted/136999,accepted/136999,accepted,accepted,yes,
137848,Galiteuthis,ok,accepted/137848,accepted/137848,accepted,accepted,yes,
138214,Bathymodiolus,ok,accepted/138214,accepted/138214,accepted,accepted,yes,
138849,Japetella diaphana,ok,accepted/138849,accepted/138849,accepted,accepted,yes,
151826,Ilyophinae,ok,accepted/151826,accepted/151826,accepted,accepted,yes,
154247,Scorpaenoidei,ok,accepted/154247,accepted/154247,accepted,accepted,yes,
158665,Synaphobranchus affinis,ok,accepted/158665,accepted/158665,accepted,accepted,yes,
158763,Luciobrotula,ok,accepted/158763,accepted/158763,accepted,accepted,yes,
171644,Stereochlamis,ok,accepted/171644,accepted/171644,accepted,accepted,yes,
172068,Crateromorpha,ok,accepted/172068,accepted/172068,accepted,accepted,yes,
204022,Pycnocraspedum,ok,accepted/204022,accepted/204022,accepted,accepted,yes,
204781,Ecsenius,ok,accepted/204781,accepted/204781,accepted,accepted,yes,
205227,Oxycheilinus,ok,accepted/205227,accepted/205227,accepted,accepted,yes,
205324,Scleronephthya,ok,accepted/205324,accepted/205324,accepted,accepted,yes,
212545,Etelis carbunculus,ok,accepted/212545,accepted/212545,accepted,accepted,yes,
217960,Neocyttus acanthorhynchus,ok,accepted/217960,accepted/217960,accepted,accepted,yes,
218350,Terapon jarbua,ok,accepted/218350,accepted/218350,accepted,accepted,yes,
218374,Hoplolatilus cuniculus,ok,accepted/218374,accepted/218374,accepted,accepted,yes,
218377,Malacanthus latovittatus,ok,accepted/218377,accepted/218377,accepted,accepted,yes,
218440,Trachinotus baillonii,ok,accepted/218440,accepted/218440,accepted,accepted,yes,
218731,Chaetodon madagaskariensis,ok,accepted/218731,accepted/218731,accepted,accepted,yes,
218749,Chaetodon selene,ok,accepted/218749,accepted/218749,accepted,accepted,yes,
218853,Cirrhitichthys oxycephalus,ok,accepted/218853,accepted/218853,accepted,accepted,yes,
218947,Cheilinus oxycephalus,ok,accepted/218947,accepted/218947,accepted,accepted,yes,
219637,Acanthurus bariene,ok,accepted/219637,accepted/219637,accepted,accepted,yes,
219655,Ctenochaetus binotatus,ok,accepted/219655,accepted/219655,accepted,accepted,yes,
219876,Balistoides conspicillum,ok,accepted/219876,accepted/219876,accepted,accepted,yes,
220055,Cantherhines fronticinctus,ok,accepted/220055,accepted/220055,accepted,accepted,yes,
240764,Pycnopodia helianthoides,ok,accepted/240764,accepted/240764,accepted,accepted,yes,
241882,Holothuria (Vaneyothuria) zacae,ok,accepted/241882,accepted/241882,accepted,accepted,yes,
242444,Astroceras,ok,accepted/242444,accepted/242444,accepted,accepted,yes,
243962,Ophioplinthaca defensor,ok,accepted/243962,accepted/243962,accepted,accepted,yes,
254363,Stenobrachius leucopsarus,ok,accepted/254363,accepted/254363,accepted,accepted,yes,
254595,Lycodes brevipes,ok,accepted/254595,accepted/254595,accepted,accepted,yes,
254812,Circeaster sandrae,ok,accepted/254812,accepted/254812,accepted,accepted,yes,
267466,Halcurias,ok,accepted/267466,accepted/267466,accepted,accepted,yes,
267578,Marianactis,ok,accepted/267578,accepted/267578,accepted,accepted,yes,
267934,Tylopathes,ok,accepted/267934,accepted/267934,accepted,accepted,yes,
272130,Synodus lacertinus,ok,accepted/272130,accepted/272130,accepted,accepted,yes,
272225,Hoplostethus crassispinus,ok,accepted/272225,accepted/272225,accepted,accepted,yes,
272767,Cataetyx rubrirostris,ok,accepted/272767,accepted/272767,accepted,accepted,yes,
273343,Chaetodon humeralis,ok,accepted/273343,accepted/273343,accepted,accepted,yes,
273844,Epinephelus corallicola,ok,accepted/273844,accepted/273844,accepted,accepted,yes,
274608,Paraliparis rosaceus,ok,accepted/274608,accepted/274608,accepted,accepted,yes,
274823,Sebastes mystinus,ok,accepted/274823,accepted/274823,accepted,accepted,yes,
274835,Sebastes phillipsi,ok,accepted/274835,accepted/274835,accepted,accepted,yes,
275752,Halichoeres biocellatus,ok,accepted/275752,accepted/275752,accepted,accepted,yes,
275758,Halichoeres chloropterus,ok,accepted/275758,accepted/275758,accepted,accepted,yes,
275759,Halichoeres chrysus,ok,accepted/275759,accepted/275759,accepted,accepted,yes,
276016,Holacanthus passer,ok,accepted/276016,accepted/276016,accepted,accepted,yes,
276037,Pristigenys serrula,ok,accepted/276037,accepted/276037,accepted,accepted,yes,
277097,Paracirrhites hemistictus,ok,accepted/277097,accepted/277097,accepted,accepted,yes,
277427,Hemipristis elongata,ok,accepted/277427,accepted/277427,accepted,accepted,yes,
277597,Amblyglyphidodon curacao,ok,accepted/277597,accepted/277597,accepted,accepted,yes,
278010,Naso tonganus,ok,accepted/278010,accepted/278010,accepted,accepted,yes,
278853,Centropyge vrolikii,ok,accepted/278853,accepted/278853,accepted,accepted,yes,
279191,Glaucosoma magnificum,ok,accepted/279191,accepted/279191,accepted,accepted,yes,
280112,Chaetodermis penicilligerus,ok,accepted/280112,accepted/280112,accepted,accepted,yes,
282914,Symphorichthys spilurus,ok,accepted/282914,accepted/282914,accepted,accepted,yes,
283209,Zaniolepis latipinnis,ok,accepted/283209,accepted/283209,accepted,accepted,yes,
286506,Candidella helminthophora,ok,accepted/286506,accepted/286506,accepted,accepted,yes,
286983,Eguchipsammia fistula,ok,accepted/286983,accepted/286983,accepted,accepted,yes,
286988,Enallopsammia pusilla,ok,accepted/286988,accepted/286988,accepted,accepted,yes,
287244,Clausophyes tropica,ok,accepted/287244,accepted/287244,accepted,accepted,yes,
291113,Stauropathes staurocrada,ok,accepted/291113,accepted/291113,accepted,accepted,yes,
291245,Trissopathes tristicha,ok,accepted/291245,accepted/291245,accepted,accepted,yes,
291268,Umbellapathes helioanthes,ok,accepted/291268,accepted/291268,accepted,accepted,yes,
292746,Peribolaster biserialis,ok,accepted/292746,accepted/292746,accepted,accepted,yes,
313514,Leuroglossus stilbius,ok,accepted/313514,accepted/313514,accepted,accepted,yes,
340804,Tonrometra,ok,accepted/340804,accepted/340804,accepted,accepted,yes,
342051,Pteroctopus hoylei,ok,accepted/342051,accepted/342051,accepted,accepted,yes,
342465,Mesochordaeus erythrocephalus,ok,accepted/342465,accepted/342465,accepted,accepted,yes,
367971,Calyptogena,ok,accepted/367971,accepted/367971,accepted,accepted,yes,
369019,Hymenaster koehleri,ok,accepted/369019,accepted/369019,accepted,accepted,yes,
380747,Benthopecten claviger,ok,accepted/380747,accepted/380747,accepted,accepted,yes,
398703,Symphurus thermophilus,ok,accepted/398703,accepted/398703,accepted,accepted,yes,
409566,Narella macrocalyx,ok,accepted/409566,accepted/409566,accepted,accepted,yes,
449947,Alviniconcha hessleri,ok,accepted/449947,accepted/449947,accepted,accepted,yes,
512110,Bathybembix bairdii,ok,accepted/512110,accepted/512110,accepted,accepted,yes,
513587,Stylocidaris rufa,ok,accepted/513587,accepted/513587,accepted,accepted,yes,
528604,Psychronaetes,ok,accepted/528604,accepted/528604,accepted,accepted,yes,
550629,Lithodes longispina,ok,accepted/550629,accepted/550629,accepted,accepted,yes,
556104,Teuthidodrilus,ok,accepted/556104,accepted/556104,accepted,accepted,yes,
589657,Bathypathes conferta,ok,accepted/589657,accepted/589657,accepted,accepted,yes,
708677,Yoda purpurata,ok,accepted/708677,accepted/708677,accepted,accepted,yes,
712364,Scalicus,ok,accepted/712364,accepted/712364,accepted,accepted,yes,
712513,Halicmetus niger,ok,accepted/712513,accepted/712513,accepted,accepted,yes,
724717,Bathyalcyon,ok,accepted/724717,accepted/724717,accepted,accepted,yes,
736596,Anchinothria fissurata,ok,accepted/736596,accepted/736596,accepted,accepted,yes,
851649,Coronatae,ok,accepted/851649,accepted/851649,accepted,accepted,yes,
1014961,Carcharhinus coatesi,ok,accepted/1014961,accepted/1014961,accepted,accepted,yes,
1035143,Solmundaegina nematophora,ok,accepted/1035143,accepted/1035143,accepted,accepted,yes,
1317063,Callogorgia cracentis,ok,accepted/1317063,accepted/1317063,accepted,accepted,yes,
1317089,Paracalyptrophora spiralis,ok,accepted/1317089,accepted/1317089,accepted,accepted,yes,
1338745,Relicanthus,ok,accepted/1338745,accepted/1338745,accepted,accepted,yes,
1423588,Ijimalophus,ok,accepted/1423588,accepted/1423588,accepted,accepted,yes,
1467969,Narella hawaiiensis,ok,accepted/1467969,accepted/1467969,accepted,accepted,yes,
1595369,Tanyostea,ok,accepted/1595369,accepted/1595369,accepted,accepted,yes,
1779672,Bathydevius,ok,accepted/1779672,accepted/1779672,accepted,accepted,yes,
1782267,Paraerrina hebetis,ok,accepted/1782267,accepted/1782267,accepted,accepted,yes,
146,Neogastropoda,ok,accepted/146,accepted/146,accepted,accepted,yes,
164,Gymnosomata,ok,accepted/164,accepted/164,accepted,accepted,yes,
1078,Ostracoda,ok,accepted/1078,accepted/1078,accepted,accepted,yes,
1598,Corymorphidae,ok,accepted/1598,accepted/1598,accepted,accepted,yes,
10304,Osmeriformes,ok,accepted/10304,accepted/10304,accepted,accepted,yes,
10316,Lophiiformes,ok,accepted/10316,accepted/10316,accepted,accepted,yes,
11743,Gonatidae,ok,accepted/11743,accepted/11743,accepted,accepted,yes,
103303,Aphanipathes,ok,accepted/103303,accepted/103303,accepted,accepted,yes,
103307,Schizopathes,ok,accepted/103307,accepted/103307,accepted,accepted,yes,
103328,Parantipathes larix,ok,accepted/103328,accepted/103328,accepted,accepted,yes,
103449,Pyuridae,ok,accepted/103449,accepted/103449,accepted,accepted,yes,
103501,Octacnemus,ok,accepted/103501,accepted/103501,accepted,accepted,yes,
104298,Euchirella bitumida,ok,accepted/104298,accepted/104298,accepted,accepted,yes,
105693,Scyliorhinidae,ok,accepted/105693,accepted/105693,accepted,accepted,yes,
106344,Hormiphora,ok,accepted/106344,accepted/106344,accepted,accepted,yes,
106353,Deiopea,ok,accepted/106353,accepted/106353,accepted,accepted,yes,
106913,Rochinia,ok,accepted/106913,accepted/106913,accepted,accepted,yes,
107025,Notostomus,ok,accepted/107025,accepted/107025,accepted,accepted,yes,
118378,Paramunnopsis,ok,accepted/118378,accepted/118378,accepted,accepted,yes,
118632,Munneurycope murrayi,ok,accepted/118632,accepted/118632,accepted,accepted,yes,
123121,Asteriidae,ok,accepted/123121,accepted/123121,accepted,accepted,yes,
123184,Stichopodidae,ok,accepted/123184,accepted/123184,accepted,accepted,yes,
123194,Psychropotidae,ok,accepted/123194,accepted/123194,accepted,accepted,yes,
123198,Ophioleucidae,ok,accepted/123198,accepted/123198,accepted,accepted,yes,
123347,Porphyrocrinus,ok,accepted/123347,accepted/123347,accepted,accepted,yes,
123363,Thaumatocrinus,ok,accepted/123363,accepted/123363,accepted,accepted,yes,
124723,Amperima rosea,ok,accepted/124723,accepted/124723,accepted,accepted,yes,
125274,Ellisellidae,ok,accepted/125274,accepted/125274,accepted,accepted,yes,
125301,Eunicella,ok,accepted/125301,accepted/125301,accepted,accepted,yes,
125447,Paralepididae,ok,accepted/125447,accepted/125447,accepted,accepted,yes,
125594,Psychrolutidae,ok,accepted/125594,accepted/125594,accepted,accepted,yes,
125621,Chlopsis,ok,accepted/125621,accepted/125621,accepted,accepted,yes,
125843,Barathronus,ok,accepted/125843,accepted/125843,accepted,accepted,yes,
125861,Lamprogrammus,ok,accepted/125861,accepted/125861,accepted,accepted,yes,
125862,Monomitopus,ok,accepted/125862,accepted/125862,accepted,accepted,yes,
125865,Spectrunculus,ok,accepted/125865,accepted/125865,accepted,accepted,yes,
126140,Oncorhynchus,ok,accepted/126140,accepted/126140,accepted,accepted,yes,
126205,Chauliodus,ok,accepted/126205,accepted/126205,accepted,accepted,yes,
126284,Bathyuroconger vicinus,ok,accepted/126284,accepted/126284,accepted,accepted,yes,
126324,Ilyophis arx,ok,accepted/126324,accepted/126324,accepted,accepted,yes,
126395,Beryx splendens,ok,accepted/126395,accepted/126395,accepted,accepted,yes,
126634,Neoscopelus macrolepidotus,ok,accepted/126634,accepted/126634,accepted,accepted,yes,
127258,Setarches guentheri,ok,accepted/127258,accepted/127258,accepted,accepted,yes,
127288,Cyclothone pallida,ok,accepted/127288,accepted/127288,accepted,accepted,yes,
127307,Argyropelecus affinis,ok,accepted/127307,accepted/127307,accepted,accepted,yes,
129528,Euchone,ok,accepted/129528,accepted/129528,accepted,accepted,yes,
131673,Polymastiidae,ok,accepted/131673,accepted/131673,accepted,accepted,yes,
131894,Chondrocladia,ok,accepted/131894,accepted/131894,accepted,accepted,yes,
132080,Corallistes,ok,accepted/132080,accepted/132080,accepted,accepted,yes,
132104,Eurete,ok,accepted/132104,accepted/132104,accepted,accepted,yes,
135093,Desmophyllum,ok,accepted/135093,accepted/135093,accepted,accepted,yes,
135111,Eguchipsammia,ok,accepted/135111,accepted/135111,accepted,accepted,yes,
135112,Enallopsammia,ok,accepted/135112,accepted/135112,accepted,accepted,yes,
135490,Halistemma rubrum,ok,accepted/135490,accepted/135490,accepted,accepted,yes,
137227,Cyclosalpa,ok,accepted/137227,accepted/137227,accepted,accepted,yes,
138363,Pleurobranchaea,ok,accepted/138363,accepted/138363,accepted,accepted,yes,
138477,Sepia,ok,accepted/138477,accepted/138477,accepted,accepted,yes,
148777,Pelagothuria natatrix,ok,accepted/148777,accepted/148777,accepted,accepted,yes,
154408,Sebastolobinae,ok,accepted/154408,accepted/154408,accepted,accepted,yes,
158161,Eumedusa,ok,accepted/158161,accepted/158161,accepted,accepted,yes,
158864,Bathytyphlops marionae,ok,accepted/158864,accepted/158864,accepted,accepted,yes,
158998,Acanthonus armatus,ok,accepted/158998,accepted/158998,accepted,accepted,yes,
159129,Dicrolene,ok,accepted/159129,accepted/159129,accepted,accepted,yes,
163752,Zenometridae,ok,accepted/163752,accepted/163752,accepted,accepted,yes,
171678,Pleurochorium,ok,accepted/171678,accepted/171678,accepted,accepted,yes,
171808,Psilocalyx wilsoni,ok,accepted/171808,accepted/171808,accepted,accepted,yes,
171810,Sclerothamnopsis compressa,ok,accepted/171810,accepted/171810,accepted,accepted,yes,
171854,Corbitella,ok,accepted/171854,accepted/171854,accepted,accepted,yes,
180861,Shinkailepas,ok,accepted/180861,accepted/180861,accepted,accepted,yes,
182835,Neobythites,ok,accepted/182835,accepted/182835,accepted,accepted,yes,
196172,Charitometridae,ok,accepted/196172,accepted/196172,accepted,accepted,yes,
205418,Hoplolatilus,ok,accepted/205418,accepted/205418,accepted,accepted,yes,
205768,Kuronezumia,ok,accepted/205768,accepted/205768,accepted,accepted,yes,
206650,Halieutaea,ok,accepted/206650,accepted/206650,accepted,accepted,yes,
217857,Chaunax umbrinus,ok,accepted/217857,accepted/217857,accepted,accepted,yes,
219110,Scarus caudofasciatus,ok,accepted/219110,accepted/219110,accepted,accepted,yes,
220089,Plesiobatis daviesi,ok,accepted/220089,accepted/220089,accepted,accepted,yes,
243959,Ophioplinthaca clothilde,ok,accepted/243959,accepted/243959,accepted,accepted,yes,
246160,Acanthacaris tenuimana,ok,accepted/246160,accepted/246160,accepted,accepted,yes,
254848,Coronaster halicepus,ok,accepted/254848,accepted/254848,accepted,accepted,yes,
258461,Torquaratoridae,ok,accepted/258461,accepted/258461,accepted,accepted,yes,
261959,Paropsurus giganteus,ok,accepted/261959,accepted/261959,accepted,accepted,yes,
264856,Bathyctenidae,ok,accepted/264856,accepted/264856,accepted,accepted,yes,
267233,Antipathella,ok,accepted/267233,accepted/267233,accepted,accepted,yes,
267273,Botrucnidifer,ok,accepted/267273,accepted/267273,accepted,accepted,yes,
267795,Ptilosarcus,ok,accepted/267795,accepted/267795,accepted,accepted,yes,
269678,Leucicorus,ok,accepted/269678,accepted/269678,accepted,accepted,yes,
271270,Zalembius,ok,accepted/271270,accepted/271270,accepted,accepted,yes,
271843,Gymnothorax kidako,ok,accepted/271843,accepted/271843,accepted,accepted,yes,
272358,Coryphaenoides yaquinae,ok,accepted/272358,accepted/272358,accepted,accepted,yes,
272366,Gadomus melanopterus,ok,accepted/272366,accepted/272366,accepted,accepted,yes,
272390,Malacocephalus boretzi,ok,accepted/272390,accepted/272390,accepted,accepted,yes,
272416,Nezumia liolepis,ok,accepted/272416,accepted/272416,accepted,accepted,yes,
272511,Physiculus rhodopinnis,ok,accepted/272511,accepted/272511,accepted,accepted,yes,
272739,Aldrovandia rostrata,ok,accepted/272739,accepted/272739,accepted,accepted,yes,
272762,Cataetyx hawaiiensis,ok,accepted/272762,accepted/272762,accepted,accepted,yes,
274689,Pontinus macrocephalus,ok,accepted/274689,accepted/274689,accepted,accepted,yes,
274693,Pontinus sierra,ok,accepted/274693,accepted/274693,accepted,accepted,yes,
275831,Ipnops meadi,ok,accepted/275831,accepted/275831,accepted,accepted,yes,
275942,Liopropoma fasciatum,ok,accepted/275942,accepted/275942,accepted,accepted,yes,
276567,Symphysanodon maunaloae,ok,accepted/276567,accepted/276567,accepted,accepted,yes,
278523,Lophiodes beroe,ok,accepted/278523,accepted/278523,accepted,accepted,yes,
280344,Coelorinchus spilonotus,ok,accepted/280344,accepted/280344,accepted,accepted,yes,
280601,Elacatinus evelynae,ok,accepted/280601,accepted/280601,accepted,accepted,yes,
281339,Leucicorus atlanticus,ok,accepted/281339,accepted/281339,accepted,accepted,yes,
281340,Leucicorus lusciosus,ok,accepted/281340,accepted/281340,accepted,accepted,yes,
282828,Solocisquama erythrina,ok,accepted/282828,accepted/282828,accepted,accepted,yes,
282922,Tactostoma macropus,ok,accepted/282922,accepted/282922,accepted,accepted,yes,
282964,Thermarces cerberus,ok,accepted/282964,accepted/282964,accepted,accepted,yes,
286500,Callogorgia robusta,ok,accepted/286500,accepted/286500,accepted,accepted,yes,
286520,Narella horrida,ok,accepted/286520,accepted/286520,accepted,accepted,yes,
287658,Calyptrophora wyvillei,ok,accepted/287658,accepted/287658,accepted,accepted,yes,
289796,Dendropathes bacotaylorae,ok,accepted/289796,accepted/289796,accepted,accepted,yes,
290115,Hexapathes heterosticha,ok,accepted/290115,accepted/290115,accepted,accepted,yes,
291244,Trissopathes tetracrada,ok,accepted/291244,accepted/291244,accepted,accepted,yes,
314348,Entosphenus tridentatus,ok,accepted/314348,accepted/314348,accepted,accepted,yes,
324747,Buskiella,ok,accepted/324747,accepted/324747,accepted,accepted,yes,
341422,Enteroctopus,ok,accepted/341422,accepted/341422,accepted,accepted,yes,
343675,Neopilina,ok,accepted/343675,accepted/343675,accepted,accepted,yes,
348054,Spongicola,ok,accepted/348054,accepted/348054,accepted,accepted,yes,
368076,Sympagurus dofleini,ok,accepted/368076,accepted/368076,accepted,accepted,yes,
369021,Hymenaster pentagonalis,ok,accepted/369021,accepted/369021,accepted,accepted,yes,
390899,Austinograea,ok,accepted/390899,accepted/390899,accepted,accepted,yes,
392016,Eumunida treguieri,ok,accepted/392016,accepted/392016,accepted,accepted,yes,
395323,Earleria,ok,accepted/395323,accepted/395323,accepted,accepted,yes,
398387,Tetragondacnus spilotus,ok,accepted/398387,accepted/398387,accepted,accepted,yes,
409565,Narella vermifera,ok,accepted/409565,accepted/409565,accepted,accepted,yes,
413450,Mikadotrochus,ok,accepted/413450,accepted/413450,accepted,accepted,yes,
416647,Massya longecirrata,ok,accepted/416647,accepted/416647,accepted,accepted,yes,
428543,Galatheathuria,ok,accepted/428543,accepted/428543,accepted,accepted,yes,
475079,Hyporthodus octofasciatus,ok,accepted/475079,accepted/475079,accepted,accepted,yes,
488310,Amathillopsis annectens,ok,accepted/488310,accepted/488310,accepted,accepted,yes,
513547,Spatangus californicus,ok,accepted/513547,accepted/513547,accepted,accepted,yes,
513579,Stylocidaris calacantha,ok,accepted/513579,accepted/513579,accepted,accepted,yes,
514315,Nematocarcinus longirostris,ok,accepted/514315,accepted/514315,accepted,accepted,yes,
514332,Nematocarcinus tenuirostris,ok,accepted/514332,accepted/514332,accepted,accepted,yes,
534911,Alcockianum alcockianum,ok,accepted/534911,accepted/534911,accepted,accepted,yes,
594177,Gaza daedala,ok,accepted/594177,accepted/594177,accepted,accepted,yes,
711232,Crotalometra,ok,accepted/711232,accepted/711232,accepted,accepted,yes,
711846,Dipturus intermedius,ok,accepted/711846,accepted/711846,accepted,accepted,yes,
712476,Bassogigas walkeri,ok,accepted/712476,accepted/712476,accepted,accepted,yes,
712498,Sladenia zhui,ok,accepted/712498,accepted/712498,accepted,accepted,yes,
719480,Narella hypsocalyx,ok,accepted/719480,accepted/719480,accepted,accepted,yes,
828512,Comatulidae,ok,accepted/828512,accepted/828512,accepted,accepted,yes,
883734,Chrysogorgia abludo,ok,accepted/883734,accepted/883734,accepted,accepted,yes,
883740,Bathygorgia tasmaniensis,ok,accepted/883740,accepted/883740,accepted,accepted,yes,
954687,Crypthelia kelleyi,ok,accepted/954687,accepted/954687,accepted,accepted,yes,
1043466,Parascombrops,ok,accepted/1043466,accepted/1043466,accepted,accepted,yes,
1317068,Calyptrophora carinata,ok,accepted/1317068,accepted/1317068,accepted,accepted,yes,
1317070,Calyptrophora pourtalesi,ok,accepted/1317070,accepted/1317070,accepted,accepted,yes,
1317080,Narella merga,ok,accepted/1317080,accepted/1317080,accepted,accepted,yes,
1317084,Narella calamus,ok,accepted/1317084,accepted/1317084,accepted,accepted,yes,
1473059,Callistephanus,ok,accepted/1473059,accepted/1473059,accepted,accepted,yes,
1567760,Callistephanus pacificus,ok,accepted/1567760,accepted/1567760,accepted,accepted,yes,
1571909,Sagmatias obliquidens,ok,accepted/1571909,accepted/1571909,accepted,accepted,yes,
1758274,Umbellulidae,ok,accepted/1758274,accepted/1758274,accepted,accepted,yes,
151,Nassariidae,ok,accepted/151,accepted/151,accepted,accepted,yes,
177,Polyceridae,ok,accepted/177,accepted/177,accepted,accepted,yes,
192,Aeolidiidae,ok,accepted/192,accepted/192,accepted,accepted,yes,
211,Mytilidae,ok,accepted/211,accepted/211,accepted,accepted,yes,
793,Platyhelminthes,ok,accepted/793,accepted/793,accepted,accepted,yes,
1090,Peracarida,ok,accepted/1090,accepted/1090,accepted,accepted,yes,
10210,Carcharhiniformes,ok,accepted/10210,accepted/10210,accepted,accepted,yes,
11733,Incirrata,ok,accepted/11733,accepted/11733,accepted,accepted,yes,
16846,Aeginidae,ok,accepted/16846,accepted/16846,accepted,accepted,yes,
22632,Solemyidae,ok,accepted/22632,accepted/22632,accepted,accepted,yes,
100667,Halcampidae,ok,accepted/100667,accepted/100667,accepted,accepted,yes,
100713,Parasicyonis,ok,accepted/100713,accepted/100713,accepted,accepted,yes,
100743,Halcampoides,ok,accepted/100743,accepted/100743,accepted,accepted,yes,
100778,Arachnactis,ok,accepted/100778,accepted/100778,accepted,accepted,yes,
103354,Fritillariidae,ok,accepted/103354,accepted/103354,accepted,accepted,yes,
103870,Cnemidocarpa finmarkiensis,ok,accepted/103870,accepted/103870,accepted,accepted,yes,
105775,Etmopterus,ok,accepted/105775,accepted/105775,accepted,accepted,yes,
105788,Carcharhinus brevipinna,ok,accepted/105788,accepted/105788,accepted,accepted,yes,
105817,Sphyrna mokarran,ok,accepted/105817,accepted/105817,accepted,accepted,yes,
105835,Alopias superciliosus,ok,accepted/105835,accepted/105835,accepted,accepted,yes,
106088,Oxynaspis,ok,accepted/106088,accepted/106088,accepted,accepted,yes,
106683,Penaeoidea,ok,accepted/106683,accepted/106683,accepted,accepted,yes,
106725,Aristeidae,ok,accepted/106725,accepted/106725,accepted,accepted,yes,
106747,Calappidae,ok,accepted/106747,accepted/106747,accepted,accepted,yes,
106800,Callianassidae,ok,accepted/106800,accepted/106800,accepted,accepted,yes,
106812,Benthonectes,ok,accepted/106812,accepted/106812,accepted,accepted,yes,
106825,Hymenopenaeus,ok,accepted/106825,accepted/106825,accepted,accepted,yes,
106869,Paromola,ok,accepted/106869,accepted/106869,accepted,accepted,yes,
106956,Progeryon,ok,accepted/106956,accepted/106956,accepted,accepted,yes,
107014,Glyphocrangon,ok,accepted/107014,accepted/107014,accepted,accepted,yes,
107090,Benthesicymus laciniatus,ok,accepted/107090,accepted/107090,accepted,accepted,yes,
110363,Bonellia viridis,ok,accepted/110363,accepted/110363,accepted,accepted,yes,
110671,Euphausiidae,ok,accepted/110671,accepted/110671,accepted,accepted,yes,
117072,Cunina,ok,accepted/117072,accepted/117072,accepted,accepted,yes,
117241,Crypthelia,ok,accepted/117241,accepted/117241,accepted,accepted,yes,
117243,Lepidopora,ok,accepted/117243,accepted/117243,accepted,accepted,yes,
117270,Aequorea forskalea,ok,accepted/117270,accepted/117270,accepted,accepted,yes,
117868,Tetrorchis erythrogaster,ok,accepted/117868,accepted/117868,accepted,accepted,yes,
123095,Isocrinida,ok,accepted/123095,accepted/123095,accepted,accepted,yes,
123127,Astropectinidae,ok,accepted/123127,accepted/123127,accepted,accepted,yes,
123130,Porcellanasteridae,ok,accepted/123130,accepted/123130,accepted,accepted,yes,
123141,Myxasteridae,ok,accepted/123141,accepted/123141,accepted,accepted,yes,
123210,Brisinga,ok,accepted/123210,accepted/123210,accepted,accepted,yes,
123225,Sclerasterias,ok,accepted/123225,accepted/123225,accepted,accepted,yes,
123245,Astropecten,ok,accepted/123245,accepted/123245,accepted,accepted,yes,
123304,Pseudarchaster,ok,accepted/123304,accepted/123304,accepted,accepted,yes,
123305,Sphaeriodiscus,ok,accepted/123305,accepted/123305,accepted,accepted,yes,
123314,Ophidiaster,ok,accepted/123314,accepted/123314,accepted,accepted,yes,
123382,Stereocidaris,ok,accepted/123382,accepted/123382,accepted,accepted,yes,
125432,Nemichthyidae,ok,accepted/125432,accepted/125432,accepted,accepted,yes,
125511,Microstomatidae,ok,accepted/125511,accepted/125511,accepted,accepted,yes,
125561,Serranidae,ok,accepted/125561,accepted/125561,accepted,accepted,yes,
125571,Trichiuridae,ok,accepted/125571,accepted/125571,accepted,accepted,yes,
125610,Monacanthidae,ok,accepted/125610,accepted/125610,accepted,accepted,yes,
125611,Ostraciidae,ok,accepted/125611,accepted/125611,accepted,accepted,yes,
125625,Gnathophis,ok,accepted/125625,accepted/125625,accepted,accepted,yes,
125640,Facciolella,ok,accepted/125640,accepted/125640,accepted,accepted,yes,
125647,Ophichthus,ok,accepted/125647,accepted/125647,accepted,accepted,yes,
125686,Synodus,ok,accepted/125686,accepted/125686,accepted,accepted,yes,
125705,Gephyroberyx,ok,accepted/125705,accepted/125705,accepted,accepted,yes,
125706,Hoplostethus,ok,accepted/125706,accepted/125706,accepted,accepted,yes,
125837,Aldrovandia,ok,accepted/125837,accepted/125837,accepted,accepted,yes,
125855,Barathrites,ok,accepted/125855,accepted/125855,accepted,accepted,yes,
125888,Bathylagus,ok,accepted/125888,accepted/125888,accepted,accepted,yes,
126177,Setarches,ok,accepted/126177,accepted/126177,accepted,accepted,yes,
126202,Astronesthes,ok,accepted/126202,accepted/126202,accepted,accepted,yes,
126323,Histiobranchus bathybius,ok,accepted/126323,accepted/126323,accepted,accepted,yes,
126327,Simenchelys parasitica,ok,accepted/126327,accepted/126327,accepted,accepted,yes,
126400,Sargocentron rubrum,ok,accepted/126400,accepted/126400,accepted,accepted,yes,
126491,Laemonema robustum,ok,accepted/126491,accepted/126491,accepted,accepted,yes,
126989,Upeneus moluccensis,ok,accepted/126989,accepted/126989,accepted,accepted,yes,
127420,Grammicolepis brachiusculus,ok,accepted/127420,accepted/127420,accepted,accepted,yes,
127522,Gigantocypris,ok,accepted/127522,accepted/127522,accepted,accepted,yes,
128502,Stylatula,ok,accepted/128502,accepted/128502,accepted,accepted,yes,
130219,Pelagobia longicirrata,ok,accepted/130219,accepted/130219,accepted,accepted,yes,
131665,Pachastrellidae,ok,accepted/131665,accepted/131665,accepted,accepted,yes,
131852,Oceanapia,ok,accepted/131852,accepted/131852,accepted,accepted,yes,
132046,Polymastia,ok,accepted/132046,accepted/132046,accepted,accepted,yes,
132086,Leiodermatium,ok,accepted/132086,accepted/132086,accepted,accepted,yes,
132114,Euplectella,ok,accepted/132114,accepted/132114,accepted,accepted,yes,
135085,Caryophyllia,ok,accepted/135085,accepted/135085,accepted,accepted,yes,
135115,Javania,ok,accepted/135115,accepted/135115,accepted,accepted,yes,
135119,Fungiacyathus,ok,accepted/135119,accepted/135119,accepted,accepted,yes,
135136,Caryophyllia (Caryophyllia) atlantica,ok,accepted/135136,accepted/135136,accepted,accepted,yes,
135220,Scyphozoa,ok,accepted/135220,accepted/135220,accepted,accepted,yes,
135250,Nausithoe,ok,accepted/135250,accepted/135250,accepted,accepted,yes,
135381,Sphaeronectes,ok,accepted/135381,accepted/135381,accepted,accepted,yes,
135386,Cordagalma,ok,accepted/135386,accepted/135386,accepted,accepted,yes,
135388,Frillagalma,ok,accepted/135388,accepted/135388,accepted,accepted,yes,
135391,Marrus,ok,accepted/135391,accepted/135391,accepted,accepted,yes,
137219,Dolioletta,ok,accepted/137219,accepted/137219,accepted,accepted,yes,
137827,Phymorhynchus,ok,accepted/137827,accepted/137827,accepted,accepted,yes,
137928,Elysia,ok,accepted/137928,accepted/137928,accepted,accepted,yes,
147028,Nebaliacea,ok,accepted/147028,accepted/147028,accepted,accepted,yes,
148414,Chirostylus,ok,accepted/148414,accepted/148414,accepted,accepted,yes,
151169,Trachinotus blochii,ok,accepted/151169,accepted/151169,accepted,accepted,yes,
151413,Pinguipedidae,ok,accepted/151413,accepted/151413,accepted,accepted,yes,
151443,Opistognathidae,ok,accepted/151443,accepted/151443,accepted,accepted,yes,
152686,Stenosemus,ok,accepted/152686,accepted/152686,accepted,accepted,yes,
153091,Cirroteuthis,ok,accepted/153091,accepted/153091,accepted,accepted,yes,
154417,Cottoidei,ok,accepted/154417,accepted/154417,accepted,accepted,yes,
154974,Canalipalpata,ok,accepted/154974,accepted/154974,accepted,accepted,yes,
158656,Diastobranchus capensis,ok,accepted/158656,accepted/158656,accepted,accepted,yes,
158746,Ventrifossa,ok,accepted/158746,accepted/158746,accepted,accepted,yes,
159383,Myripristis,ok,accepted/159383,accepted/159383,accepted,accepted,yes,
159398,Ostichthys,ok,accepted/159398,accepted/159398,accepted,accepted,yes,
159425,Barbourisia rufa,ok,accepted/159425,accepted/159425,accepted,accepted,yes,
159566,Ectreposebastes imus,ok,accepted/159566,accepted/159566,accepted,accepted,yes,
159788,Etelis,ok,accepted/159788,accepted/159788,accepted,accepted,yes,
160732,Echinothurioida,ok,accepted/160732,accepted/160732,accepted,accepted,yes,
165937,Spongosorites siliquaria,ok,accepted/165937,accepted/165937,accepted,accepted,yes,
171932,Placopegma,ok,accepted/171932,accepted/171932,accepted,accepted,yes,
172639,Ophioleuce,ok,accepted/172639,accepted/172639,accepted,accepted,yes,
178136,Rosaster,ok,accepted/178136,accepted/178136,accepted,accepted,yes,
178195,Tamaria,ok,accepted/178195,accepted/178195,accepted,accepted,yes,
179653,Echinometridae,ok,accepted/179653,accepted/179653,accepted,accepted,yes,
181385,Cranchia,ok,accepted/181385,accepted/181385,accepted,accepted,yes,
183494,Articulata,ok,accepted/183494,accepted/183494,accepted,accepted,yes,
196169,Nidaliidae,ok,accepted/196169,accepted/196169,accepted,accepted,yes,
196325,Pleurotomariidae,ok,accepted/196325,accepted/196325,accepted,accepted,yes,
203986,Eleutherobia,ok,accepted/203986,accepted/203986,accepted,accepted,yes,
204183,Stethojulis,ok,accepted/204183,accepted/204183,accepted,accepted,yes,
204195,Euplexaura,ok,accepted/204195,accepted/204195,accepted,accepted,yes,
204256,Pomacentrus,ok,accepted/204256,accepted/204256,accepted,accepted,yes,
205127,Calibelemnon,ok,accepted/205127,accepted/205127,accepted,accepted,yes,
205513,Distichopora,ok,accepted/205513,accepted/205513,accepted,accepted,yes,
205723,Amphiprion,ok,accepted/205723,accepted/205723,accepted,accepted,yes,
205764,Labropsis,ok,accepted/205764,accepted/205764,accepted,accepted,yes,
206047,Calocarcinus,ok,accepted/206047,accepted/206047,accepted,accepted,yes,
206169,Paracaesio,ok,accepted/206169,accepted/206169,accepted,accepted,yes,
206307,Pyramodon,ok,accepted/206307,accepted/206307,accepted,accepted,yes,
206334,Halieutopsis,ok,accepted/206334,accepted/206334,accepted,accepted,yes,
206379,Centropyge,ok,accepted/206379,accepted/206379,accepted,accepted,yes,
206711,Trichonotus,ok,accepted/206711,accepted/206711,accepted,accepted,yes,
206731,Samariscus,ok,accepted/206731,accepted/206731,accepted,accepted,yes,
208914,Pseudocheilinus octotaenia,ok,accepted/208914,accepted/208914,accepted,accepted,yes,
208915,Pseudocheilinus hexataenia,ok,accepted/208915,accepted/208915,accepted,accepted,yes,
209373,Cheilodipterus macrodon,ok,accepted/209373,accepted/209373,accepted,accepted,yes,
212544,Etelis coruscans,ok,accepted/212544,accepted/212544,accepted,accepted,yes,
217469,Echidna nebulosa,ok,accepted/217469,accepted/217469,accepted,accepted,yes,
217797,Brotula multibarbata,ok,accepted/217797,accepted/217797,accepted,accepted,yes,
217915,Myripristis kuntee,ok,accepted/217915,accepted/217915,accepted,accepted,yes,
217954,Sargocentron tiere,ok,accepted/217954,accepted/217954,accepted,accepted,yes,
218180,Cephalopholis spiloparaea,ok,accepted/218180,accepted/218180,accepted,accepted,yes,
218202,Epinephelus macrospilos,ok,accepted/218202,accepted/218202,accepted,accepted,yes,
218224,Epinephelus lanceolatus,ok,accepted/218224,accepted/218224,accepted,accepted,yes,
218261,Plectropomus leopardus,ok,accepted/218261,accepted/218261,accepted,accepted,yes,
218427,Decapterus russelli,ok,accepted/218427,accepted/218427,accepted,accepted,yes,
218431,Parastromateus niger,ok,accepted/218431,accepted/218431,accepted,accepted,yes,
218468,Aphareus rutilans,ok,accepted/218468,accepted/218468,accepted,accepted,yes,
218514,Pristipomoides zonatus,ok,accepted/218514,accepted/218514,accepted,accepted,yes,
218539,Plectorhinchus gibbosus,ok,accepted/218539,accepted/218539,accepted,accepted,yes,
218725,Chaetodon oxycephalus,ok,accepted/218725,accepted/218725,accepted,accepted,yes,
218779,Amblyglyphidodon leucogaster,ok,accepted/218779,accepted/218779,accepted,accepted,yes,
218847,Stegastes albifasciatus,ok,accepted/218847,accepted/218847,accepted,accepted,yes,
219091,Leptoscarus vaigiensis,ok,accepted/219091,accepted/219091,accepted,accepted,yes,
219114,Scarus scaber,ok,accepted/219114,accepted/219114,accepted,accepted,yes,
219242,Aspidontus taeniatus,ok,accepted/219242,accepted/219242,accepted,accepted,yes,
219617,Ptereleotris heteroptera,ok,accepted/219617,accepted/219617,accepted,accepted,yes,
219620,Ptereleotris grammica,ok,accepted/219620,accepted/219620,accepted,accepted,yes,
219713,Sarda orientalis,ok,accepted/219713,accepted/219713,accepted,accepted,yes,
219860,Symphurus strictus,ok,accepted/219860,accepted/219860,accepted,accepted,yes,
219897,Xanthichthys auromarginatus,ok,accepted/219897,accepted/219897,accepted,accepted,yes,
219928,Arothron stellatus,ok,accepted/219928,accepted/219928,accepted,accepted,yes,
219936,Canthigaster coronata,ok,accepted/219936,accepted/219936,accepted,accepted,yes,
219964,Chilomycterus reticulatus,ok,accepted/219964,accepted/219964,accepted,accepted,yes,
221455,Hexatrygon bickelli,ok,accepted/221455,accepted/221455,accepted,accepted,yes,
238008,Thalassocalycida,ok,accepted/238008,accepted/238008,accepted,accepted,yes,
242159,Evoplosoma forcipifera,ok,accepted/242159,accepted/242159,accepted,accepted,yes,
243262,Gorgonocephalus dolichodactylus,ok,accepted/243262,accepted/243262,accepted,accepted,yes,
244256,Ophiura aequalis,ok,accepted/244256,accepted/244256,accepted,accepted,yes,
246545,Paralomis birsteini,ok,accepted/246545,accepted/246545,accepted,accepted,yes,
248995,Munnicope,ok,accepted/248995,accepted/248995,accepted,accepted,yes,
249149,Paropsurus,ok,accepted/249149,accepted/249149,accepted,accepted,yes,
249262,Rectisura,ok,accepted/249262,accepted/249262,accepted,accepted,yes,
250404,Culeolus recumbens,ok,accepted/250404,accepted/250404,accepted,accepted,yes,
254837,Zoroaster ophiurus,ok,accepted/254837,accepted/254837,accepted,accepted,yes,
254888,Gilbertaster anacanthus,ok,accepted/254888,accepted/254888,accepted,accepted,yes,
254894,Hippasteria imperialis,ok,accepted/254894,accepted/254894,accepted,accepted,yes,
267045,Etmopteridae,ok,accepted/267045,accepted/267045,accepted,accepted,yes,
267184,Abyssopathes,ok,accepted/267184,accepted/267184,accepted,accepted,yes,
267357,Cupressopathes,ok,accepted/267357,accepted/267357,accepted,accepted,yes,
268530,Bembradium,ok,accepted/268530,accepted/268530,accepted,accepted,yes,
268935,Cyttomimus,ok,accepted/268935,accepted/268935,accepted,accepted,yes,
270136,Osteodiscus,ok,accepted/270136,accepted/270136,accepted,accepted,yes,
270184,Parabothus,ok,accepted/270184,accepted/270184,accepted,accepted,yes,
270275,Paraulopus,ok,accepted/270275,accepted/270275,accepted,accepted,yes,
270310,Parvilux,ok,accepted/270310,accepted/270310,accepted,accepted,yes,
270919,Sladenia,ok,accepted/270919,accepted/270919,accepted,accepted,yes,
271654,Somniosus pacificus,ok,accepted/271654,accepted/271654,accepted,accepted,yes,
271922,Venefica tentaculata,ok,accepted/271922,accepted/271922,accepted,accepted,yes,
271959,Ophichthus kunaloa,ok,accepted/271959,accepted/271959,accepted,accepted,yes,
272146,Tylosurus gavialoides,ok,accepted/272146,accepted/272146,accepted,accepted,yes,
272478,Laemonema rhodochir,ok,accepted/272478,accepted/272478,accepted,accepted,yes,
272550,Chaunax endeavouri,ok,accepted/272550,accepted/272550,accepted,accepted,yes,
272792,Bassozetus nasus,ok,accepted/272792,accepted/272792,accepted,accepted,yes,
272960,Acanthurus fowleri,ok,accepted/272960,accepted/272960,accepted,accepted,yes,
273526,Bodianus cylindriatus,ok,accepted/273526,accepted/273526,accepted,accepted,yes,
273536,Bodianus mesothorax,ok,accepted/273536,accepted/273536,accepted,accepted,yes,
273673,Upeneus sundaicus,ok,accepted/273673,accepted/273673,accepted,accepted,yes,
273921,Siganus punctatissimus,ok,accepted/273921,accepted/273921,accepted,accepted,yes,
274134,Melanostigma pammelas,ok,accepted/274134,accepted/274134,accepted,accepted,yes,
274777,Sebastes borealis,ok,accepted/274777,accepted/274777,accepted,accepted,yes,
274854,Sebastes simulator,ok,accepted/274854,accepted/274854,accepted,accepted,yes,
274946,Cyclothone parapallida,ok,accepted/274946,accepted/274946,accepted,accepted,yes,
275404,Elops hawaiensis,ok,accepted/275404,accepted/275404,accepted,accepted,yes,
276012,Holacanthus ciliaris,ok,accepted/276012,accepted/276012,accepted,accepted,yes,
276518,Etelis radiosus,ok,accepted/276518,accepted/276518,accepted,accepted,yes,
276524,Lutjanus argentiventris,ok,accepted/276524,accepted/276524,accepted,accepted,yes,
276530,Lutjanus decussatus,ok,accepted/276530,accepted/276530,accepted,accepted,yes,
276566,Symphysanodon katayamai,ok,accepted/276566,accepted/276566,accepted,accepted,yes,
276680,Stegastes rectifraenum,ok,accepted/276680,accepted/276680,accepted,accepted,yes,
276893,Centroberyx druzhinini,ok,accepted/276893,accepted/276893,accepted,accepted,yes,
276998,Parapercis haackei,ok,accepted/276998,accepted/276998,accepted,accepted,yes,
277652,Ecsenius bicolor,ok,accepted/277652,accepted/277652,accepted,accepted,yes,
277814,Parupeneus crassilabris,ok,accepted/277814,accepted/277814,accepted,accepted,yes,
278243,Aetobatus ocellatus,ok,accepted/278243,accepted/278243,accepted,accepted,yes,
278639,Lethrinus semicinctus,ok,accepted/278639,accepted/278639,accepted,accepted,yes,
278813,Neoglyphidodon nigroris,ok,accepted/278813,accepted/278813,accepted,accepted,yes,
279274,Eptatretus carlhubbsi,ok,accepted/279274,accepted/279274,accepted,accepted,yes,
279296,Eptatretus sinus,ok,accepted/279296,accepted/279296,accepted,accepted,yes,
279314,Meiacanthus luteus,ok,accepted/279314,accepted/279314,accepted,accepted,yes,
279469,Acanthochromis polyacanthus,ok,accepted/279469,accepted/279469,accepted,accepted,yes,
280268,Coelorinchus cingulatus,ok,accepted/280268,accepted/280268,accepted,accepted,yes,
280349,Coelorinchus tokiensis,ok,accepted/280349,accepted/280349,accepted,accepted,yes,
280596,Eknomoliparis chirichignoae,ok,accepted/280596,accepted/280596,accepted,accepted,yes,
280736,Eucryphycus californicus,ok,accepted/280736,accepted/280736,accepted,accepted,yes,
280749,Eumegistus illustris,ok,accepted/280749,accepted/280749,accepted,accepted,yes,
280939,Grammatonotus macrophthalmus,ok,accepted/280939,accepted/280939,accepted,accepted,yes,
280983,Halimochirurgus alcocki,ok,accepted/280983,accepted/280983,accepted,accepted,yes,
281041,Hemitriakis falcata,ok,accepted/281041,accepted/281041,accepted,accepted,yes,
281224,Kochichthys flavofasciatus,ok,accepted/281224,accepted/281224,accepted,accepted,yes,
281305,Lepidopsetta bilineata,ok,accepted/281305,accepted/281305,accepted,accepted,yes,
281745,Netuma thalassina,ok,accepted/281745,accepted/281745,accepted,accepted,yes,
282283,Plectobranchus evides,ok,accepted/282283,accepted/282283,accepted,accepted,yes,
282315,Polylepion russelli,ok,accepted/282315,accepted/282315,accepted,accepted,yes,
282395,Psammoperca waigiensis,ok,accepted/282395,accepted/282395,accepted,accepted,yes,
282547,Randallichthys filamentosus,ok,accepted/282547,accepted/282547,accepted,accepted,yes,
282656,Saloptia powelli,ok,accepted/282656,accepted/282656,accepted,accepted,yes,
283230,Zoramia viridiventer,ok,accepted/283230,accepted/283230,accepted,accepted,yes,
283828,Corallimorphus denhartogi,ok,accepted/283828,accepted/283828,accepted,accepted,yes,
283948,Bathypathes seculata,ok,accepted/283948,accepted/283948,accepted,accepted,yes,
286162,Radicipes spiralis,ok,accepted/286162,accepted/286162,accepted,accepted,yes,
286298,Acanella dispar,ok,accepted/286298,accepted/286298,accepted,accepted,yes,
286602,Paragorgia coralloides,ok,accepted/286602,accepted/286602,accepted,accepted,yes,
287651,Calyptrophora clarki,ok,accepted/287651,accepted/287651,accepted,accepted,yes,
289303,Abyssopathes lyra,ok,accepted/289303,accepted/289303,accepted,accepted,yes,
289759,Cupressopathes abies,ok,accepted/289759,accepted/289759,accepted,accepted,yes,
290684,Parastenella ramosa,ok,accepted/290684,accepted/290684,accepted,accepted,yes,
291146,Stylobates aeneus,ok,accepted/291146,accepted/291146,accepted,accepted,yes,
292714,Rhipidaster,ok,accepted/292714,accepted/292714,accepted,accepted,yes,
297251,Novaculops,ok,accepted/297251,accepted/297251,accepted,accepted,yes,
311421,Odontanthias unimaculatus,ok,accepted/311421,accepted/311421,accepted,accepted,yes,
313075,Cephalopholis nigripinnis,ok,accepted/313075,accepted/313075,accepted,accepted,yes,
324929,Branchinotogluma,ok,accepted/324929,accepted/324929,accepted,accepted,yes,
325348,Storthyngurinae,ok,accepted/325348,accepted/325348,accepted,accepted,yes,
340805,Hyocrinus,ok,accepted/340805,accepted/340805,accepted,accepted,yes,
341453,Pinnoctopus,ok,accepted/341453,accepted/341453,accepted,accepted,yes,
342241,Sepioteuthis sepioidea,ok,accepted/342241,accepted/342241,accepted,accepted,yes,
368798,Calliaster pedicellaris,ok,accepted/368798,accepted/368798,accepted,accepted,yes,
368852,Sphaeriodiscus ammophilus,ok,accepted/368852,accepted/368852,accepted,accepted,yes,
377369,Paranepanthia,ok,accepted/377369,accepted/377369,accepted,accepted,yes,
377450,Hymenopenaeus doris,ok,accepted/377450,accepted/377450,accepted,accepted,yes,
380342,Dytaster gilberti,ok,accepted/380342,accepted/380342,accepted,accepted,yes,
385501,Tenebrincola cukri,ok,accepted/385501,accepted/385501,accepted,accepted,yes,
392186,Babamunida plexaura,ok,accepted/392186,accepted/392186,accepted,accepted,yes,
392211,Galacantha rostrata,ok,accepted/392211,accepted/392211,accepted,accepted,yes,
397696,Abyssoberyx,ok,accepted/397696,accepted/397696,accepted,accepted,yes,
397897,Neotrygon,ok,accepted/397897,accepted/397897,accepted,accepted,yes,
398331,Neotrygon leylandi,ok,accepted/398331,accepted/398331,accepted,accepted,yes,
398369,Guentherus katoi,ok,accepted/398369,accepted/398369,accepted,accepted,yes,
398611,Parapercis queenslandica,ok,accepted/398611,accepted/398611,accepted,accepted,yes,
401295,Chromileptes altivelis,ok,accepted/401295,accepted/401295,accepted,accepted,yes,
402495,Thalassoma septemfasciatum,ok,accepted/402495,accepted/402495,accepted,accepted,yes,
430683,Resomia ornicephala,ok,accepted/430683,accepted/430683,accepted,accepted,yes,
432297,Cyphoma gibbosum,ok,accepted/432297,accepted/432297,accepted,accepted,yes,
440137,Metadynomene tanensis,ok,accepted/440137,accepted/440137,accepted,accepted,yes,
440292,Gandalfus yunohana,ok,accepted/440292,accepted/440292,accepted,accepted,yes,
440394,Platepistoma macrophthalmum,ok,accepted/440394,accepted/440394,accepted,accepted,yes,
441027,Progeryon mus,ok,accepted/441027,accepted/441027,accepted,accepted,yes,
456751,Caenopedina hawaiiensis,ok,accepted/456751,accepted/456751,accepted,accepted,yes,
512940,Phrissocystis,ok,accepted/512940,accepted/512940,accepted,accepted,yes,
513188,Clypeaster lytopetalus,ok,accepted/513188,accepted/513188,accepted,accepted,yes,
513330,Histocidaris carinata,ok,accepted/513330,accepted/513330,accepted,accepted,yes,
513561,Stereocidaris granularis,ok,accepted/513561,accepted/513561,accepted,accepted,yes,
514389,Bathystylodactylus bathyalis,ok,accepted/514389,accepted/514389,accepted,accepted,yes,
515504,Plesionika pacifica,ok,accepted/515504,accepted/515504,accepted,accepted,yes,
529363,Apostichopus californicus,ok,accepted/529363,accepted/529363,accepted,accepted,yes,
534913,Alepas pacifica,ok,accepted/534913,accepted/534913,accepted,accepted,yes,
535364,Striatobalanus amaryllis,ok,accepted/535364,accepted/535364,accepted,accepted,yes,
550598,Paralomis seagranti,ok,accepted/550598,accepted/550598,accepted,accepted,yes,
550645,Paralithodes rathbuni,ok,accepted/550645,accepted/550645,accepted,accepted,yes,
564909,Acanthephyra eximia,ok,accepted/564909,accepted/564909,accepted,accepted,yes,
577361,Dendronotus patricki,ok,accepted/577361,accepted/577361,accepted,accepted,yes,
582527,Forcipulatacea,ok,accepted/582527,accepted/582527,accepted,accepted,yes,
589793,Cerataspis,ok,accepted/589793,accepted/589793,accepted,accepted,yes,
711362,Cyllometra manca,ok,accepted/711362,accepted/711362,accepted,accepted,yes,
712685,Ostorhinchus rueppellii,ok,accepted/712685,accepted/712685,accepted,accepted,yes,
720105,Doliolula equus,ok,accepted/720105,accepted/720105,accepted,accepted,yes,
722847,Bathycrininae,ok,accepted/722847,accepted/722847,accepted,accepted,yes,
740050,Telopathes,ok,accepted/740050,accepted/740050,accepted,accepted,yes,
747394,Farrea truncata,ok,accepted/747394,accepted/747394,accepted,accepted,yes,
854485,Sagartia undata,ok,accepted/854485,accepted/854485,accepted,accepted,yes,
883732,Paracalyptrophora echinata,ok,accepted/883732,accepted/883732,accepted,accepted,yes,
883739,Bathygorgia abyssicola,ok,accepted/883739,accepted/883739,accepted,accepted,yes,
888633,Leiopathes annosa,ok,accepted/888633,accepted/888633,accepted,accepted,yes,
1020525,Scalicus engyceros,ok,accepted/1020525,accepted/1020525,accepted,accepted,yes,
1021147,Pristigenys refulgens,ok,accepted/1021147,accepted/1021147,accepted,accepted,yes,
1311288,Pleurocorallium secundum,ok,accepted/1311288,accepted/1311288,accepted,accepted,yes,
1313257,Ziminella vrijenhoeki,ok,accepted/1313257,accepted/1313257,accepted,accepted,yes,
1317066,Calyptrophora lyra,ok,accepted/1317066,accepted/1317066,accepted,accepted,yes,
1320613,Squalus hawaiiensis,ok,accepted/1320613,accepted/1320613,accepted,accepted,yes,
1424919,Ijimalophus hawaiicus,ok,accepted/1424919,accepted/1424919,accepted,accepted,yes,
1436333,Peinaleopolynoe orphanae,ok,accepted/1436333,accepted/1436333,accepted,accepted,yes,
1466703,Alternatipathes venusta,ok,accepted/1466703,accepted/1466703,accepted,accepted,yes,
1671463,Parachrysogorgia admete,ok,accepted/1671463,accepted/1671463,accepted,accepted,yes,
1803740,Caliraja stellulata,ok,accepted/1803740,accepted/1803740,accepted,accepted,yes,
1813559,Insigniteuthis albatrossi,ok,accepted/1813559,accepted/1813559,accepted,accepted,yes,
1846862,Sayonara xanthomaculata,ok,accepted/1846862,accepted/1846862,accepted,accepted,yes,
1859438,Tenuicephalichthys silus,ok,accepted/1859438,accepted/1859438,accepted,accepted,yes,
167,Sacoglossa,ok,accepted/167,accepted/167,accepted,accepted,yes,
183,Tritoniidae,ok,accepted/183,accepted/183,accepted,accepted,yes,
189,Aeolidioidea,ok,accepted/189,accepted/189,accepted,accepted,yes,
892,Phyllodocida,ok,accepted/892,accepted/892,accepted,accepted,yes,
932,Alciopini,ok,accepted/932,accepted/932,accepted,accepted,yes,
959,Typhloscolecidae,ok,accepted/959,accepted/959,accepted,accepted,yes,
976,Flabelligeridae,ok,accepted/976,accepted/976,accepted,accepted,yes,
979,Sabellariidae,ok,accepted/979,accepted/979,accepted,accepted,yes,
983,Trichobranchidae,ok,accepted/983,accepted/983,accepted,accepted,yes,
1789,Phoronida,ok,accepted/1789,accepted/1789,accepted,accepted,yes,
2094,Solenogastres,ok,accepted/2094,accepted/2094,accepted,accepted,yes,
7173,Lottiidae,ok,accepted/7173,accepted/7173,accepted,accepted,yes,
9904,Dorididae,ok,accepted/9904,accepted/9904,accepted,accepted,yes,
10189,Myxini,ok,accepted/10189,accepted/10189,accepted,accepted,yes,
11014,Perciformes,ok,accepted/11014,accepted/11014,accepted,accepted,yes,
11740,Enoploteuthidae,ok,accepted/11740,accepted/11740,accepted,accepted,yes,
11776,Cirroteuthidae,ok,accepted/11776,accepted/11776,accepted,accepted,yes,
14672,Octopodoidea,ok,accepted/14672,accepted/14672,accepted,accepted,yes,
14712,Heterobranchia,ok,accepted/14712,accepted/14712,accepted,accepted,yes,
16848,Solmarisidae,ok,accepted/16848,accepted/16848,accepted,accepted,yes,
22585,Platyctenida,ok,accepted/22585,accepted/22585,accepted,accepted,yes,
22754,Trachylinae,ok,accepted/22754,accepted/22754,accepted,accepted,yes,
23022,Cypraeidae,ok,accepted/23022,accepted/23022,accepted,accepted,yes,
100688,Epizoanthidae,ok,accepted/100688,accepted/100688,accepted,accepted,yes,
100701,Condylactis,ok,accepted/100701,accepted/100701,accepted,accepted,yes,
100731,Edwardsiella,ok,accepted/100731,accepted/100731,accepted,accepted,yes,
101363,Amathillopsidae,ok,accepted/101363,accepted/101363,accepted,accepted,yes,
101389,Ischyroceridae,ok,accepted/101389,accepted/101389,accepted,accepted,yes,
101404,Pleustidae,ok,accepted/101404,accepted/101404,accepted,accepted,yes,
101418,Lanceolidae,ok,accepted/101418,accepted/101418,accepted,accepted,yes,
101506,Epimeria,ok,accepted/101506,accepted/101506,accepted,accepted,yes,
103365,Mesochordaeus,ok,accepted/103365,accepted/103365,accepted,accepted,yes,
103439,Didemnidae,ok,accepted/103439,accepted/103439,accepted,accepted,yes,
103497,Corynascidia,ok,accepted/103497,accepted/103497,accepted,accepted,yes,
103502,Situla,ok,accepted/103502,accepted/103502,accepted,accepted,yes,
105445,Pseudosagitta maxima,ok,accepted/105445,accepted/105445,accepted,accepted,yes,
105705,Ginglymostomatidae,ok,accepted/105705,accepted/105705,accepted,accepted,yes,
105801,Prionace glauca,ok,accepted/105801,accepted/105801,accepted,accepted,yes,
106070,Archaeobalaninae,ok,accepted/106070,accepted/106070,accepted,accepted,yes,
106346,Pleurobrachia,ok,accepted/106346,accepted/106346,accepted,accepted,yes,
106761,Parthenopidae,ok,accepted/106761,accepted/106761,accepted,accepted,yes,
106782,Crangonidae,ok,accepted/106782,accepted/106782,accepted,accepted,yes,
106867,Homola,ok,accepted/106867,accepted/106867,accepted,accepted,yes,
106898,Chionoecetes,ok,accepted/106898,accepted/106898,accepted,accepted,yes,
106930,Portunus,ok,accepted/106930,accepted/106930,accepted,accepted,yes,
107111,Penaeopsis serrata,ok,accepted/107111,accepted/107111,accepted,accepted,yes,
107171,Munidopsis antonii,ok,accepted/107171,accepted/107171,accepted,accepted,yes,
107183,Munidopsis subsquamosa,ok,accepted/107183,accepted/107183,accepted,accepted,yes,
107521,Lebbeus polaris,ok,accepted/107521,accepted/107521,accepted,accepted,yes,
107644,Heterocarpus ensifer,ok,accepted/107644,accepted/107644,accepted,accepted,yes,
110722,Cheilostomatida,ok,accepted/110722,accepted/110722,accepted,accepted,yes,
110955,Phidolopora,ok,accepted/110955,accepted/110955,accepted,accepted,yes,
117082,Eutima,ok,accepted/117082,accepted/117082,accepted,accepted,yes,
117095,Euphysa,ok,accepted/117095,accepted/117095,accepted,accepted,yes,
117110,Halitrephes,ok,accepted/117110,accepted/117110,accepted,accepted,yes,
117164,Octogonade,ok,accepted/117164,accepted/117164,accepted,accepted,yes,
117183,Leuckartiara,ok,accepted/117183,accepted/117183,accepted,accepted,yes,
117222,Sminthea,ok,accepted/117222,accepted/117222,accepted,accepted,yes,
117266,Aeginura grimaldii,ok,accepted/117266,accepted/117266,accepted,accepted,yes,
117615,Botrynema brucei,ok,accepted/117615,accepted/117615,accepted,accepted,yes,
117757,Octogonade mediterranea,ok,accepted/117757,accepted/117757,accepted,accepted,yes,
117860,Pantachogon haeckeli,ok,accepted/117860,accepted/117860,accepted,accepted,yes,
118273,Cirolanidae,ok,accepted/118273,accepted/118273,accepted,accepted,yes,
123086,Forcipulatida,ok,accepted/123086,accepted/123086,accepted,accepted,yes,
123090,Valvatida,ok,accepted/123090,accepted/123090,accepted,accepted,yes,
123112,Elasipodida,ok,accepted/123112,accepted/123112,accepted,accepted,yes,
123120,Freyellidae,ok,accepted/123120,accepted/123120,accepted,accepted,yes,
123149,Atelecrinidae,ok,accepted/123149,accepted/123149,accepted,accepted,yes,
123187,Cucumariidae,ok,accepted/123187,accepted/123187,accepted,accepted,yes,
123213,Novodinia,ok,accepted/123213,accepted/123213,accepted,accepted,yes,
123248,Dytaster,ok,accepted/123248,accepted/123248,accepted,accepted,yes,
123250,Leptychaster,ok,accepted/123250,accepted/123250,accepted,accepted,yes,
123254,Plutonaster,ok,accepted/123254,accepted/123254,accepted,accepted,yes,
123272,Radiaster,ok,accepted/123272,accepted/123272,accepted,accepted,yes,
123280,Anseropoda,ok,accepted/123280,accepted/123280,accepted,accepted,yes,
123367,Cyathidium,ok,accepted/123367,accepted/123367,accepted,accepted,yes,
123383,Stylocidaris,ok,accepted/123383,accepted/123383,accepted,accepted,yes,
123393,Plesiodiadema,ok,accepted/123393,accepted/123393,accepted,accepted,yes,
123396,Araeosoma,ok,accepted/123396,accepted/123396,accepted,accepted,yes,
123401,Phormosoma,ok,accepted/123401,accepted/123401,accepted,accepted,yes,
123411,Salenocidaris,ok,accepted/123411,accepted/123411,accepted,accepted,yes,
123458,Parastichopus,ok,accepted/123458,accepted/123458,accepted,accepted,yes,
123460,Bathyplotes,ok,accepted/123460,accepted/123460,accepted,accepted,yes,
123569,Ophiosphalma,ok,accepted/123569,accepted/123569,accepted,accepted,yes,
123605,Ophiothamnus,ok,accepted/123605,accepted/123605,accepted,accepted,yes,
123631,Ophiomyxa,ok,accepted/123631,accepted/123631,accepted,accepted,yes,
124043,Hippasteria phrygiana,ok,accepted/124043,accepted/124043,accepted,accepted,yes,
124257,Cidaris cidaris,ok,accepted/124257,accepted/124257,accepted,accepted,yes,
125275,Gorgoniidae,ok,accepted/125275,accepted/125275,accepted,accepted,yes,
125296,Metallogorgia,ok,accepted/125296,accepted/125296,accepted,accepted,yes,
125308,Bebryce,ok,accepted/125308,accepted/125308,accepted,accepted,yes,
125310,Muriceides,ok,accepted/125310,accepted/125310,accepted,accepted,yes,
125323,Thouarella,ok,accepted/125323,accepted/125323,accepted,accepted,yes,
125434,Ophichthidae,ok,accepted/125434,accepted/125434,accepted,accepted,yes,
125458,Holocentridae,ok,accepted/125458,accepted/125458,accepted,accepted,yes,
125484,Antennariidae,ok,accepted/125484,accepted/125484,accepted,accepted,yes,
125503,Bythitidae,ok,accepted/125503,accepted/125503,accepted,accepted,yes,
125529,Chiasmodontidae,ok,accepted/125529,accepted/125529,accepted,accepted,yes,
125535,Epigonidae,ok,accepted/125535,accepted/125535,accepted,accepted,yes,
125601,Gonostomatidae,ok,accepted/125601,accepted/125601,accepted,accepted,yes,
125623,Bathyuroconger,ok,accepted/125623,accepted/125623,accepted,accepted,yes,
125636,Gymnothorax,ok,accepted/125636,accepted/125636,accepted,accepted,yes,
125639,Nemichthys,ok,accepted/125639,accepted/125639,accepted,accepted,yes,
125675,Lestidiops,ok,accepted/125675,accepted/125675,accepted,accepted,yes,
125707,Cetomimus,ok,accepted/125707,accepted/125707,accepted,accepted,yes,
125751,Hymenocephalus,ok,accepted/125751,accepted/125751,accepted,accepted,yes,
125763,Antimora,ok,accepted/125763,accepted/125763,accepted,accepted,yes,
125765,Gadella,ok,accepted/125765,accepted/125765,accepted,accepted,yes,
125835,Neoscopelus,ok,accepted/125835,accepted/125835,accepted,accepted,yes,
125858,Benthocometes,ok,accepted/125858,accepted/125858,accepted,accepted,yes,
125868,Alepocephalus,ok,accepted/125868,accepted/125868,accepted,accepted,yes,
125932,Synchiropus,ok,accepted/125932,accepted/125932,accepted,accepted,yes,
125961,Centrodraco,ok,accepted/125961,accepted/125961,accepted,accepted,yes,
125988,Gobius,ok,accepted/125988,accepted/125988,accepted,accepted,yes,
126095,Aphanopus,ok,accepted/126095,accepted/126095,accepted,accepted,yes,
126134,Polymixia,ok,accepted/126134,accepted/126134,accepted,accepted,yes,
126161,Paraliparis,ok,accepted/126161,accepted/126161,accepted,accepted,yes,
126198,Polyipnus,ok,accepted/126198,accepted/126198,accepted,accepted,yes,
126199,Sternoptyx,ok,accepted/126199,accepted/126199,accepted,accepted,yes,
126325,Ilyophis blachei,ok,accepted/126325,accepted/126325,accepted,accepted,yes,
126402,Hoplostethus atlanticus,ok,accepted/126402,accepted/126402,accepted,accepted,yes,
126540,Chaunax suttkusi,ok,accepted/126540,accepted/126540,accepted,accepted,yes,
126867,Ruvettus pretiosus,ok,accepted/126867,accepted/126867,accepted,accepted,yes,
127139,Limanda limanda,ok,accepted/127139,accepted/127139,accepted,accepted,yes,
127164,Cyema atrum,ok,accepted/127164,accepted/127164,accepted,accepted,yes,
127314,Sternoptyx diaphana,ok,accepted/127314,accepted/127314,accepted,accepted,yes,
127425,Cyttopsis rosea,ok,accepted/127425,accepted/127425,accepted,accepted,yes,
128481,Funiculinidae,ok,accepted/128481,accepted/128481,accepted,accepted,yes,
128511,Kophobelemnon macrospinosum,ok,accepted/128511,accepted/128511,accepted,accepted,yes,
128722,Sapphirina,ok,accepted/128722,accepted/128722,accepted,accepted,yes,
129148,Rhynchonereella,ok,accepted/129148,accepted/129148,accepted,accepted,yes,
129491,Harmothoe,ok,accepted/129491,accepted/129491,accepted,accepted,yes,
131598,Haplosclerida,ok,accepted/131598,accepted/131598,accepted,accepted,yes,
131818,Spongosorites,ok,accepted/131818,accepted/131818,accepted,accepted,yes,
135075,Flabellidae,ok,accepted/135075,accepted/135075,accepted,accepted,yes,
135088,Coenocyathus,ok,accepted/135088,accepted/135088,accepted,accepted,yes,
135102,Stephanocyathus,ok,accepted/135102,accepted/135102,accepted,accepted,yes,
135389,Halistemma,ok,accepted/135389,accepted/135389,accepted,accepted,yes,
135461,Nectadamas diomedeae,ok,accepted/135461,accepted/135461,accepted,accepted,yes,
135463,Nectopyramis natans,ok,accepted/135463,accepted/135463,accepted,accepted,yes,
137133,Uria aalge,ok,accepted/137133,accepted/137133,accepted,accepted,yes,
137630,Aeolidia,ok,accepted/137630,accepted/137630,accepted,accepted,yes,
137691,Bathydoris,ok,accepted/137691,accepted/137691,accepted,accepted,yes,
137782,Chromodoris,ok,accepted/137782,accepted/137782,accepted,accepted,yes,
137791,Cirrothauma,ok,accepted/137791,accepted/137791,accepted,accepted,yes,
137813,Conus,ok,accepted/137813,accepted/137813,accepted,accepted,yes,
137929,Thuridilla,ok,accepted/137929,accepted/137929,accepted,accepted,yes,
137930,Abralia,ok,accepted/137930,accepted/137930,accepted,accepted,yes,
138009,Pterotrachea,ok,accepted/138009,accepted/138009,accepted,accepted,yes,
138518,Spondylus,ok,accepted/138518,accepted/138518,accepted,accepted,yes,
141444,Sepia officinalis,ok,accepted/141444,accepted/141444,accepted,accepted,yes,
146762,Nephtheidae,ok,accepted/146762,accepted/146762,accepted,accepted,yes,
151739,Zoarcoidei,ok,accepted/151739,accepted/151739,accepted,accepted,yes,
153879,Raphitomidae,ok,accepted/153879,accepted/153879,accepted,accepted,yes,
154756,Poecilopsettinae,ok,accepted/154756,accepted/154756,accepted,accepted,yes,
156706,Arothron,ok,accepted/156706,accepted/156706,accepted,accepted,yes,
157018,Graneledone,ok,accepted/157018,accepted/157018,accepted,accepted,yes,
158030,Bateidae,ok,accepted/158030,accepted/158030,accepted,accepted,yes,
158723,Holtbyrnia innesi,ok,accepted/158723,accepted/158723,accepted,accepted,yes,
158777,Typhlonus nasus,ok,accepted/158777,accepted/158777,accepted,accepted,yes,
159559,Pterois volitans,ok,accepted/159559,accepted/159559,accepted,accepted,yes,
159564,Scorpaena plumieri,ok,accepted/159564,accepted/159564,accepted,accepted,yes,
159591,Ariomma,ok,accepted/159591,accepted/159591,accepted,accepted,yes,
159663,Chaetodon striatus,ok,accepted/159663,accepted/159663,accepted,accepted,yes,
159664,Dysalotus,ok,accepted/159664,accepted/159664,accepted,accepted,yes,
162684,Antiopella,ok,accepted/162684,accepted/162684,accepted,accepted,yes,
171634,Heterochone,ok,accepted/171634,accepted/171634,accepted,accepted,yes,
171731,Asceptrulum,ok,accepted/171731,accepted/171731,accepted,accepted,yes,
171758,Farrea occa occa,ok,accepted/171758,accepted/171758,accepted,accepted,yes,
171888,Euplectellinae,ok,accepted/171888,accepted/171888,accepted,accepted,yes,
172589,Peribolaster,ok,accepted/172589,accepted/172589,accepted,accepted,yes,
174833,Zonophryxus,ok,accepted/174833,accepted/174833,accepted,accepted,yes,
177688,Telesto,ok,accepted/177688,accepted/177688,accepted,accepted,yes,
179636,Echinothrix,ok,accepted/179636,accepted/179636,accepted,accepted,yes,
180729,Scypholanceola,ok,accepted/180729,accepted/180729,accepted,accepted,yes,
181410,Spilocuma,ok,accepted/181410,accepted/181410,accepted,accepted,yes,
196095,Acroporidae,ok,accepted/196095,accepted/196095,accepted,accepted,yes,
196100,Fungiidae,ok,accepted/196100,accepted/196100,accepted,accepted,yes,
196178,Laganidae,ok,accepted/196178,accepted/196178,accepted,accepted,yes,
203834,Montipora,ok,accepted/203834,accepted/203834,accepted,accepted,yes,
203850,Calotomus,ok,accepted/203850,accepted/203850,accepted,accepted,yes,
203973,Rexea,ok,accepted/203973,accepted/203973,accepted,accepted,yes,
204443,Megalasma,ok,accepted/204443,accepted/204443,accepted,accepted,yes,
204769,Pteropsaron,ok,accepted/204769,accepted/204769,accepted,accepted,yes,
205290,Odontanthias,ok,accepted/205290,accepted/205290,accepted,accepted,yes,
205649,Haplomacrourus,ok,accepted/205649,accepted/205649,accepted,accepted,yes,
205753,Tridacna,ok,accepted/205753,accepted/205753,accepted,accepted,yes,
206192,Brisingaster,ok,accepted/206192,accepted/206192,accepted,accepted,yes,
206565,Rhizopsammia,ok,accepted/206565,accepted/206565,accepted,accepted,yes,
206596,Phyllidiella,ok,accepted/206596,accepted/206596,accepted,accepted,yes,
210440,Plesionika alcocki,ok,accepted/210440,accepted/210440,accepted,accepted,yes,
213289,Acanthaster planci,ok,accepted/213289,accepted/213289,accepted,accepted,yes,
213301,Fromia monilis,ok,accepted/213301,accepted/213301,accepted,accepted,yes,
213383,Echinometra mathaei,ok,accepted/213383,accepted/213383,accepted,accepted,yes,
217778,Nezumia propinqua,ok,accepted/217778,accepted/217778,accepted,accepted,yes,
217856,Chaunax penicillatus,ok,accepted/217856,accepted/217856,accepted,accepted,yes,
217938,Pristilepis oligolepis,ok,accepted/217938,accepted/217938,accepted,accepted,yes,
218510,Pristipomoides argyrogrammicus,ok,accepted/218510,accepted/218510,accepted,accepted,yes,
218512,Pristipomoides auricilla,ok,accepted/218512,accepted/218512,accepted,accepted,yes,
219869,Paratriacanthodes retrospinis,ok,accepted/219869,accepted/219869,accepted,accepted,yes,
221144,Brisingaster robillardi,ok,accepted/221144,accepted/221144,accepted,accepted,yes,
221243,Solmissus marshalli,ok,accepted/221243,accepted/221243,accepted,accepted,yes,
221387,Meadia abyssalis,ok,accepted/221387,accepted/221387,accepted,accepted,yes,
221420,Taractichthys steindachneri,ok,accepted/221420,accepted/221420,accepted,accepted,yes,
221514,Squalogadus modificatus,ok,accepted/221514,accepted/221514,accepted,accepted,yes,
236134,Albatrossia,ok,accepted/236134,accepted/236134,accepted,accepted,yes,
236591,Streetsia,ok,accepted/236591,accepted/236591,accepted,accepted,yes,
236595,Paraphronima,ok,accepted/236595,accepted/236595,accepted,accepted,yes,
242113,Endoxocrinus,ok,accepted/242113,accepted/242113,accepted,accepted,yes,
243098,Asteronyx luzonicus,ok,accepted/243098,accepted/243098,accepted,accepted,yes,
243169,Astrochele laevis,ok,accepted/243169,accepted/243169,accepted,accepted,yes,
244369,Stegophiura ponderosa,ok,accepted/244369,accepted/244369,accepted,accepted,yes,
246244,Calocarides quinqueseriatus,ok,accepted/246244,accepted/246244,accepted,accepted,yes,
246256,Ciliopagurus,ok,accepted/246256,accepted/246256,accepted,accepted,yes,
250311,Clavelina huntsmani,ok,accepted/250311,accepted/250311,accepted,accepted,yes,
254794,Gilbertaster,ok,accepted/254794,accepted/254794,accepted,accepted,yes,
255036,Phoca vitulina richardii,ok,accepted/255036,accepted/255036,accepted,accepted,yes,
255065,Tarsastrocles,ok,accepted/255065,accepted/255065,accepted,accepted,yes,
255066,Tarsastrocles verrilli,ok,accepted/255066,accepted/255066,accepted,accepted,yes,
266961,Cladopathidae,ok,accepted/266961,accepted/266961,accepted,accepted,yes,
267047,Somniosidae,ok,accepted/267047,accepted/267047,accepted,accepted,yes,
267186,Acanthopathes,ok,accepted/267186,accepted/267186,accepted,accepted,yes,
267398,Dromalia,ok,accepted/267398,accepted/267398,accepted,accepted,yes,
267759,Polyorchis,ok,accepted/267759,accepted/267759,accepted,accepted,yes,
268685,Cephalurus,ok,accepted/268685,accepted/268685,accepted,accepted,yes,
269061,Emblemariopsis,ok,accepted/269061,accepted/269061,accepted,accepted,yes,
270573,Pseudobathylagus,ok,accepted/270573,accepted/270573,accepted,accepted,yes,
270921,Snyderidia,ok,accepted/270921,accepted/270921,accepted,accepted,yes,
271040,Tarletonbeania,ok,accepted/271040,accepted/271040,accepted,accepted,yes,
271656,Echinorhinus cookei,ok,accepted/271656,accepted/271656,accepted,accepted,yes,
271746,Conger oligoporus,ok,accepted/271746,accepted/271746,accepted,accepted,yes,
271896,Muraena argus,ok,accepted/271896,accepted/271896,accepted,accepted,yes,
272026,Ijimaia plicatellus,ok,accepted/272026,accepted/272026,accepted,accepted,yes,
272061,Chlorophthalmus proridens,ok,accepted/272061,accepted/272061,accepted,accepted,yes,
272336,Coryphaenoides longifilis,ok,accepted/272336,accepted/272336,accepted,accepted,yes,
272428,Nezumia stelgidolepis,ok,accepted/272428,accepted/272428,accepted,accepted,yes,
273256,Synchiropus orstom,ok,accepted/273256,accepted/273256,accepted,accepted,yes,
273376,Prognathodes guyotensis,ok,accepted/273376,accepted/273376,accepted,accepted,yes,
273402,Epigonus atherinoides,ok,accepted/273402,accepted/273402,accepted,accepted,yes,
273410,Epigonus glossodontus,ok,accepted/273410,accepted/273410,accepted,accepted,yes,
273527,Bodianus diplotaenia,ok,accepted/273527,accepted/273527,accepted,accepted,yes,
273543,Bodianus thoracotaeniatus,ok,accepted/273543,accepted/273543,accepted,accepted,yes,
274320,Polymixia japonica,ok,accepted/274320,accepted/274320,accepted,accepted,yes,
274428,Careproctus filamentosus,ok,accepted/274428,accepted/274428,accepted,accepted,yes,
274815,Sebastes maliger,ok,accepted/274815,accepted/274815,accepted,accepted,yes,
274842,Sebastes rosenblatti,ok,accepted/274842,accepted/274842,accepted,accepted,yes,
274874,Setarches longimanus,ok,accepted/274874,accepted/274874,accepted,accepted,yes,
275733,Haemulon sciurus,ok,accepted/275733,accepted/275733,accepted,accepted,yes,
275949,Liopropoma maculatum,ok,accepted/275949,accepted/275949,accepted,accepted,yes,
278690,Labroides phthirophagus,ok,accepted/278690,accepted/278690,accepted,accepted,yes,
279060,Triakis semifasciata,ok,accepted/279060,accepted/279060,accepted,accepted,yes,
279063,Halieutaea indica,ok,accepted/279063,accepted/279063,accepted,accepted,yes,
279149,Cephalopholis igarashiensis,ok,accepted/279149,accepted/279149,accepted,accepted,yes,
279391,Lycodapus mandibularis,ok,accepted/279391,accepted/279391,accepted,accepted,yes,
279893,Bembradium roseum,ok,accepted/279893,accepted/279893,accepted,accepted,yes,
280249,Coelorinchus aratrum,ok,accepted/280249,accepted/280249,accepted,accepted,yes,
280691,Epetriodus freddyi,ok,accepted/280691,accepted/280691,accepted,accepted,yes,
281202,Johnrandallia nigrirostris,ok,accepted/281202,accepted/281202,accepted,accepted,yes,
281207,Kamoharaia megastoma,ok,accepted/281207,accepted/281207,accepted,accepted,yes,
281607,Myroconger gracilis,ok,accepted/281607,accepted/281607,accepted,accepted,yes,
281946,Osteodiscus cascadiae,ok,accepted/281946,accepted/281946,accepted,accepted,yes,
282314,Polylepion cruentum,ok,accepted/282314,accepted/282314,accepted,accepted,yes,
283208,Zaniolepis frenata,ok,accepted/283208,accepted/283208,accepted,accepted,yes,
283445,Urticina piscivora,ok,accepted/283445,accepted/283445,accepted,accepted,yes,
284479,Corymorpha gigantea,ok,accepted/284479,accepted/284479,accepted,accepted,yes,
286312,Keratoisis flabellum,ok,accepted/286312,accepted/286312,accepted,accepted,yes,
287022,Flabellum (Flabellum) pavoninum,ok,accepted/287022,accepted/287022,accepted,accepted,yes,
287037,Javania lamprotichum,ok,accepted/287037,accepted/287037,accepted,accepted,yes,
287512,Conopora unifacialis,ok,accepted/287512,accepted/287512,accepted,accepted,yes,
287962,Montastraea cavernosa,ok,accepted/287962,accepted/287962,accepted,accepted,yes,
290114,Hexapathes australiensis,ok,accepted/290114,accepted/290114,accepted,accepted,yes,
291041,Scrippsia pacifica,ok,accepted/291041,accepted/291041,accepted,accepted,yes,
293237,Acharax,ok,accepted/293237,accepted/293237,accepted,accepted,yes,
293496,Teleostei,ok,accepted/293496,accepted/293496,accepted,accepted,yes,
325355,Munnopsinae,ok,accepted/325355,accepted/325355,accepted,accepted,yes,
341450,Nototodarus,ok,accepted/341450,accepted/341450,accepted,accepted,yes,
341781,Haliphron atlanticus,ok,accepted/341781,accepted/341781,accepted,accepted,yes,
342069,Onychoteuthis borealijaponica,ok,accepted/342069,accepted/342069,accepted,accepted,yes,
344679,Odontanthias tapui,ok,accepted/344679,accepted/344679,accepted,accepted,yes,
367291,Synagrops japonicus,ok,accepted/367291,accepted/367291,accepted,accepted,yes,
368653,Peltaster cycloplax,ok,accepted/368653,accepted/368653,accepted,accepted,yes,
369064,Zoroaster spinulosus,ok,accepted/369064,accepted/369064,accepted,accepted,yes,
370836,Pseudarchaster dissonus,ok,accepted/370836,accepted/370836,accepted,accepted,yes,
378115,Munidopsis lignaria,ok,accepted/378115,accepted/378115,accepted,accepted,yes,
379865,Solaster borealis,ok,accepted/379865,accepted/379865,accepted,accepted,yes,
387290,Babamunida,ok,accepted/387290,accepted/387290,accepted,accepted,yes,
387313,Paramunida,ok,accepted/387313,accepted/387313,accepted,accepted,yes,
387324,Pectinida,ok,accepted/387324,accepted/387324,accepted,accepted,yes,
388642,Plesionika bimaculata,ok,accepted/388642,accepted/388642,accepted,accepted,yes,
389048,Dictyaulus starmeri,ok,accepted/389048,accepted/389048,accepted,accepted,yes,
390094,Bathyphylax pruvosti,ok,accepted/390094,accepted/390094,accepted,accepted,yes,
391517,Desbruyeresia,ok,accepted/391517,accepted/391517,accepted,accepted,yes,
391640,Gaza,ok,accepted/391640,accepted/391640,accepted,accepted,yes,
392130,Uroptychus soyomaruae,ok,accepted/392130,accepted/392130,accepted,accepted,yes,
392568,Munidopsis nitida,ok,accepted/392568,accepted/392568,accepted,accepted,yes,
392602,Munidopsis scotti,ok,accepted/392602,accepted/392602,accepted,accepted,yes,
395327,Earleria purpurea,ok,accepted/395327,accepted/395327,accepted,accepted,yes,
398419,Lophiodes endoi,ok,accepted/398419,accepted/398419,accepted,accepted,yes,
410349,Doryteuthis,ok,accepted/410349,accepted/410349,accepted,accepted,yes,
415047,Amphigymnas,ok,accepted/415047,accepted/415047,accepted,accepted,yes,
415565,Linopneustes,ok,accepted/415565,accepted/415565,accepted,accepted,yes,
421713,Periclimenes yucatanicus,ok,accepted/421713,accepted/421713,accepted,accepted,yes,
421957,Stenorhynchus seticornis,ok,accepted/421957,accepted/421957,accepted,accepted,yes,
440202,Moloha alcocki,ok,accepted/440202,accepted/440202,accepted,accepted,yes,
440209,Paromola japonica,ok,accepted/440209,accepted/440209,accepted,accepted,yes,
440218,Latreillia metanesa,ok,accepted/440218,accepted/440218,accepted,accepted,yes,
440341,Platymera gaudichaudii,ok,accepted/440341,accepted/440341,accepted,accepted,yes,
441008,Beuroisia major,ok,accepted/441008,accepted/441008,accepted,accepted,yes,
441601,Loxorhynchus crispatus,ok,accepted/441601,accepted/441601,accepted,accepted,yes,
472848,Pentametrocrinus paucispinulus,ok,accepted/472848,accepted/472848,accepted,accepted,yes,
510522,Diadematoida,ok,accepted/510522,accepted/510522,accepted,accepted,yes,
510534,Echinidea,ok,accepted/510534,accepted/510534,accepted,accepted,yes,
513144,Brisaster townsendi,ok,accepted/513144,accepted/513144,accepted,accepted,yes,
513165,Centrostephanus coronatus,ok,accepted/513165,accepted/513165,accepted,accepted,yes,
513958,Eusergestes,ok,accepted/513958,accepted/513958,accepted,accepted,yes,
515462,Pandalus danae,ok,accepted/515462,accepted/515462,accepted,accepted,yes,
515521,Plesionika spinipes,ok,accepted/515521,accepted/515521,accepted,accepted,yes,
517254,Tergivelum,ok,accepted/517254,accepted/517254,accepted,accepted,yes,
517724,Keroeides mosaica,ok,accepted/517724,accepted/517724,accepted,accepted,yes,
562590,Eumunididae,ok,accepted/562590,accepted/562590,accepted,accepted,yes,
572093,Tochuina gigantea,ok,accepted/572093,accepted/572093,accepted,accepted,yes,
574937,Carinaria japonica,ok,accepted/574937,accepted/574937,accepted,accepted,yes,
599476,Pleurobranchus mamillatus,ok,accepted/599476,accepted/599476,accepted,accepted,yes,
605520,Chaetopterus pugaporcinus,ok,accepted/605520,accepted/605520,accepted,accepted,yes,
710764,Bathymetra,ok,accepted/710764,accepted/710764,accepted,accepted,yes,
712477,Benthocometes australiensis,ok,accepted/712477,accepted/712477,accepted,accepted,yes,
715096,Kauluzoanthus kerbyi,ok,accepted/715096,accepted/715096,accepted,accepted,yes,
719942,Doliolidina,ok,accepted/719942,accepted/719942,accepted,accepted,yes,
742233,Archeterokrohnia docrickettsae,ok,accepted/742233,accepted/742233,accepted,accepted,yes,
754175,Sedentaria,ok,accepted/754175,accepted/754175,accepted,accepted,yes,
765500,Abyssocladia lakwollii,ok,accepted/765500,accepted/765500,accepted,accepted,yes,
767204,Vityazicrinus,ok,accepted/767204,accepted/767204,accepted,accepted,yes,
835326,Apollonaster kelleyi,ok,accepted/835326,accepted/835326,accepted,accepted,yes,
845455,Paulasterias mcclaini,ok,accepted/845455,accepted/845455,accepted,accepted,yes,
848355,Euplokamididae,ok,accepted/848355,accepted/848355,accepted,accepted,yes,
888371,Enthemonae,ok,accepted/888371,accepted/888371,accepted,accepted,yes,
994318,Alternatipathes bipinnata,ok,accepted/994318,accepted/994318,accepted,accepted,yes,
1007123,Paraliparis hawaiiensis,ok,accepted/1007123,accepted/1007123,accepted,accepted,yes,
1045592,Victorgorgiidae,ok,accepted/1045592,accepted/1045592,accepted,accepted,yes,
1248796,Pleurocorallium,ok,accepted/1248796,accepted/1248796,accepted,accepted,yes,
1298872,Uroptychus abdominalis,ok,accepted/1298872,accepted/1298872,accepted,accepted,yes,
1385104,Owstonia hawaiiensis,ok,accepted/1385104,accepted/1385104,accepted,accepted,yes,
1646244,Yoda demiankoopi,ok,accepted/1646244,accepted/1646244,accepted,accepted,yes,
1790004,Debaspis debilis,ok,accepted/1790004,accepted/1790004,accepted,accepted,yes,
