category_id,current_name,current_rank,current_genus,n_crops,sources,worms_name_for_this_id,worms_status,unaccept_reason,hops,accepted_id,accepted_name,accepted_rank,accepted_genus,target_already_present,action,note
278637,Lethrinus lentjan,Species,Lethrinus,6095,ozfish,Lethrinus punctulatus,unaccepted,,1,212061,Lethrinus lentjan,Species,Lethrinus,TRUE,merge,
218392,Turrum gymnostethus,Species,Carangoides,1202,ozfish,Carangoides gymnostethus,superseded combination,,1,1802028,Turrum gymnostethus,Species,Turrum,FALSE,remap,
218385,Turrum fulvoguttatum,Species,Carangoides,1153,ozfish,Carangoides fulvoguttatus,superseded combination,,1,1802015,Turrum fulvoguttatum,Species,Turrum,FALSE,remap,
212860,Stegastes lacrymatus,Species,Plectroglyphidodon,967,fishwio|ozfish,Plectroglyphidodon lacrymatus,superseded combination,,1,1551095,Stegastes lacrymatus,Species,Stegastes,FALSE,rename,
219635,Acanthurus tennentii,Species,Acanthurus,527,fishwio,Acanthurus tennenti,unaccepted,misspelling,1,219632,Acanthurus tennentii,Species,Acanthurus,FALSE,rename,
212799,Pycnochromis nigrurus,Species,Chromis,506,fishwio|ozfish,Chromis nigrura,unaccepted,,1,1592292,Pycnochromis nigrurus,Species,Pycnochromis,FALSE,rename,
212795,Azurina lepidolepis,Species,Chromis,441,fishwio,Chromis lepidolepis,unaccepted,,1,1605312,Azurina lepidolepis,Species,Azurina,FALSE,rename,
218393,Ferdauia orthogrammus,Species,Carangoides,354,ozfish,Carangoides orthogrammus,unaccepted,,1,1605280,Ferdauia orthogrammus,Species,Ferdauia,FALSE,rename,
218281,Mirolabrichthys evansi,Species,Pseudanthias,262,fishwio|ozfish,Pseudanthias evansi,superseded combination,,1,312504,Mirolabrichthys evansi,Species,Mirolabrichthys,FALSE,rename,
273739,Pycnochromis margaritifer,Species,Chromis,252,ozfish,Chromis margaritifer,unaccepted,,1,1605310,Pycnochromis margaritifer,Species,Pycnochromis,FALSE,rename,
218400,Turrum coeruleopinnatum,Species,Carangoides,186,ozfish,Carangoides caeruleopinnatus,misspelling - incorrect subsequent spelling,,1,1802011,Turrum coeruleopinnatum,Species,Turrum,FALSE,rename,
218395,Ferdauia ferdau,Species,Carangoides,184,ozfish,Carangoides ferdau,superseded combination,,1,1802000,Ferdauia ferdau,Species,Ferdauia,FALSE,remap,
124720,Oneirophanta mutabilis mutabilis,Species,Oneirophanta,160,fathomnet,Oneirophanta mutabilis,alternative representation,,1,428876,Oneirophanta mutabilis mutabilis,Subspecies,Oneirophanta,FALSE,remap,
218850,Plectroglyphidodon fasciolatus,Species,Stegastes,142,ozfish,Stegastes fasciolatus,superseded combination,,1,1592381,Plectroglyphidodon fasciolatus,Species,Plectroglyphidodon,FALSE,rename,
218657,Parupeneus heptacantha,Species,Parupeneus,118,ozfish,Parupeneus heptacanthus,misspelling - incorrect subsequent spelling,,1,1841078,Parupeneus heptacantha,Species,Parupeneus,FALSE,rename,
13703,Thecosomata,Order,,115,fathomnet,Thecosomata,unaccepted,"abandoned concept, including Euthecosomata and Pseudothecosomata",0,13703,Thecosomata,Order,,TRUE,skip,
278001,Oxycheilinus orientalis,Species,Oxycheilinus,102,ozfish,Oxycheilinus rhodochrous,unaccepted,,1,278000,Oxycheilinus orientalis,Species,Oxycheilinus,FALSE,rename,
276675,Plectroglyphidodon obreptus,Species,Stegastes,96,ozfish,Stegastes obreptus,unaccepted,,1,1605254,Plectroglyphidodon obreptus,Species,Plectroglyphidodon,FALSE,rename,
218396,Platycaranx chrysophrys,Species,Carangoides,46,ozfish,Carangoides chrysophrys,superseded combination,,1,1802006,Platycaranx chrysophrys,Species,Platycaranx,FALSE,rename,
219038,Oxycheilinus digramma,Species,Oxycheilinus,46,ozfish,Oxycheilinus digrammus,unaccepted,,1,277996,Oxycheilinus digramma,Species,Oxycheilinus,TRUE,merge,
219684,Zebrasoma velifer,Species,Zebrasoma,44,ozfish,Zebrasoma veliferum,unaccepted,,1,712902,Zebrasoma velifer,Species,Zebrasoma,FALSE,rename,
151498,Moolgarda crenilabis,Species,Crenimugil,36,ozfish,Crenimugil crenilabis,superseded combination,,1,1865528,Moolgarda crenilabis,Species,Moolgarda,FALSE,rename,
273711,Pycnochromis amboinensis,Species,Chromis,32,ozfish,Chromis amboinensis,unaccepted,,1,1605305,Pycnochromis amboinensis,Species,Pycnochromis,FALSE,rename,
219911,Ostracion cubicum,Species,Ostracion,20,ozfish,Ostracion cubicus,unaccepted,,1,403462,Ostracion cubicum,Species,Ostracion,FALSE,rename,
218399,Craterognathus plagiotaenia,Species,Carangoides,14,ozfish,Carangoides plagiotaenia,superseded combination,,1,1751406,Craterognathus plagiotaenia,Species,Craterognathus,FALSE,rename,
277235,Diploprion bifasciatus,Species,Diploprion,10,ozfish,Diploprion bifasciatum,misspelling - incorrect original spelling,,1,401375,Diploprion bifasciatus,Species,Diploprion,FALSE,rename,
218386,Atropus hedlandensis,Species,Carangoides,8,ozfish,Carangoides hedlandensis,superseded combination,,1,1803657,Atropus hedlandensis,Species,Atropus,FALSE,rename,
271457,Pateobatis fai,Species,Himantura,6,ozfish,Himantura fai,unaccepted,,1,1043416,Pateobatis fai,Species,Pateobatis,FALSE,rename,
301916,Naso unicornis,Species,Acanthurus,6,ozfish,Acanthurus unicornis,unaccepted,,1,219668,Naso unicornis,Species,Naso,TRUE,merge,
219895,Sufflamen chrysopterum,Species,Sufflamen,4,ozfish,Sufflamen chrysopterus,unaccepted,,1,276851,Sufflamen chrysopterum,Species,Sufflamen,TRUE,merge,
220032,Stegostoma tigrinum,Species,Stegostoma,4,ozfish,Stegostoma fasciatum,unaccepted,,1,313100,Stegostoma tigrinum,Species,Stegostoma,FALSE,rename,
399889,Gymnothorax thyrsoideus,Species,Gymnothorax,4,ozfish,Gymnothorax thrysoideus,unaccepted,misspelling,1,271889,Gymnothorax thyrsoideus,Species,Gymnothorax,FALSE,rename,
212854,Plectroglyphidodon leucozona,Species,Plectroglyphidodon,2,ozfish,Plectroglyphidodon leucozonus,misspelling - incorrect subsequent spelling,,1,212852,Plectroglyphidodon leucozona,Species,Plectroglyphidodon,FALSE,rename,
217416,Urogymnus granulatus,Species,Himantura,2,ozfish,Himantura granulata,unaccepted,,1,989371,Urogymnus granulatus,Species,Urogymnus,FALSE,rename,
273008,Ostorhinchus doederleini,Species,Apogon,2,ozfish,Apogon doederleini,unaccepted,,1,713303,Ostorhinchus doederleini,Species,Ostorhinchus,FALSE,rename,
276672,Plectroglyphidodon insularis,Species,Stegastes,2,ozfish,Stegastes insularis,unaccepted,,1,1593771,Plectroglyphidodon insularis,Species,Plectroglyphidodon,FALSE,rename,
307067,Balistoides viridescens,Species,Balistes,2,ozfish,Balistes viridescens,unaccepted,,1,219875,Balistoides viridescens,Species,Balistoides,TRUE,merge,
835087,Pycnochromis fieldi,Species,Chromis,2,ozfish,Chromis fieldi,superseded combination,,1,1605307,Pycnochromis fieldi,Species,Pycnochromis,TRUE,rename,
1207,Gammaridea,Suborder,,1,fathomnet,Gammaridea,unaccepted,"obsolete, paraphyletic",0,1207,Gammaridea,Suborder,,TRUE,skip,
103324,Bathypathes tenuis,Species,Bathypathes,1,fathomnet,Bathypathes tenuis,taxon inquirendum,,0,103324,Bathypathes tenuis,Species,Bathypathes,TRUE,rename,
159795,Lutjanus campechanus,Species,Lutjanus,198538,fathomnet,Lutjanus campechanus,accepted,,0,159795,Lutjanus campechanus,Species,Lutjanus,TRUE,ok,
1341,Octocorallia,Class,,78382,fathomnet,Octocorallia,accepted,,0,1341,Octocorallia,Class,,TRUE,ok,
558,Porifera,Phylum,,33015,fathomnet,Porifera,accepted,,0,558,Porifera,Phylum,,TRUE,ok,
159807,Rhomboplites aurorubens,Species,Rhomboplites,32795,fathomnet,Rhomboplites aurorubens,accepted,,0,159807,Rhomboplites aurorubens,Species,Rhomboplites,TRUE,ok,
10194,Actinopterygii,Gigaclass,,32469,fathomnet,Actinopterygii,accepted,,0,10194,Actinopterygii,Gigaclass,,TRUE,ok,
123084,Ophiuroidea,Class,,29080,fathomnet,Ophiuroidea,accepted,,0,123084,Ophiuroidea,Class,,TRUE,ok,
159810,Stenotomus caprinus,Species,Stenotomus,26775,fathomnet,Stenotomus caprinus,accepted,,0,159810,Stenotomus caprinus,Species,Stenotomus,TRUE,ok,
569742,Strongylocentrotus fragilis,Species,Strongylocentrotus,23056,fathomnet,Strongylocentrotus fragilis,accepted,,0,569742,Strongylocentrotus fragilis,Species,Strongylocentrotus,TRUE,ok,
127063,Pagrus pagrus,Species,Pagrus,22246,fathomnet,Pagrus pagrus,accepted,,0,127063,Pagrus pagrus,Species,Pagrus,TRUE,ok,
204246,Ptereleotris,Genus,Ptereleotris,21131,fathomnet,Ptereleotris,accepted,,0,204246,Ptereleotris,Genus,Ptereleotris,TRUE,ok,
123081,Crinoidea,Class,,17968,fathomnet,Crinoidea,accepted,,0,123081,Crinoidea,Class,,TRUE,ok,
273890,Serranus annularis,Species,Serranus,17187,fathomnet,Serranus annularis,accepted,,0,273890,Serranus annularis,Species,Serranus,TRUE,ok,
126045,Chromis,Genus,Chromis,15769,fathomnet,Chromis,accepted,,0,126045,Chromis,Genus,Chromis,TRUE,ok,
123082,Echinoidea,Class,,15658,fathomnet,Echinoidea,accepted,,0,123082,Echinoidea,Class,,TRUE,ok,
159233,Mycteroperca phenax,Species,Mycteroperca,15356,fathomnet,Mycteroperca phenax,accepted,,0,159233,Mycteroperca phenax,Species,Mycteroperca,TRUE,ok,
277261,Malacanthus plumieri,Species,Malacanthus,13989,fathomnet,Malacanthus plumieri,accepted,,0,277261,Malacanthus plumieri,Species,Malacanthus,TRUE,ok,
1360,Actiniaria,Order,,13743,fathomnet,Actiniaria,accepted,,0,1360,Actiniaria,Order,,TRUE,ok,
159354,Epinephelus morio,Species,Epinephelus,13311,fathomnet,Epinephelus morio,accepted,,0,159354,Epinephelus morio,Species,Epinephelus,TRUE,ok,
154721,Balistes capriscus,Species,Balistes,11379,fathomnet,Balistes capriscus,accepted,,0,154721,Balistes capriscus,Species,Balistes,TRUE,ok,
123080,Asteroidea,Class,,11235,fathomnet,Asteroidea,accepted,,0,123080,Asteroidea,Class,,TRUE,ok,
273880,Mycteroperca microlepis,Species,Mycteroperca,10919,fathomnet,Mycteroperca microlepis,accepted,,0,273880,Mycteroperca microlepis,Species,Mycteroperca,TRUE,ok,
106671,Anomura,Infraorder,,10605,fathomnet,Anomura,accepted,,0,106671,Anomura,Infraorder,,TRUE,ok,
127005,Priacanthus arenatus,Species,Priacanthus,10505,fathomnet,Priacanthus arenatus,accepted,,0,127005,Priacanthus arenatus,Species,Priacanthus,TRUE,ok,
273903,Serranus phoebe,Species,Serranus,9900,fathomnet,Serranus phoebe,accepted,,0,273903,Serranus phoebe,Species,Serranus,TRUE,ok,
282365,Pronotogrammus martinicensis,Species,Pronotogrammus,9692,fathomnet,Pronotogrammus martinicensis,accepted,,0,282365,Pronotogrammus martinicensis,Species,Pronotogrammus,TRUE,ok,
125579,Pleuronectidae,Family,,9469,fathomnet|yolo-bruv,Pleuronectidae,accepted,,0,125579,Pleuronectidae,Family,,TRUE,ok,
234107,Chaetodon sedentarius,Species,Chaetodon,8980,fathomnet,Chaetodon sedentarius,accepted,,0,234107,Chaetodon sedentarius,Species,Chaetodon,TRUE,ok,
158813,Halichoeres,Genus,Halichoeres,8617,fathomnet|ozfish,Halichoeres,accepted,,0,158813,Halichoeres,Genus,Halichoeres,TRUE,ok,
106674,Caridea,Infraorder,,7688,fathomnet,Caridea,accepted,,0,106674,Caridea,Infraorder,,TRUE,ok,
204051,Pterois,Genus,Pterois,7625,fathomnet,Pterois,accepted,,0,204051,Pterois,Genus,Pterois,TRUE,ok,
275970,Calamus leucosteus,Species,Calamus,7592,fathomnet,Calamus leucosteus,accepted,,0,275970,Calamus leucosteus,Species,Calamus,TRUE,ok,
159463,Anoplopoma fimbria,Species,Anoplopoma,7568,fathomnet,Anoplopoma fimbria,accepted,,0,159463,Anoplopoma fimbria,Species,Anoplopoma,TRUE,ok,
1363,Scleractinia,Order,,7225,fathomnet,Scleractinia,accepted,,0,1363,Scleractinia,Order,,TRUE,ok,
158807,Haemulon aurolineatum,Species,Haemulon,7007,fathomnet,Haemulon aurolineatum,accepted,,0,158807,Haemulon aurolineatum,Species,Haemulon,TRUE,ok,
159649,Selene vomer,Species,Selene,7007,fathomnet,Selene vomer,accepted,,0,159649,Selene vomer,Species,Selene,TRUE,ok,
1758484,Anthiadidae,Family,,6927,fathomnet,Anthiadidae,accepted,,0,1758484,Anthiadidae,Family,,TRUE,ok,
159295,Pristigenys alta,Species,Pristigenys,6917,fathomnet,Pristigenys alta,accepted,,0,159295,Pristigenys alta,Species,Pristigenys,TRUE,ok,
159804,Pristipomoides,Genus,Pristipomoides,6907,fathomnet,Pristipomoides,accepted,,0,159804,Pristipomoides,Genus,Pristipomoides,TRUE,ok,
124713,Psolus squamatus,Species,Psolus,6415,fathomnet,Psolus squamatus,accepted,,0,124713,Psolus squamatus,Species,Psolus,TRUE,ok,
126816,Seriola dumerili,Species,Seriola,6377,fathomnet,Seriola dumerili,accepted,,0,126816,Seriola dumerili,Species,Seriola,TRUE,ok,
106685,Galatheoidea,Superfamily,,6272,fathomnet,Galatheoidea,accepted,,0,106685,Galatheoidea,Superfamily,,TRUE,ok,
159797,Lutjanus griseus,Species,Lutjanus,6256,fathomnet,Lutjanus griseus,accepted,,0,159797,Lutjanus griseus,Species,Lutjanus,TRUE,ok,
123515,Peniagone,Genus,Peniagone,6204,fathomnet,Peniagone,accepted,,0,123515,Peniagone,Genus,Peniagone,TRUE,ok,
270859,Sebastolobus,Genus,Sebastolobus,5839,fathomnet,Sebastolobus,accepted,,0,270859,Sebastolobus,Genus,Sebastolobus,TRUE,ok,
125553,Pomacentridae,Family,,5605,fathomnet|ozfish,Pomacentridae,accepted,,0,125553,Pomacentridae,Family,,TRUE,ok,
272458,Merluccius productus,Species,Merluccius,5277,fathomnet,Merluccius productus,accepted,,0,272458,Merluccius productus,Species,Merluccius,TRUE,ok,
1292,Anthozoa,Subphylum,,5205,fathomnet,Anthozoa,accepted,,0,1292,Anthozoa,Subphylum,,TRUE,ok,
126818,Seriola rivoliana,Species,Seriola,5199,fathomnet|ozfish,Seriola rivoliana,accepted,,0,126818,Seriola rivoliana,Species,Seriola,TRUE,ok,
22549,Antipatharia,Order,,4958,fathomnet,Antipatharia,accepted,,0,22549,Antipatharia,Order,,TRUE,ok,
158815,Halichoeres bivittatus,Species,Halichoeres,4925,fathomnet,Halichoeres bivittatus,accepted,,0,158815,Halichoeres bivittatus,Species,Halichoeres,TRUE,ok,
278005,Naso elegans,Species,Naso,4783,fishwio|ozfish,Naso elegans,accepted,,0,278005,Naso elegans,Species,Naso,TRUE,ok,
442165,Chionoecetes tanneri,Species,Chionoecetes,4715,fathomnet,Chionoecetes tanneri,accepted,,0,442165,Chionoecetes tanneri,Species,Chionoecetes,TRUE,ok,
135335,Physonectae,Suborder,,4616,fathomnet,Physonectae,accepted,,0,135335,Physonectae,Suborder,,TRUE,ok,
1609360,Pennatuloidea,Superfamily,,4540,fathomnet,Pennatuloidea,accepted,,0,1609360,Pennatuloidea,Superfamily,,TRUE,ok,
159347,Centropristis philadelphica,Species,Centropristis,4504,fathomnet,Centropristis philadelphica,accepted,,0,159347,Centropristis philadelphica,Species,Centropristis,TRUE,ok,
159243,Calamus nodosus,Species,Calamus,4480,fathomnet,Calamus nodosus,accepted,,0,159243,Calamus nodosus,Species,Calamus,TRUE,ok,
106673,Brachyura,Infraorder,,4438,fathomnet,Brachyura,accepted,,0,106673,Brachyura,Infraorder,,TRUE,ok,
126802,Caranx crysos,Species,Caranx,4288,fathomnet,Caranx crysos,accepted,,0,126802,Caranx crysos,Species,Caranx,TRUE,ok,
125306,Keratoisis,Genus,Keratoisis,4251,fathomnet,Keratoisis,accepted,,0,125306,Keratoisis,Genus,Keratoisis,TRUE,ok,
159746,Opistognathus,Genus,Opistognathus,4141,fathomnet|ozfish,Opistognathus,accepted,,0,159746,Opistognathus,Genus,Opistognathus,TRUE,ok,
218976,Gomphosus caeruleus,Species,Gomphosus,4097,fishwio,Gomphosus caeruleus,accepted,,0,218976,Gomphosus caeruleus,Species,Gomphosus,TRUE,ok,
607338,Zoantharia,Order,,4013,fathomnet,Zoantharia,accepted,,0,607338,Zoantharia,Order,,TRUE,ok,
22612,Hexactinellida,Class,,3871,fathomnet,Hexactinellida,accepted,,0,22612,Hexactinellida,Class,,TRUE,ok,
273370,Prognathodes aya,Species,Prognathodes,3832,fathomnet,Prognathodes aya,accepted,,0,273370,Prognathodes aya,Species,Prognathodes,TRUE,ok,
475077,Hyporthodus flavolimbatus,Species,Hyporthodus,3821,fathomnet,Hyporthodus flavolimbatus,accepted,,0,475077,Hyporthodus flavolimbatus,Species,Hyporthodus,TRUE,ok,
158822,Lachnolaimus maximus,Species,Lachnolaimus,3811,fathomnet,Lachnolaimus maximus,accepted,,0,158822,Lachnolaimus maximus,Species,Lachnolaimus,TRUE,ok,
254844,Rathbunaster californicus,Species,Rathbunaster,3788,fathomnet,Rathbunaster californicus,accepted,,0,254844,Rathbunaster californicus,Species,Rathbunaster,TRUE,ok,
985,Sabellidae,Family,,3743,fathomnet,Sabellidae,accepted,,0,985,Sabellidae,Family,,TRUE,ok,
171636,Heterochone calyx,Species,Heterochone,3692,fathomnet,Heterochone calyx,accepted,,0,171636,Heterochone calyx,Species,Heterochone,TRUE,ok,
159284,Holacanthus bermudensis,Species,Holacanthus,3656,fathomnet,Holacanthus bermudensis,accepted,,0,159284,Holacanthus bermudensis,Species,Holacanthus,TRUE,ok,
212217,Thalassoma hardwicke,Species,Thalassoma,3597,fishwio|ozfish,Thalassoma hardwicke,accepted,,0,212217,Thalassoma hardwicke,Species,Thalassoma,TRUE,ok,
159236,Serranus subligarius,Species,Serranus,3573,fathomnet,Serranus subligarius,accepted,,0,159236,Serranus subligarius,Species,Serranus,TRUE,ok,
126437,Melanogrammus aeglefinus,Species,Melanogrammus,3516,yolo-bruv,Melanogrammus aeglefinus,accepted,,0,126437,Melanogrammus aeglefinus,Species,Melanogrammus,TRUE,ok,
219679,Zebrasoma scopas,Species,Zebrasoma,3497,fishwio|ozfish,Zebrasoma scopas,accepted,,0,219679,Zebrasoma scopas,Species,Zebrasoma,TRUE,ok,
218719,Chaetodon trifascialis,Species,Chaetodon,3471,fishwio|ozfish,Chaetodon trifascialis,accepted,,0,218719,Chaetodon trifascialis,Species,Chaetodon,TRUE,ok,
159800,Lutjanus synagris,Species,Lutjanus,3407,fathomnet,Lutjanus synagris,accepted,,0,159800,Lutjanus synagris,Species,Lutjanus,TRUE,ok,
159662,Chaetodon ocellatus,Species,Chaetodon,3358,fathomnet,Chaetodon ocellatus,accepted,,0,159662,Chaetodon ocellatus,Species,Chaetodon,TRUE,ok,
212817,Chromis weberi,Species,Chromis,3357,fishwio|ozfish,Chromis weberi,accepted,,0,212817,Chromis weberi,Species,Chromis,TRUE,ok,
1544106,Keratoisididae,Family,,3310,fathomnet,Keratoisididae,accepted,,0,1544106,Keratoisididae,Family,,TRUE,ok,
123083,Holothuroidea,Class,,3269,fathomnet,Holothuroidea,accepted,,0,123083,Holothuroidea,Class,,TRUE,ok,
125418,Paragorgia arborea,Species,Paragorgia,3259,fathomnet,Paragorgia arborea,accepted,,0,125418,Paragorgia arborea,Species,Paragorgia,TRUE,ok,
213657,Pterocaesio digramma,Species,Pterocaesio,3172,ozfish,Pterocaesio digramma,accepted,,0,213657,Pterocaesio digramma,Species,Pterocaesio,TRUE,ok,
106836,Munidopsis,Genus,Munidopsis,3105,fathomnet,Munidopsis,accepted,,0,106836,Munidopsis,Genus,Munidopsis,TRUE,ok,
218584,Monotaxis grandoculis,Species,Monotaxis,3064,fishwio|ozfish,Monotaxis grandoculis,accepted,,0,218584,Monotaxis grandoculis,Species,Monotaxis,TRUE,ok,
171991,Acanthascus (Staurocalyptus),Subgenus,Acanthascus,3049,fathomnet,Acanthascus (Staurocalyptus),accepted,,0,171991,Acanthascus (Staurocalyptus),Subgenus,Acanthascus,TRUE,ok,
218985,Halichoeres hortulanus,Species,Halichoeres,3021,fishwio|ozfish,Halichoeres hortulanus,accepted,,0,218985,Halichoeres hortulanus,Species,Halichoeres,TRUE,ok,
212964,Pomacentrus sulfureus,Species,Pomacentrus,3014,fishwio,Pomacentrus sulfureus,accepted,,0,212964,Pomacentrus sulfureus,Species,Pomacentrus,TRUE,ok,
1821,Chordata,Phylum,,2909,fathomnet,Chordata,accepted,,0,1821,Chordata,Phylum,,TRUE,ok,
1740301,Medusozoa,Subphylum,,2895,fathomnet,Medusozoa,accepted,,0,1740301,Medusozoa,Subphylum,,TRUE,ok,
282084,Paranthias furcifer,Species,Paranthias,2838,fathomnet,Paranthias furcifer,accepted,,0,282084,Paranthias furcifer,Species,Paranthias,TRUE,ok,
159404,Caulolatilus microps,Species,Caulolatilus,2782,fathomnet,Caulolatilus microps,accepted,,0,159404,Caulolatilus microps,Species,Caulolatilus,TRUE,ok,
148773,Scotoplanes globosa,Species,Scotoplanes,2763,fathomnet,Scotoplanes globosa,accepted,,0,148773,Scotoplanes globosa,Species,Scotoplanes,TRUE,ok,
220083,Zanclus cornutus,Species,Zanclus,2716,fathomnet|fishwio|ozfish,Zanclus cornutus,accepted,,0,220083,Zanclus cornutus,Species,Zanclus,TRUE,ok,
241954,Pannychia moseleyi,Species,Pannychia,2707,fathomnet,Pannychia moseleyi,accepted,,0,241954,Pannychia moseleyi,Species,Pannychia,TRUE,ok,
988,Serpulidae,Family,,2644,fathomnet,Serpulidae,accepted,,0,988,Serpulidae,Family,,TRUE,ok,
421999,Stenocionops spinimanus,Species,Stenocionops,2636,fathomnet,Stenocionops spinimanus,accepted,,0,421999,Stenocionops spinimanus,Species,Stenocionops,TRUE,ok,
278632,Lethrinus atkinsoni,Species,Lethrinus,2635,ozfish,Lethrinus atkinsoni,accepted,,0,278632,Lethrinus atkinsoni,Species,Lethrinus,TRUE,ok,
218479,Lutjanus bohar,Species,Lutjanus,2630,fishwio|ozfish,Lutjanus bohar,accepted,,0,218479,Lutjanus bohar,Species,Lutjanus,TRUE,ok,
105789,Carcharhinus falciformis,Species,Carcharhinus,2587,fathomnet,Carcharhinus falciformis,accepted,,0,105789,Carcharhinus falciformis,Species,Carcharhinus,TRUE,ok,
1337,Hydrozoa,Class,,2554,fathomnet,Hydrozoa,accepted,,0,1337,Hydrozoa,Class,,TRUE,ok,
123520,Scotoplanes,Genus,Scotoplanes,2549,fathomnet,Scotoplanes,accepted,,0,123520,Scotoplanes,Genus,Scotoplanes,TRUE,ok,
219014,Labroides dimidiatus,Species,Labroides,2544,fishwio|ozfish,Labroides dimidiatus,accepted,,0,219014,Labroides dimidiatus,Species,Labroides,TRUE,ok,
103395,Bathochordaeus stygius,Species,Bathochordaeus,2479,fathomnet,Bathochordaeus stygius,accepted,,0,103395,Bathochordaeus stygius,Species,Bathochordaeus,TRUE,ok,
128490,Funiculina,Genus,Funiculina,2431,fathomnet,Funiculina,accepted,,0,128490,Funiculina,Genus,Funiculina,TRUE,ok,
276747,Decodon puellaris,Species,Decodon,2419,fathomnet,Decodon puellaris,accepted,,0,276747,Decodon puellaris,Species,Decodon,TRUE,ok,
218499,Lutjanus sebae,Species,Lutjanus,2338,ozfish,Lutjanus sebae,accepted,,0,218499,Lutjanus sebae,Species,Lutjanus,TRUE,ok,
212209,Thalassoma lunare,Species,Thalassoma,2327,fishwio|ozfish,Thalassoma lunare,accepted,,0,212209,Thalassoma lunare,Species,Thalassoma,TRUE,ok,
273878,Mycteroperca interstitialis,Species,Mycteroperca,2313,fathomnet,Mycteroperca interstitialis,accepted,,0,273878,Mycteroperca interstitialis,Species,Mycteroperca,TRUE,ok,
125748,Coryphaenoides,Genus,Coryphaenoides,2311,fathomnet,Coryphaenoides,accepted,,0,125748,Coryphaenoides,Genus,Coryphaenoides,TRUE,ok,
127411,Canthigaster rostrata,Species,Canthigaster,2306,fathomnet,Canthigaster rostrata,accepted,,0,127411,Canthigaster rostrata,Species,Canthigaster,TRUE,ok,
218741,Chaetodon trifasciatus,Species,Chaetodon,2304,fishwio|ozfish,Chaetodon trifasciatus,accepted,,0,218741,Chaetodon trifasciatus,Species,Chaetodon,TRUE,ok,
125276,Isididae,Family,,2274,fathomnet,Isididae,accepted,,0,125276,Isididae,Family,,TRUE,ok,
132107,Farrea,Genus,Farrea,2198,fathomnet,Farrea,accepted,,0,132107,Farrea,Genus,Farrea,TRUE,ok,
135333,Calycophorae,Suborder,,2176,fathomnet,Calycophorae,accepted,,0,135333,Calycophorae,Suborder,,TRUE,ok,
218730,Chaetodon auriga,Species,Chaetodon,2170,fishwio|ozfish,Chaetodon auriga,accepted,,0,218730,Chaetodon auriga,Species,Chaetodon,TRUE,ok,
277817,Parupeneus macronemus,Species,Parupeneus,2102,fishwio|ozfish,Parupeneus macronemus,accepted,,0,277817,Parupeneus macronemus,Species,Parupeneus,TRUE,ok,
105,Bivalvia,Class,,2098,fathomnet,Bivalvia,accepted,,0,105,Bivalvia,Class,,TRUE,ok,
219659,Ctenochaetus striatus,Species,Ctenochaetus,2096,fishwio|ozfish,Ctenochaetus striatus,accepted,,0,219659,Ctenochaetus striatus,Species,Ctenochaetus,TRUE,ok,
101,Gastropoda,Class,,2083,fathomnet,Gastropoda,accepted,,0,101,Gastropoda,Class,,TRUE,ok,
117074,Solmissus,Genus,Solmissus,2068,fathomnet,Solmissus,accepted,,0,117074,Solmissus,Genus,Solmissus,TRUE,ok,
219994,Caesio xanthonota,Species,Caesio,2065,fishwio,Caesio xanthonota,accepted,,0,219994,Caesio xanthonota,Species,Caesio,TRUE,ok,
107232,Pagurus bernhardus,Species,Pagurus,2024,yolo-bruv,Pagurus bernhardus,accepted,,0,107232,Pagurus bernhardus,Species,Pagurus,TRUE,ok,
103362,Bathochordaeus,Genus,Bathochordaeus,2016,fathomnet,Bathochordaeus,accepted,,0,103362,Bathochordaeus,Genus,Bathochordaeus,TRUE,ok,
273585,Thalassoma lutescens,Species,Thalassoma,2007,ozfish,Thalassoma lutescens,accepted,,0,273585,Thalassoma lutescens,Species,Thalassoma,TRUE,ok,
724715,Heteropolypus ritteri,Species,Heteropolypus,2000,fathomnet,Heteropolypus ritteri,accepted,,0,724715,Heteropolypus ritteri,Species,Heteropolypus,TRUE,ok,
265955,Lampocteis cruentiventer,Species,Lampocteis,1970,fathomnet,Lampocteis cruentiventer,accepted,,0,265955,Lampocteis cruentiventer,Species,Lampocteis,TRUE,ok,
125954,Chaetodon,Genus,Chaetodon,1868,fathomnet|ozfish,Chaetodon,accepted,,0,125954,Chaetodon,Genus,Chaetodon,TRUE,ok,
574540,Doryteuthis opalescens,Species,Doryteuthis,1800,fathomnet,Doryteuthis opalescens,accepted,,0,574540,Doryteuthis opalescens,Species,Doryteuthis,TRUE,ok,
212077,Lethrinus rubrioperculatus,Species,Lethrinus,1782,ozfish,Lethrinus rubrioperculatus,accepted,,0,212077,Lethrinus rubrioperculatus,Species,Lethrinus,TRUE,ok,
212810,Chromis ternatensis,Species,Chromis,1778,fishwio|ozfish,Chromis ternatensis,accepted,,0,212810,Chromis ternatensis,Species,Chromis,TRUE,ok,
159241,Calamus bajonado,Species,Calamus,1751,fathomnet,Calamus bajonado,accepted,,0,159241,Calamus bajonado,Species,Calamus,TRUE,ok,
146420,Tunicata,Subphylum,,1743,fathomnet,Tunicata,accepted,,0,146420,Tunicata,Subphylum,,TRUE,ok,
126817,Seriola fasciata,Species,Seriola,1741,fathomnet,Seriola fasciata,accepted,,0,126817,Seriola fasciata,Species,Seriola,TRUE,ok,
212811,Chromis viridis,Species,Chromis,1728,fishwio|ozfish,Chromis viridis,accepted,,0,212811,Chromis viridis,Species,Chromis,TRUE,ok,
129715,Tomopteris,Genus,Tomopteris,1727,fathomnet,Tomopteris,accepted,,0,129715,Tomopteris,Genus,Tomopteris,TRUE,ok,
135506,Bargmannia elongata,Species,Bargmannia,1721,fathomnet,Bargmannia elongata,accepted,,0,135506,Bargmannia elongata,Species,Bargmannia,TRUE,ok,
211773,Pygoplites diacanthus,Species,Pygoplites,1711,fishwio|ozfish,Pygoplites diacanthus,accepted,,0,211773,Pygoplites diacanthus,Species,Pygoplites,TRUE,ok,
277145,Pomacentrus coelestis,Species,Pomacentrus,1693,ozfish,Pomacentrus coelestis,accepted,,0,277145,Pomacentrus coelestis,Species,Pomacentrus,TRUE,ok,
219628,Acanthurus leucosternon,Species,Acanthurus,1683,fishwio,Acanthurus leucosternon,accepted,,0,219628,Acanthurus leucosternon,Species,Acanthurus,TRUE,ok,
1605307,Pycnochromis fieldi,Species,Pycnochromis,1679,fishwio,Pycnochromis fieldi,accepted,,0,1605307,Pycnochromis fieldi,Species,Pycnochromis,TRUE,ok,
219874,Balistapus undulatus,Species,Balistapus,1648,fishwio|ozfish,Balistapus undulatus,accepted,,0,219874,Balistapus undulatus,Species,Balistapus,TRUE,ok,
212879,Abudefduf vaigiensis,Species,Abudefduf,1586,fishwio|ozfish,Abudefduf vaigiensis,accepted,,0,212879,Abudefduf vaigiensis,Species,Abudefduf,TRUE,ok,
118264,Munnopsidae,Family,,1575,fathomnet,Munnopsidae,accepted,,0,118264,Munnopsidae,Family,,TRUE,ok,
218738,Chaetodon kleinii,Species,Chaetodon,1570,fishwio|ozfish,Chaetodon kleinii,accepted,,0,218738,Chaetodon kleinii,Species,Chaetodon,TRUE,ok,
219082,Chlorurus sordidus,Species,Chlorurus,1564,fishwio|ozfish,Chlorurus sordidus,accepted,,0,219082,Chlorurus sordidus,Species,Chlorurus,TRUE,ok,
126068,Epinephelus,Genus,Epinephelus,1555,fathomnet,Epinephelus,accepted,,0,126068,Epinephelus,Genus,Epinephelus,TRUE,ok,
273541,Bodianus rufus,Species,Bodianus,1544,fathomnet,Bodianus rufus,accepted,,0,273541,Bodianus rufus,Species,Bodianus,TRUE,ok,
159792,Lutjanus analis,Species,Lutjanus,1542,fathomnet,Lutjanus analis,accepted,,0,159792,Lutjanus analis,Species,Lutjanus,TRUE,ok,
514127,Eusergestes similis,Species,Eusergestes,1541,fathomnet,Eusergestes similis,accepted,,0,514127,Eusergestes similis,Species,Eusergestes,TRUE,ok,
173124,Isosicyonis,Genus,Isosicyonis,1537,fathomnet,Isosicyonis,accepted,,0,173124,Isosicyonis,Genus,Isosicyonis,TRUE,ok,
135310,Poralia rufescens,Species,Poralia,1529,fathomnet,Poralia rufescens,accepted,,0,135310,Poralia rufescens,Species,Poralia,TRUE,ok,
135495,Nanomia bijuga,Species,Nanomia,1471,fathomnet,Nanomia bijuga,accepted,,0,135495,Nanomia bijuga,Species,Nanomia,TRUE,ok,
159403,Caulolatilus chrysops,Species,Caulolatilus,1464,fathomnet,Caulolatilus chrysops,accepted,,0,159403,Caulolatilus chrysops,Species,Caulolatilus,TRUE,ok,
218999,Hemigymnus fasciatus,Species,Hemigymnus,1462,fishwio|ozfish,Hemigymnus fasciatus,accepted,,0,218999,Hemigymnus fasciatus,Species,Hemigymnus,TRUE,ok,
137224,Pyrosoma,Genus,Pyrosoma,1458,fathomnet,Pyrosoma,accepted,,0,137224,Pyrosoma,Genus,Pyrosoma,TRUE,ok,
159650,Seriola zonata,Species,Seriola,1440,fathomnet,Seriola zonata,accepted,,0,159650,Seriola zonata,Species,Seriola,TRUE,ok,
218483,Lutjanus vitta,Species,Lutjanus,1435,ozfish,Lutjanus vitta,accepted,,0,218483,Lutjanus vitta,Species,Lutjanus,TRUE,ok,
131692,Euplectellidae,Family,,1426,fathomnet,Euplectellidae,accepted,,0,131692,Euplectellidae,Family,,TRUE,ok,
1337980,Pandalus amplus,Species,Pandalus,1419,fathomnet,Pandalus amplus,accepted,,0,1337980,Pandalus amplus,Species,Pandalus,TRUE,ok,
342023,Octopus rubescens,Species,Octopus,1410,fathomnet,Octopus rubescens,accepted,,0,342023,Octopus rubescens,Species,Octopus,TRUE,ok,
218501,Macolor niger,Species,Macolor,1406,fishwio|ozfish,Macolor niger,accepted,,0,218501,Macolor niger,Species,Macolor,TRUE,ok,
882,Annelida,Phylum,,1395,fathomnet,Annelida,accepted,,0,882,Annelida,Phylum,,TRUE,ok,
125326,Paragorgia,Genus,Paragorgia,1393,fathomnet,Paragorgia,accepted,,0,125326,Paragorgia,Genus,Paragorgia,TRUE,ok,
159422,Upeneus parvus,Species,Upeneus,1387,fathomnet,Upeneus parvus,accepted,,0,159422,Upeneus parvus,Species,Upeneus,TRUE,ok,
212862,Abudefduf sparoides,Species,Abudefduf,1372,fishwio,Abudefduf sparoides,accepted,,0,212862,Abudefduf sparoides,Species,Abudefduf,TRUE,ok,
219646,Acanthurus thompsoni,Species,Acanthurus,1371,fishwio|ozfish,Acanthurus thompsoni,accepted,,0,219646,Acanthurus thompsoni,Species,Acanthurus,TRUE,ok,
125596,Sebastidae,Family,,1365,fathomnet,Sebastidae,accepted,,0,125596,Sebastidae,Family,,TRUE,ok,
279146,Cephalopholis cruentata,Species,Cephalopholis,1362,fathomnet,Cephalopholis cruentata,accepted,,0,279146,Cephalopholis cruentata,Species,Cephalopholis,TRUE,ok,
218278,Pseudanthias squamipinnis,Species,Pseudanthias,1360,fishwio,Pseudanthias squamipinnis,accepted,,0,218278,Pseudanthias squamipinnis,Species,Pseudanthias,TRUE,ok,
125280,Coralliidae,Family,,1358,fathomnet,Coralliidae,accepted,,0,125280,Coralliidae,Family,,TRUE,ok,
219881,Melichthys niger,Species,Melichthys,1341,fathomnet|ozfish,Melichthys niger,accepted,,0,219881,Melichthys niger,Species,Melichthys,TRUE,ok,
1757986,Umbellula,Genus,Umbellula,1338,fathomnet,Umbellula,accepted,,0,1757986,Umbellula,Genus,Umbellula,TRUE,ok,
11707,Cephalopoda,Class,,1331,fathomnet,Cephalopoda,accepted,,0,11707,Cephalopoda,Class,,TRUE,ok,
146421,Appendicularia,Class,,1311,fathomnet,Appendicularia,accepted,,0,146421,Appendicularia,Class,,TRUE,ok,
123297,Hippasteria,Genus,Hippasteria,1293,fathomnet,Hippasteria,accepted,,0,123297,Hippasteria,Genus,Hippasteria,TRUE,ok,
116994,Aegina,Genus,Aegina,1275,fathomnet,Aegina,accepted,,0,116994,Aegina,Genus,Aegina,TRUE,ok,
220001,Pomacanthus imperator,Species,Pomacanthus,1275,fishwio|ozfish,Pomacanthus imperator,accepted,,0,220001,Pomacanthus imperator,Species,Pomacanthus,TRUE,ok,
126070,Serranus,Genus,Serranus,1271,fathomnet,Serranus,accepted,,0,126070,Serranus,Genus,Serranus,TRUE,ok,
213656,Pterocaesio tile,Species,Pterocaesio,1270,fishwio|ozfish,Pterocaesio tile,accepted,,0,213656,Pterocaesio tile,Species,Pterocaesio,TRUE,ok,
159378,Holocentrus adscensionis,Species,Holocentrus,1266,fathomnet,Holocentrus adscensionis,accepted,,0,159378,Holocentrus adscensionis,Species,Holocentrus,TRUE,ok,
1027018,Bathochordaeus mcnutti,Species,Bathochordaeus,1265,fathomnet,Bathochordaeus mcnutti,accepted,,0,1027018,Bathochordaeus mcnutti,Species,Bathochordaeus,TRUE,ok,
100672,Hormathiidae,Family,,1263,fathomnet,Hormathiidae,accepted,,0,100672,Hormathiidae,Family,,TRUE,ok,
277870,Cirrhilabrus temminckii,Species,Cirrhilabrus,1256,ozfish,Cirrhilabrus temminckii,accepted,,0,277870,Cirrhilabrus temminckii,Species,Cirrhilabrus,TRUE,ok,
218168,Aethaloperca rogaa,Species,Aethaloperca,1238,fishwio|ozfish,Aethaloperca rogaa,accepted,,0,218168,Aethaloperca rogaa,Species,Aethaloperca,TRUE,ok,
283704,Metridium farcimen,Species,Metridium,1229,fathomnet,Metridium farcimen,accepted,,0,283704,Metridium farcimen,Species,Metridium,TRUE,ok,
330855,Poeobius meseres,Species,Poeobius,1214,fathomnet,Poeobius meseres,accepted,,0,330855,Poeobius meseres,Species,Poeobius,TRUE,ok,
117846,Ptychogastria polaris,Species,Ptychogastria,1187,fathomnet,Ptychogastria polaris,accepted,,0,117846,Ptychogastria polaris,Species,Ptychogastria,TRUE,ok,
219672,Naso vlamingii,Species,Naso,1159,fishwio|ozfish,Naso vlamingii,accepted,,0,219672,Naso vlamingii,Species,Naso,TRUE,ok,
212216,Thalassoma amblycephalum,Species,Thalassoma,1144,fishwio|ozfish,Thalassoma amblycephalum,accepted,,0,212216,Thalassoma amblycephalum,Species,Thalassoma,TRUE,ok,
273912,Siganus fuscescens,Species,Siganus,1142,ozfish,Siganus fuscescens,accepted,,0,273912,Siganus fuscescens,Species,Siganus,TRUE,ok,
593074,Liponema brevicorne,Species,Liponema,1132,fathomnet,Liponema brevicorne,accepted,,0,593074,Liponema brevicorne,Species,Liponema,TRUE,ok,
219883,Odonus niger,Species,Odonus,1125,fishwio|ozfish,Odonus niger,accepted,,0,219883,Odonus niger,Species,Odonus,TRUE,ok,
220063,Oxymonacanthus longirostris,Species,Oxymonacanthus,1116,fishwio|ozfish,Oxymonacanthus longirostris,accepted,,0,220063,Oxymonacanthus longirostris,Species,Oxymonacanthus,TRUE,ok,
218174,Cephalopholis argus,Species,Cephalopholis,1113,fishwio|ozfish,Cephalopholis argus,accepted,,0,218174,Cephalopholis argus,Species,Cephalopholis,TRUE,ok,
137250,Pyrosoma atlanticum,Species,Pyrosoma,1112,fathomnet,Pyrosoma atlanticum,accepted,,0,137250,Pyrosoma atlanticum,Species,Pyrosoma,TRUE,ok,
125547,Mullidae,Family,,1110,fathomnet,Mullidae,accepted,,0,125547,Mullidae,Family,,TRUE,ok,
212207,Thalassoma hebraicum,Species,Thalassoma,1093,fishwio,Thalassoma hebraicum,accepted,,0,212207,Thalassoma hebraicum,Species,Thalassoma,TRUE,ok,
219630,Acanthurus triostegus,Species,Acanthurus,1093,fathomnet|ozfish,Acanthurus triostegus,accepted,,0,219630,Acanthurus triostegus,Species,Acanthurus,TRUE,ok,
105719,Carcharhinus,Genus,Carcharhinus,1080,fathomnet,Carcharhinus,accepted,,0,105719,Carcharhinus,Genus,Carcharhinus,TRUE,ok,
289661,Chrysopathes speciosa,Species,Chrysopathes,1073,fathomnet,Chrysopathes speciosa,accepted,,0,289661,Chrysopathes speciosa,Species,Chrysopathes,TRUE,ok,
219098,Scarus tricolor,Species,Scarus,1069,fishwio,Scarus tricolor,accepted,,0,219098,Scarus tricolor,Species,Scarus,TRUE,ok,
141887,Vampyroteuthis infernalis,Species,Vampyroteuthis,1066,fathomnet,Vampyroteuthis infernalis,accepted,,0,141887,Vampyroteuthis infernalis,Species,Vampyroteuthis,TRUE,ok,
137213,Pyrosomatida,Order,,1058,fathomnet,Pyrosomatida,accepted,,0,137213,Pyrosomatida,Order,,TRUE,ok,
1361,Ceriantharia,Order,,1054,fathomnet,Ceriantharia,accepted,,0,1361,Ceriantharia,Order,,TRUE,ok,
22742,Psamminidae,Family,,1054,fathomnet,Psamminidae,accepted,,0,22742,Psamminidae,Family,,TRUE,ok,
158991,Urophycis regia,Species,Urophycis,1053,fathomnet,Urophycis regia,accepted,,0,158991,Urophycis regia,Species,Urophycis,TRUE,ok,
100691,Actinernus,Genus,Actinernus,1048,fathomnet,Actinernus,accepted,,0,100691,Actinernus,Genus,Actinernus,TRUE,ok,
218722,Chaetodon guttatissimus,Species,Chaetodon,1046,fishwio|ozfish,Chaetodon guttatissimus,accepted,,0,218722,Chaetodon guttatissimus,Species,Chaetodon,TRUE,ok,
1371,Siphonophorae,Order,,1033,fathomnet,Siphonophorae,accepted,,0,1371,Siphonophorae,Order,,TRUE,ok,
275257,Canthigaster jamestyleri,Species,Canthigaster,1033,fathomnet,Canthigaster jamestyleri,accepted,,0,275257,Canthigaster jamestyleri,Species,Canthigaster,TRUE,ok,
274294,Microstomus pacificus,Species,Microstomus,1029,fathomnet,Microstomus pacificus,accepted,,0,274294,Microstomus pacificus,Species,Microstomus,TRUE,ok,
135248,Atolla,Genus,Atolla,1025,fathomnet,Atolla,accepted,,0,135248,Atolla,Genus,Atolla,TRUE,ok,
1362,Corallimorpharia,Order,,1022,fathomnet,Corallimorpharia,accepted,,0,1362,Corallimorpharia,Order,,TRUE,ok,
378131,Paralomis multispina,Species,Paralomis,1019,fathomnet,Paralomis multispina,accepted,,0,378131,Paralomis multispina,Species,Paralomis,TRUE,ok,
582522,Isidella tentaculum,Species,Isidella,1012,fathomnet,Isidella tentaculum,accepted,,0,582522,Isidella tentaculum,Species,Isidella,TRUE,ok,
218204,Epinephelus areolatus,Species,Epinephelus,998,ozfish,Epinephelus areolatus,accepted,,0,218204,Epinephelus areolatus,Species,Epinephelus,TRUE,ok,
2081,Chaetognatha,Phylum,,993,fathomnet,Chaetognatha,accepted,,0,2081,Chaetognatha,Phylum,,TRUE,ok,
218665,Parupeneus cyclostomus,Species,Parupeneus,990,fishwio|ozfish,Parupeneus cyclostomus,accepted,,0,218665,Parupeneus cyclostomus,Species,Parupeneus,TRUE,ok,
1135,Amphipoda,Order,,988,fathomnet,Amphipoda,accepted,,0,1135,Amphipoda,Order,,TRUE,ok,
126175,Sebastes,Genus,Sebastes,971,fathomnet,Sebastes,accepted,,0,126175,Sebastes,Genus,Sebastes,TRUE,ok,
1258,Lobata,Order,,950,fathomnet,Lobata,accepted,,0,1258,Lobata,Order,,TRUE,ok,
273540,Bodianus pulchellus,Species,Bodianus,949,fathomnet,Bodianus pulchellus,accepted,,0,273540,Bodianus pulchellus,Species,Bodianus,TRUE,ok,
219671,Naso brevirostris,Species,Naso,947,fishwio|ozfish,Naso brevirostris,accepted,,0,219671,Naso brevirostris,Species,Naso,TRUE,ok,
212846,Dascyllus trimaculatus,Species,Dascyllus,945,fishwio|ozfish,Dascyllus trimaculatus,accepted,,0,212846,Dascyllus trimaculatus,Species,Dascyllus,TRUE,ok,
277598,Amblyglyphidodon indicus,Species,Amblyglyphidodon,939,fishwio,Amblyglyphidodon indicus,accepted,,0,277598,Amblyglyphidodon indicus,Species,Amblyglyphidodon,TRUE,ok,
212855,Plectroglyphidodon dickii,Species,Plectroglyphidodon,931,fishwio|ozfish,Plectroglyphidodon dickii,accepted,,0,212855,Plectroglyphidodon dickii,Species,Plectroglyphidodon,TRUE,ok,
282209,Pentapodus porosus,Species,Pentapodus,930,ozfish,Pentapodus porosus,accepted,,0,282209,Pentapodus porosus,Species,Pentapodus,TRUE,ok,
159582,Acanthurus lineatus,Species,Acanthurus,927,fishwio,Acanthurus lineatus,accepted,,0,159582,Acanthurus lineatus,Species,Acanthurus,TRUE,ok,
1608731,Callistephanus kofoidi,Species,Callistephanus,923,fathomnet,Callistephanus kofoidi,accepted,,0,1608731,Callistephanus kofoidi,Species,Callistephanus,TRUE,ok,
341796,Chiroteuthis calyx,Species,Chiroteuthis,919,fathomnet,Chiroteuthis calyx,accepted,,0,341796,Chiroteuthis calyx,Species,Chiroteuthis,TRUE,ok,
125294,Chrysogorgia,Genus,Chrysogorgia,918,fathomnet,Chrysogorgia,accepted,,0,125294,Chrysogorgia,Genus,Chrysogorgia,TRUE,ok,
159346,Centropristis ocyurus,Species,Centropristis,915,fathomnet,Centropristis ocyurus,accepted,,0,159346,Centropristis ocyurus,Species,Centropristis,TRUE,ok,
158814,Halichoeres bathyphilus,Species,Halichoeres,896,fathomnet,Halichoeres bathyphilus,accepted,,0,158814,Halichoeres bathyphilus,Species,Halichoeres,TRUE,ok,
125278,Primnoidae,Family,,892,fathomnet,Primnoidae,accepted,,0,125278,Primnoidae,Family,,TRUE,ok,
159289,Abudefduf sexfasciatus,Species,Abudefduf,891,fishwio|ozfish,Abudefduf sexfasciatus,accepted,,0,159289,Abudefduf sexfasciatus,Species,Abudefduf,TRUE,ok,
137214,Salpida,Order,,882,fathomnet,Salpida,accepted,,0,137214,Salpida,Order,,TRUE,ok,
159402,Caulolatilus cyanops,Species,Caulolatilus,880,fathomnet,Caulolatilus cyanops,accepted,,0,159402,Caulolatilus cyanops,Species,Caulolatilus,TRUE,ok,
219686,Siganus argenteus,Species,Siganus,880,fishwio|ozfish,Siganus argenteus,accepted,,0,219686,Siganus argenteus,Species,Siganus,TRUE,ok,
131893,Asbestopluma,Genus,Asbestopluma,871,fathomnet,Asbestopluma,accepted,,0,131893,Asbestopluma,Genus,Asbestopluma,TRUE,ok,
267700,Parastenella,Genus,Parastenella,863,fathomnet,Parastenella,accepted,,0,267700,Parastenella,Genus,Parastenella,TRUE,ok,
1609355,Scleralcyonacea,Order,,860,fathomnet,Scleralcyonacea,accepted,,0,1609355,Scleralcyonacea,Order,,TRUE,ok,
123512,Elpidia,Genus,Elpidia,850,fathomnet,Elpidia,accepted,,0,123512,Elpidia,Genus,Elpidia,TRUE,ok,
174046,Peniagone vitrea,Species,Peniagone,836,fathomnet,Peniagone vitrea,accepted,,0,174046,Peniagone vitrea,Species,Peniagone,TRUE,ok,
218480,Lutjanus gibbus,Species,Lutjanus,832,fishwio|ozfish,Lutjanus gibbus,accepted,,0,218480,Lutjanus gibbus,Species,Lutjanus,TRUE,ok,
159287,Pomacanthus arcuatus,Species,Pomacanthus,818,fathomnet,Pomacanthus arcuatus,accepted,,0,159287,Pomacanthus arcuatus,Species,Pomacanthus,TRUE,ok,
305684,Microstomus bathybius,Species,Microstomus,814,fathomnet,Microstomus bathybius,accepted,,0,305684,Microstomus bathybius,Species,Microstomus,TRUE,ok,
219159,Parapercis hexophtalma,Species,Parapercis,812,fishwio,Parapercis hexophtalma,accepted,,0,219159,Parapercis hexophtalma,Species,Parapercis,TRUE,ok,
1086,Eumalacostraca,Subclass,,797,fathomnet,Eumalacostraca,accepted,,0,1086,Eumalacostraca,Subclass,,TRUE,ok,
219667,Naso hexacanthus,Species,Naso,794,fishwio|ozfish,Naso hexacanthus,accepted,,0,219667,Naso hexacanthus,Species,Naso,TRUE,ok,
759744,Asbestopluma (Asbestopluma) monticola,Species,Asbestopluma,792,fathomnet,Asbestopluma (Asbestopluma) monticola,accepted,,0,759744,Asbestopluma (Asbestopluma) monticola,Species,Asbestopluma,TRUE,ok,
218940,Cheilinus fasciatus,Species,Cheilinus,786,fishwio|ozfish,Cheilinus fasciatus,accepted,,0,218940,Cheilinus fasciatus,Species,Cheilinus,TRUE,ok,
1839,Ascidiacea,Class,,781,fathomnet,Ascidiacea,accepted,,0,1839,Ascidiacea,Class,,TRUE,ok,
275721,Haemulon album,Species,Haemulon,775,fathomnet,Haemulon album,accepted,,0,275721,Haemulon album,Species,Haemulon,TRUE,ok,
149,Buccinidae,Family,,762,fathomnet,Buccinidae,accepted,,0,149,Buccinidae,Family,,TRUE,ok,
106050,Poecilasmatidae,Family,,754,fathomnet,Poecilasmatidae,accepted,,0,106050,Poecilasmatidae,Family,,TRUE,ok,
125305,Isidella,Genus,Isidella,754,fathomnet,Isidella,accepted,,0,125305,Isidella,Genus,Isidella,TRUE,ok,
1066,Crustacea,Subphylum,,751,fathomnet,Crustacea,accepted,,0,1066,Crustacea,Subphylum,,TRUE,ok,
211787,Apolemichthys trimaculatus,Species,Apolemichthys,746,fishwio|ozfish,Apolemichthys trimaculatus,accepted,,0,211787,Apolemichthys trimaculatus,Species,Apolemichthys,TRUE,ok,
219991,Caesio lunaris,Species,Caesio,743,fishwio,Caesio lunaris,accepted,,0,219991,Caesio lunaris,Species,Caesio,TRUE,ok,
1461133,Beringraja rhina,Species,Beringraja,742,fathomnet,Beringraja rhina,accepted,,0,1461133,Beringraja rhina,Species,Beringraja,TRUE,ok,
123185,Synallactidae,Family,,731,fathomnet,Synallactidae,accepted,,0,123185,Synallactidae,Family,,TRUE,ok,
135393,Apolemia,Genus,Apolemia,731,fathomnet,Apolemia,accepted,,0,135393,Apolemia,Genus,Apolemia,TRUE,ok,
159230,Liopropoma eukrines,Species,Liopropoma,731,fathomnet,Liopropoma eukrines,accepted,,0,159230,Liopropoma eukrines,Species,Liopropoma,TRUE,ok,
219013,Labrichthys unilineatus,Species,Labrichthys,730,fishwio|ozfish,Labrichthys unilineatus,accepted,,0,219013,Labrichthys unilineatus,Species,Labrichthys,TRUE,ok,
275973,Calamus proridens,Species,Calamus,730,fathomnet,Calamus proridens,accepted,,0,275973,Calamus proridens,Species,Calamus,TRUE,ok,
218765,Heniochus acuminatus,Species,Heniochus,728,fishwio|ozfish,Heniochus acuminatus,accepted,,0,218765,Heniochus acuminatus,Species,Heniochus,TRUE,ok,
527126,Muusoctopus,Genus,Muusoctopus,725,fathomnet,Muusoctopus,accepted,,0,527126,Muusoctopus,Genus,Muusoctopus,TRUE,ok,
1434803,Beroe,Genus,Beroe,714,fathomnet,Beroe,accepted,,0,1434803,Beroe,Genus,Beroe,TRUE,ok,
148759,Paelopatides confundens,Species,Paelopatides,710,fathomnet,Paelopatides confundens,accepted,,0,148759,Paelopatides confundens,Species,Paelopatides,TRUE,ok,
277563,Ctenochaetus truncatus,Species,Ctenochaetus,704,fishwio,Ctenochaetus truncatus,accepted,,0,277563,Ctenochaetus truncatus,Species,Ctenochaetus,TRUE,ok,
219015,Labroides bicolor,Species,Labroides,698,fishwio|ozfish,Labroides bicolor,accepted,,0,219015,Labroides bicolor,Species,Labroides,TRUE,ok,
159238,Archosargus probatocephalus,Species,Archosargus,696,fathomnet,Archosargus probatocephalus,accepted,,0,159238,Archosargus probatocephalus,Species,Archosargus,TRUE,ok,
135466,Praya dubia,Species,Praya,695,fathomnet,Praya dubia,accepted,,0,135466,Praya dubia,Species,Praya,TRUE,ok,
105816,Sphyrna lewini,Species,Sphyrna,690,fathomnet,Sphyrna lewini,accepted,,0,105816,Sphyrna lewini,Species,Sphyrna,TRUE,ok,
125471,Macrouridae,Family,,690,fathomnet,Macrouridae,accepted,,0,125471,Macrouridae,Family,,TRUE,ok,
159231,Mycteroperca bonaci,Species,Mycteroperca,690,fathomnet,Mycteroperca bonaci,accepted,,0,159231,Mycteroperca bonaci,Species,Mycteroperca,TRUE,ok,
218260,Plectropomus laevis,Species,Plectropomus,688,fishwio,Plectropomus laevis,accepted,,0,218260,Plectropomus laevis,Species,Plectropomus,TRUE,ok,
475100,Hyporthodus nigritus,Species,Hyporthodus,679,fathomnet,Hyporthodus nigritus,accepted,,0,475100,Hyporthodus nigritus,Species,Hyporthodus,TRUE,ok,
883,Polychaeta,Class,,677,fathomnet,Polychaeta,accepted,,0,883,Polychaeta,Class,,TRUE,ok,
123093,Comatulida,Order,,675,fathomnet,Comatulida,accepted,,0,123093,Comatulida,Order,,TRUE,ok,
218237,Epinephelus multinotatus,Species,Epinephelus,675,ozfish,Epinephelus multinotatus,accepted,,0,218237,Epinephelus multinotatus,Species,Epinephelus,TRUE,ok,
272961,Acanthurus grammoptilus,Species,Acanthurus,674,ozfish,Acanthurus grammoptilus,accepted,,0,272961,Acanthurus grammoptilus,Species,Acanthurus,TRUE,ok,
218255,Gracila albomarginata,Species,Gracila,672,fishwio|ozfish,Gracila albomarginata,accepted,,0,218255,Gracila albomarginata,Species,Gracila,TRUE,ok,
174738,Benthocodon,Genus,Benthocodon,667,fathomnet,Benthocodon,accepted,,0,174738,Benthocodon,Genus,Benthocodon,TRUE,ok,
218762,Hemitaurichthys zoster,Species,Hemitaurichthys,665,fishwio,Hemitaurichthys zoster,accepted,,0,218762,Hemitaurichthys zoster,Species,Hemitaurichthys,TRUE,ok,
11718,Octopoda,Order,,664,fathomnet,Octopoda,accepted,,0,11718,Octopoda,Order,,TRUE,ok,
135340,Prayidae,Family,,662,fathomnet,Prayidae,accepted,,0,135340,Prayidae,Family,,TRUE,ok,
277826,Parupeneus trifasciatus,Species,Parupeneus,662,fishwio|ozfish,Parupeneus trifasciatus,accepted,,0,277826,Parupeneus trifasciatus,Species,Parupeneus,TRUE,ok,
219113,Scarus frenatus,Species,Scarus,661,fishwio|ozfish,Scarus frenatus,accepted,,0,219113,Scarus frenatus,Species,Scarus,TRUE,ok,
277996,Oxycheilinus digramma,Species,Oxycheilinus,660,fishwio,Oxycheilinus digramma,accepted,,0,277996,Oxycheilinus digramma,Species,Oxycheilinus,TRUE,ok,
273910,Serranus tortugarum,Species,Serranus,655,fathomnet,Serranus tortugarum,accepted,,0,273910,Serranus tortugarum,Species,Serranus,TRUE,ok,
158875,Syacium,Genus,Syacium,654,fathomnet,Syacium,accepted,,0,158875,Syacium,Genus,Syacium,TRUE,ok,
131694,Rossellidae,Family,,650,fathomnet,Rossellidae,accepted,,0,131694,Rossellidae,Family,,TRUE,ok,
212081,Lethrinus nebulosus,Species,Lethrinus,650,ozfish,Lethrinus nebulosus,accepted,,0,212081,Lethrinus nebulosus,Species,Lethrinus,TRUE,ok,
10331,Pleuronectiformes,Order,,643,fathomnet,Pleuronectiformes,accepted,,0,10331,Pleuronectiformes,Order,,TRUE,ok,
23140,Vesicomyidae,Family,,640,fathomnet,Vesicomyidae,accepted,,0,23140,Vesicomyidae,Family,,TRUE,ok,
123776,Asterias rubens,Species,Asterias,639,yolo-bruv,Asterias rubens,accepted,,0,123776,Asterias rubens,Species,Asterias,TRUE,ok,
1417788,Benthocodon pedunculatus,Species,Benthocodon,632,fathomnet,Benthocodon pedunculatus,accepted,,0,1417788,Benthocodon pedunculatus,Species,Benthocodon,TRUE,ok,
1608733,Callistephanus simplex,Species,Callistephanus,630,fathomnet,Callistephanus simplex,accepted,,0,1608733,Callistephanus simplex,Species,Callistephanus,TRUE,ok,
1251,Cydippida,Order,,628,fathomnet,Cydippida,accepted,,0,1251,Cydippida,Order,,TRUE,ok,
159661,Chaetodon capistratus,Species,Chaetodon,625,fathomnet,Chaetodon capistratus,accepted,,0,159661,Chaetodon capistratus,Species,Chaetodon,TRUE,ok,
423632,Pandalus platyceros,Species,Pandalus,620,fathomnet,Pandalus platyceros,accepted,,0,423632,Pandalus platyceros,Species,Pandalus,TRUE,ok,
124597,Abyssocucumis abyssorum,Species,Abyssocucumis,616,fathomnet,Abyssocucumis abyssorum,accepted,,0,124597,Abyssocucumis abyssorum,Species,Abyssocucumis,TRUE,ok,
218959,Coris caudimacula,Species,Coris,616,ozfish,Coris caudimacula,accepted,,0,218959,Coris caudimacula,Species,Coris,TRUE,ok,
944595,Gersemia juliepackardae,Species,Gersemia,616,fathomnet,Gersemia juliepackardae,accepted,,0,944595,Gersemia juliepackardae,Species,Gersemia,TRUE,ok,
218752,Chaetodon meyeri,Species,Chaetodon,600,fishwio|ozfish,Chaetodon meyeri,accepted,,0,218752,Chaetodon meyeri,Species,Chaetodon,TRUE,ok,
341868,Histioteuthis heteropsis,Species,Histioteuthis,596,fathomnet,Histioteuthis heteropsis,accepted,,0,341868,Histioteuthis heteropsis,Species,Histioteuthis,TRUE,ok,
218574,Gnathodentex aureolineatus,Species,Gnathodentex,591,fishwio|ozfish,Gnathodentex aureolineatus,accepted,,0,218574,Gnathodentex aureolineatus,Species,Gnathodentex,TRUE,ok,
441520,Chorilia longipes,Species,Chorilia,587,fathomnet,Chorilia longipes,accepted,,0,441520,Chorilia longipes,Species,Chorilia,TRUE,ok,
218660,Parupeneus barberinus,Species,Parupeneus,586,fishwio|ozfish,Parupeneus barberinus,accepted,,0,218660,Parupeneus barberinus,Species,Parupeneus,TRUE,ok,
714272,Florometra serratissima,Species,Florometra,581,fathomnet,Florometra serratissima,accepted,,0,714272,Florometra serratissima,Species,Florometra,TRUE,ok,
218482,Lutjanus kasmira,Species,Lutjanus,579,fishwio|ozfish,Lutjanus kasmira,accepted,,0,218482,Lutjanus kasmira,Species,Lutjanus,TRUE,ok,
342291,Dosidicus gigas,Species,Dosidicus,576,fathomnet,Dosidicus gigas,accepted,,0,342291,Dosidicus gigas,Species,Dosidicus,TRUE,ok,
205457,Nemipterus,Genus,Nemipterus,566,ozfish,Nemipterus,accepted,,0,205457,Nemipterus,Genus,Nemipterus,TRUE,ok,
217940,Sargocentron caudimaculatum,Species,Sargocentron,557,fishwio|ozfish,Sargocentron caudimaculatum,accepted,,0,217940,Sargocentron caudimaculatum,Species,Sargocentron,TRUE,ok,
217964,Aulostomus chinensis,Species,Aulostomus,556,fathomnet|fishwio|ozfish,Aulostomus chinensis,accepted,,0,217964,Aulostomus chinensis,Species,Aulostomus,TRUE,ok,
124738,Peniagone gracilis,Species,Peniagone,551,fathomnet,Peniagone gracilis,accepted,,0,124738,Peniagone gracilis,Species,Peniagone,TRUE,ok,
135507,Bargmannia lata,Species,Bargmannia,543,fathomnet,Bargmannia lata,accepted,,0,135507,Bargmannia lata,Species,Bargmannia,TRUE,ok,
219873,Abalistes stellatus,Species,Abalistes,543,ozfish,Abalistes stellatus,accepted,,0,219873,Abalistes stellatus,Species,Abalistes,TRUE,ok,
282741,Sebastolobus altivelis,Species,Sebastolobus,534,fathomnet,Sebastolobus altivelis,accepted,,0,282741,Sebastolobus altivelis,Species,Sebastolobus,TRUE,ok,
123085,Brisingida,Order,,526,fathomnet,Brisingida,accepted,,0,123085,Brisingida,Order,,TRUE,ok,
117263,Aegina citrea,Species,Aegina,525,fathomnet,Aegina citrea,accepted,,0,117263,Aegina citrea,Species,Aegina,TRUE,ok,
341807,Galiteuthis phyllura,Species,Galiteuthis,523,fathomnet,Galiteuthis phyllura,accepted,,0,341807,Galiteuthis phyllura,Species,Galiteuthis,TRUE,ok,
106737,Lithodidae,Family,,522,fathomnet,Lithodidae,accepted,,0,106737,Lithodidae,Family,,TRUE,ok,
126103,Lycenchelys,Genus,Lycenchelys,514,fathomnet,Lycenchelys,accepted,,0,126103,Lycenchelys,Genus,Lycenchelys,TRUE,ok,
276709,Pseudojuloides severnsi,Species,Pseudojuloides,512,ozfish,Pseudojuloides severnsi,accepted,,0,276709,Pseudojuloides severnsi,Species,Pseudojuloides,TRUE,ok,
282207,Pentapodus nagasakiensis,Species,Pentapodus,511,ozfish,Pentapodus nagasakiensis,accepted,,0,282207,Pentapodus nagasakiensis,Species,Pentapodus,TRUE,ok,
218944,Cheilinus trilobatus,Species,Cheilinus,510,fishwio|ozfish,Cheilinus trilobatus,accepted,,0,218944,Cheilinus trilobatus,Species,Cheilinus,TRUE,ok,
137853,Taonius,Genus,Taonius,507,fathomnet,Taonius,accepted,,0,137853,Taonius,Genus,Taonius,TRUE,ok,
158646,Ophichthus puncticeps,Species,Ophichthus,507,fathomnet,Ophichthus puncticeps,accepted,,0,158646,Ophichthus puncticeps,Species,Ophichthus,TRUE,ok,
987094,Chelonioidea,Superfamily,,503,fathomnet,Chelonioidea,accepted,,0,987094,Chelonioidea,Superfamily,,TRUE,ok,
131907,Mycale,Genus,Mycale,501,fathomnet,Mycale,accepted,,0,131907,Mycale,Genus,Mycale,TRUE,ok,
218733,Chaetodon lunula,Species,Chaetodon,500,fishwio|ozfish,Chaetodon lunula,accepted,,0,218733,Chaetodon lunula,Species,Chaetodon,TRUE,ok,
218647,Mulloidichthys flavolineatus,Species,Mulloidichthys,494,fathomnet|ozfish,Mulloidichthys flavolineatus,accepted,,0,218647,Mulloidichthys flavolineatus,Species,Mulloidichthys,TRUE,ok,
274787,Sebastes diploproa,Species,Sebastes,494,fathomnet,Sebastes diploproa,accepted,,0,274787,Sebastes diploproa,Species,Sebastes,TRUE,ok,
218304,Variola louti,Species,Variola,493,fishwio|ozfish,Variola louti,accepted,,0,218304,Variola louti,Species,Variola,TRUE,ok,
283830,Corallimorphus pilatus,Species,Corallimorphus,488,fathomnet,Corallimorphus pilatus,accepted,,0,283830,Corallimorphus pilatus,Species,Corallimorphus,TRUE,ok,
368409,Batoidea,Infraclass,,482,fathomnet,Batoidea,accepted,,0,368409,Batoidea,Infraclass,,TRUE,ok,
219882,Melichthys indicus,Species,Melichthys,480,fishwio|ozfish,Melichthys indicus,accepted,,0,219882,Melichthys indicus,Species,Melichthys,TRUE,ok,
218991,Halichoeres marginatus,Species,Halichoeres,478,fishwio|ozfish,Halichoeres marginatus,accepted,,0,218991,Halichoeres marginatus,Species,Halichoeres,TRUE,ok,
277820,Parupeneus multifasciatus,Species,Parupeneus,472,ozfish,Parupeneus multifasciatus,accepted,,0,277820,Parupeneus multifasciatus,Species,Parupeneus,TRUE,ok,
125314,Swiftia,Genus,Swiftia,470,fathomnet,Swiftia,accepted,,0,125314,Swiftia,Genus,Swiftia,TRUE,ok,
218923,Anampses meleagrides,Species,Anampses,463,fishwio|ozfish,Anampses meleagrides,accepted,,0,218923,Anampses meleagrides,Species,Anampses,TRUE,ok,
105431,Caecosagitta macrocephala,Species,Caecosagitta,462,fathomnet,Caecosagitta macrocephala,accepted,,0,105431,Caecosagitta macrocephala,Species,Caecosagitta,TRUE,ok,
219626,Acanthurus nigricauda,Species,Acanthurus,462,fishwio|ozfish,Acanthurus nigricauda,accepted,,0,219626,Acanthurus nigricauda,Species,Acanthurus,TRUE,ok,
982,Terebellidae,Family,,460,fathomnet,Terebellidae,accepted,,0,982,Terebellidae,Family,,TRUE,ok,
212812,Chromis atripectoralis,Species,Chromis,457,fishwio|ozfish,Chromis atripectoralis,accepted,,0,212812,Chromis atripectoralis,Species,Chromis,TRUE,ok,
276851,Sufflamen chrysopterum,Species,Sufflamen,453,fishwio|ozfish,Sufflamen chrysopterum,accepted,,0,276851,Sufflamen chrysopterum,Species,Sufflamen,TRUE,ok,
212798,Chromis opercularis,Species,Chromis,451,fishwio|ozfish,Chromis opercularis,accepted,,0,212798,Chromis opercularis,Species,Chromis,TRUE,ok,
718773,Hemicorallium,Genus,Hemicorallium,450,fathomnet,Hemicorallium,accepted,,0,718773,Hemicorallium,Genus,Hemicorallium,TRUE,ok,
158586,Muraena retifera,Species,Muraena,449,fathomnet,Muraena retifera,accepted,,0,158586,Muraena retifera,Species,Muraena,TRUE,ok,
126064,Scomberomorus,Genus,Scomberomorus,448,fathomnet|ozfish,Scomberomorus,accepted,,0,126064,Scomberomorus,Genus,Scomberomorus,TRUE,ok,
218419,Caranx melampygus,Species,Caranx,448,fishwio|ozfish,Caranx melampygus,accepted,,0,218419,Caranx melampygus,Species,Caranx,TRUE,ok,
135281,Atolla vanhoeffeni,Species,Atolla,446,fathomnet,Atolla vanhoeffeni,accepted,,0,135281,Atolla vanhoeffeni,Species,Atolla,TRUE,ok,
151787,Scarinae,Subfamily,,446,ozfish,Scarinae,accepted,,0,151787,Scarinae,Subfamily,,TRUE,ok,
219086,Chlorurus strongylocephalus,Species,Chlorurus,445,fishwio|ozfish,Chlorurus strongylocephalus,accepted,,0,219086,Chlorurus strongylocephalus,Species,Chlorurus,TRUE,ok,
206059,Lethrinus,Genus,Lethrinus,443,ozfish,Lethrinus,accepted,,0,206059,Lethrinus,Genus,Lethrinus,TRUE,ok,
123333,Hymenaster,Genus,Hymenaster,440,fathomnet,Hymenaster,accepted,,0,123333,Hymenaster,Genus,Hymenaster,TRUE,ok,
212797,Chromis nigroanalis,Species,Chromis,440,fishwio,Chromis nigroanalis,accepted,,0,212797,Chromis nigroanalis,Species,Chromis,TRUE,ok,
272460,Antimora microlepis,Species,Antimora,440,fathomnet,Antimora microlepis,accepted,,0,272460,Antimora microlepis,Species,Antimora,TRUE,ok,
123525,Pannychia,Genus,Pannychia,437,fathomnet,Pannychia,accepted,,0,123525,Pannychia,Genus,Pannychia,TRUE,ok,
218384,Atule mate,Species,Atule,437,ozfish,Atule mate,accepted,,0,218384,Atule mate,Species,Atule,TRUE,ok,
219093,Scarus prasiognathos,Species,Scarus,433,ozfish,Scarus prasiognathos,accepted,,0,219093,Scarus prasiognathos,Species,Scarus,TRUE,ok,
218931,Bodianus diana,Species,Bodianus,429,fishwio,Bodianus diana,accepted,,0,218931,Bodianus diana,Species,Bodianus,TRUE,ok,
107052,Pasiphaea,Genus,Pasiphaea,428,fathomnet,Pasiphaea,accepted,,0,107052,Pasiphaea,Genus,Pasiphaea,TRUE,ok,
149668,Mysida,Order,,428,fathomnet,Mysida,accepted,,0,149668,Mysida,Order,,TRUE,ok,
105795,Carcharhinus melanopterus,Species,Carcharhinus,426,ozfish,Carcharhinus melanopterus,accepted,,0,105795,Carcharhinus melanopterus,Species,Carcharhinus,TRUE,ok,
110673,Euphausia,Genus,Euphausia,424,fathomnet,Euphausia,accepted,,0,110673,Euphausia,Genus,Euphausia,TRUE,ok,
277859,Cirrhilabrus morrisoni,Species,Cirrhilabrus,421,ozfish,Cirrhilabrus morrisoni,accepted,,0,277859,Cirrhilabrus morrisoni,Species,Cirrhilabrus,TRUE,ok,
218726,Chaetodon falcula,Species,Chaetodon,418,fishwio,Chaetodon falcula,accepted,,0,218726,Chaetodon falcula,Species,Chaetodon,TRUE,ok,
106687,Paguroidea,Superfamily,,417,fathomnet,Paguroidea,accepted,,0,106687,Paguroidea,Superfamily,,TRUE,ok,
271538,Bathyraja trachura,Species,Bathyraja,416,fathomnet,Bathyraja trachura,accepted,,0,271538,Bathyraja trachura,Species,Bathyraja,TRUE,ok,
125537,Gobiidae,Family,,415,fathomnet|ozfish,Gobiidae,accepted,,0,125537,Gobiidae,Family,,TRUE,ok,
138318,Delectopecten,Genus,Delectopecten,409,fathomnet,Delectopecten,accepted,,0,138318,Delectopecten,Genus,Delectopecten,TRUE,ok,
159629,Alectis ciliaris,Species,Alectis,409,fathomnet,Alectis ciliaris,accepted,,0,159629,Alectis ciliaris,Species,Alectis,TRUE,ok,
529431,Apostichopus leukothele,Species,Apostichopus,404,fathomnet,Apostichopus leukothele,accepted,,0,529431,Apostichopus leukothele,Species,Apostichopus,TRUE,ok,
218383,Alepes vari,Species,Alepes,402,ozfish,Alepes vari,accepted,,0,218383,Alepes vari,Species,Alepes,TRUE,ok,
135487,Erenna richardi,Species,Erenna,399,fathomnet,Erenna richardi,accepted,,0,135487,Erenna richardi,Species,Erenna,TRUE,ok,
287284,Erenna laciniata,Species,Erenna,399,fathomnet,Erenna laciniata,accepted,,0,287284,Erenna laciniata,Species,Erenna,TRUE,ok,
123204,Ophiacanthidae,Family,,398,fathomnet,Ophiacanthidae,accepted,,0,123204,Ophiacanthidae,Family,,TRUE,ok,
1082,Cirripedia,Subclass,,396,fathomnet,Cirripedia,accepted,,0,1082,Cirripedia,Subclass,,TRUE,ok,
107042,Heterocarpus,Genus,Heterocarpus,396,fathomnet,Heterocarpus,accepted,,0,107042,Heterocarpus,Genus,Heterocarpus,TRUE,ok,
127399,Canthidermis sufflamen,Species,Canthidermis,392,fathomnet,Canthidermis sufflamen,accepted,,0,127399,Canthidermis sufflamen,Species,Canthidermis,TRUE,ok,
100782,Cerianthus,Genus,Cerianthus,390,fathomnet,Cerianthus,accepted,,0,100782,Cerianthus,Genus,Cerianthus,TRUE,ok,
387268,Lilyopsis fluoracantha,Species,Lilyopsis,390,fathomnet,Lilyopsis fluoracantha,accepted,,0,387268,Lilyopsis fluoracantha,Species,Lilyopsis,TRUE,ok,
219921,Arothron nigropunctatus,Species,Arothron,388,fishwio,Arothron nigropunctatus,accepted,,0,219921,Arothron nigropunctatus,Species,Arothron,TRUE,ok,
1128,Euphausiacea,Order,,386,fathomnet,Euphausiacea,accepted,,0,1128,Euphausiacea,Order,,TRUE,ok,
219668,Naso unicornis,Species,Naso,380,fishwio|ozfish,Naso unicornis,accepted,,0,219668,Naso unicornis,Species,Naso,TRUE,ok,
273891,Serranus atrobranchus,Species,Serranus,380,fathomnet,Serranus atrobranchus,accepted,,0,273891,Serranus atrobranchus,Species,Serranus,TRUE,ok,
106848,Paralomis,Genus,Paralomis,379,fathomnet,Paralomis,accepted,,0,106848,Paralomis,Genus,Paralomis,TRUE,ok,
368408,Selachii,Infraclass,,378,fathomnet,Selachii,accepted,,0,368408,Selachii,Infraclass,,TRUE,ok,
135492,Lychnagalma utricularia,Species,Lychnagalma,377,fathomnet,Lychnagalma utricularia,accepted,,0,135492,Lychnagalma utricularia,Species,Lychnagalma,TRUE,ok,
135282,Atolla wyvillei,Species,Atolla,376,fathomnet,Atolla wyvillei,accepted,,0,135282,Atolla wyvillei,Species,Atolla,TRUE,ok,
267189,Acanthoptilum,Genus,Acanthoptilum,373,fathomnet,Acanthoptilum,accepted,,0,267189,Acanthoptilum,Genus,Acanthoptilum,TRUE,ok,
276852,Sufflamen fraenatum,Species,Sufflamen,371,ozfish,Sufflamen fraenatum,accepted,,0,276852,Sufflamen fraenatum,Species,Sufflamen,TRUE,ok,
159801,Lutjanus vivanus,Species,Lutjanus,370,fathomnet,Lutjanus vivanus,accepted,,0,159801,Lutjanus vivanus,Species,Lutjanus,TRUE,ok,
211774,Centropyge multispinis,Species,Centropyge,369,fishwio,Centropyge multispinis,accepted,,0,211774,Centropyge multispinis,Species,Centropyge,TRUE,ok,
277267,Choerodon cyanodus,Species,Choerodon,366,ozfish,Choerodon cyanodus,accepted,,0,277267,Choerodon cyanodus,Species,Choerodon,TRUE,ok,
242160,Mediaster aequalis,Species,Mediaster,365,fathomnet,Mediaster aequalis,accepted,,0,242160,Mediaster aequalis,Species,Mediaster,TRUE,ok,
125944,Seriola,Genus,Seriola,363,fathomnet,Seriola,accepted,,0,125944,Seriola,Genus,Seriola,TRUE,ok,
206895,Eptatretus,Genus,Eptatretus,362,fathomnet,Eptatretus,accepted,,0,206895,Eptatretus,Genus,Eptatretus,TRUE,ok,
430552,Psathyrometra fragilis,Species,Psathyrometra,362,fathomnet,Psathyrometra fragilis,accepted,,0,430552,Psathyrometra fragilis,Species,Psathyrometra,TRUE,ok,
276442,Opistognathus aurifrons,Species,Opistognathus,358,fathomnet,Opistognathus aurifrons,accepted,,0,276442,Opistognathus aurifrons,Species,Opistognathus,TRUE,ok,
128517,Pennatula phosphorea,Species,Pennatula,357,fathomnet,Pennatula phosphorea,accepted,,0,128517,Pennatula phosphorea,Species,Pennatula,TRUE,ok,
218990,Halichoeres scapularis,Species,Halichoeres,355,fishwio,Halichoeres scapularis,accepted,,0,218990,Halichoeres scapularis,Species,Halichoeres,TRUE,ok,
1762,Nudibranchia,Order,,354,fathomnet,Nudibranchia,accepted,,0,1762,Nudibranchia,Order,,TRUE,ok,
158584,Gymnothorax moringa,Species,Gymnothorax,350,fathomnet,Gymnothorax moringa,accepted,,0,158584,Gymnothorax moringa,Species,Gymnothorax,TRUE,ok,
218867,Paracirrhites forsteri,Species,Paracirrhites,349,fishwio|ozfish,Paracirrhites forsteri,accepted,,0,218867,Paracirrhites forsteri,Species,Paracirrhites,TRUE,ok,
218267,Plectropomus maculatus,Species,Plectropomus,348,ozfish,Plectropomus maculatus,accepted,,0,218267,Plectropomus maculatus,Species,Plectropomus,TRUE,ok,
219673,Naso annulatus,Species,Naso,346,ozfish,Naso annulatus,accepted,,0,219673,Naso annulatus,Species,Naso,TRUE,ok,
196537,Erenna cornuta,Species,Erenna,344,fathomnet,Erenna cornuta,accepted,,0,196537,Erenna cornuta,Species,Erenna,TRUE,ok,
218708,Kyphosus cinerascens,Species,Kyphosus,341,fishwio|ozfish,Kyphosus cinerascens,accepted,,0,218708,Kyphosus cinerascens,Species,Kyphosus,TRUE,ok,
218918,Anampses twistii,Species,Anampses,337,fishwio|ozfish,Anampses twistii,accepted,,0,218918,Anampses twistii,Species,Anampses,TRUE,ok,
218760,Forcipiger flavissimus,Species,Forcipiger,334,fathomnet|fishwio|ozfish,Forcipiger flavissimus,accepted,,0,218760,Forcipiger flavissimus,Species,Forcipiger,TRUE,ok,
265150,Beroe abyssicola,Species,Beroe,331,fathomnet,Beroe abyssicola,accepted,,0,265150,Beroe abyssicola,Species,Beroe,TRUE,ok,
1806,Echinodermata,Phylum,,326,fathomnet,Echinodermata,accepted,,0,1806,Echinodermata,Phylum,,TRUE,ok,
128495,Pennatula,Genus,Pennatula,326,fathomnet,Pennatula,accepted,,0,128495,Pennatula,Genus,Pennatula,TRUE,ok,
282406,Pseudobathylagus milleri,Species,Pseudobathylagus,324,fathomnet,Pseudobathylagus milleri,accepted,,0,282406,Pseudobathylagus milleri,Species,Pseudobathylagus,TRUE,ok,
123578,Asteronyx,Genus,Asteronyx,323,fathomnet,Asteronyx,accepted,,0,123578,Asteronyx,Genus,Asteronyx,TRUE,ok,
159299,Scarus,Genus,Scarus,322,fathomnet|ozfish,Scarus,accepted,,0,159299,Scarus,Genus,Scarus,TRUE,ok,
272313,Coryphaenoides acrolepis,Species,Coryphaenoides,321,fathomnet,Coryphaenoides acrolepis,accepted,,0,272313,Coryphaenoides acrolepis,Species,Coryphaenoides,TRUE,ok,
123143,Solasteridae,Family,,320,fathomnet,Solasteridae,accepted,,0,123143,Solasteridae,Family,,TRUE,ok,
217337,Carcharhinus amblyrhynchos,Species,Carcharhinus,320,ozfish,Carcharhinus amblyrhynchos,accepted,,0,217337,Carcharhinus amblyrhynchos,Species,Carcharhinus,TRUE,ok,
218658,Parupeneus indicus,Species,Parupeneus,320,ozfish,Parupeneus indicus,accepted,,0,218658,Parupeneus indicus,Species,Parupeneus,TRUE,ok,
255062,Stylasterias forreri,Species,Stylasterias,319,fathomnet,Stylasterias forreri,accepted,,0,255062,Stylasterias forreri,Species,Stylasterias,TRUE,ok,
255084,Myxoderma platyacanthum,Species,Myxoderma,318,fathomnet,Myxoderma platyacanthum,accepted,,0,255084,Myxoderma platyacanthum,Species,Myxoderma,TRUE,ok,
100689,Parazoanthidae,Family,,312,fathomnet,Parazoanthidae,accepted,,0,100689,Parazoanthidae,Family,,TRUE,ok,
218216,Epinephelus rivulatus,Species,Epinephelus,309,fishwio|ozfish,Epinephelus rivulatus,accepted,,0,218216,Epinephelus rivulatus,Species,Epinephelus,TRUE,ok,
276060,Scarus schlegeli,Species,Scarus,309,ozfish,Scarus schlegeli,accepted,,0,276060,Scarus schlegeli,Species,Scarus,TRUE,ok,
218207,Epinephelus fasciatus,Species,Epinephelus,307,ozfish,Epinephelus fasciatus,accepted,,0,218207,Epinephelus fasciatus,Species,Epinephelus,TRUE,ok,
277555,Zebrasoma desjardinii,Species,Zebrasoma,306,fishwio|ozfish,Zebrasoma desjardinii,accepted,,0,277555,Zebrasoma desjardinii,Species,Zebrasoma,TRUE,ok,
1248,Ctenophora,Phylum,,304,fathomnet,Ctenophora,accepted,,0,1248,Ctenophora,Phylum,,TRUE,ok,
106835,Munida,Genus,Munida,302,fathomnet,Munida,accepted,,0,106835,Munida,Genus,Munida,TRUE,ok,
135267,Poralia,Genus,Poralia,302,fathomnet,Poralia,accepted,,0,135267,Poralia,Genus,Poralia,TRUE,ok,
273728,Chromis fumea,Species,Chromis,301,ozfish,Chromis fumea,accepted,,0,273728,Chromis fumea,Species,Chromis,TRUE,ok,
100653,Actiniidae,Family,,296,fathomnet,Actiniidae,accepted,,0,100653,Actiniidae,Family,,TRUE,ok,
219665,Naso lituratus,Species,Naso,296,ozfish,Naso lituratus,accepted,,0,219665,Naso lituratus,Species,Naso,TRUE,ok,
298828,Bathyraja kincaidii,Species,Bathyraja,295,fathomnet,Bathyraja kincaidii,accepted,,0,298828,Bathyraja kincaidii,Species,Bathyraja,TRUE,ok,
880527,Latrunculia (Latrunculia) austini,Species,Latrunculia,295,fathomnet,Latrunculia (Latrunculia) austini,accepted,,0,880527,Latrunculia (Latrunculia) austini,Species,Latrunculia,TRUE,ok,
134106,Thenea muricata,Species,Thenea,294,fathomnet,Thenea muricata,accepted,,0,134106,Thenea muricata,Species,Thenea,TRUE,ok,
440204,Moloha faxoni,Species,Moloha,294,fathomnet,Moloha faxoni,accepted,,0,440204,Moloha faxoni,Species,Moloha,TRUE,ok,
273304,Trachurus novaezelandiae,Species,Trachurus,292,ozfish,Trachurus novaezelandiae,accepted,,0,273304,Trachurus novaezelandiae,Species,Trachurus,TRUE,ok,
217947,Sargocentron diadema,Species,Sargocentron,290,fishwio,Sargocentron diadema,accepted,,0,217947,Sargocentron diadema,Species,Sargocentron,TRUE,ok,
277265,Choerodon cauteroma,Species,Choerodon,290,ozfish,Choerodon cauteroma,accepted,,0,277265,Choerodon cauteroma,Species,Choerodon,TRUE,ok,
125277,Plexauridae,Family,,288,fathomnet,Plexauridae,accepted,,0,125277,Plexauridae,Family,,TRUE,ok,
398565,Bodianus solatus,Species,Bodianus,288,ozfish,Bodianus solatus,accepted,,0,398565,Bodianus solatus,Species,Bodianus,TRUE,ok,
282745,Selaroides leptolepis,Species,Selaroides,286,ozfish,Selaroides leptolepis,accepted,,0,282745,Selaroides leptolepis,Species,Selaroides,TRUE,ok,
218429,Gnathanodon speciosus,Species,Gnathanodon,284,ozfish,Gnathanodon speciosus,accepted,,0,218429,Gnathanodon speciosus,Species,Gnathanodon,TRUE,ok,
219625,Acanthurus olivaceus,Species,Acanthurus,284,ozfish,Acanthurus olivaceus,accepted,,0,219625,Acanthurus olivaceus,Species,Acanthurus,TRUE,ok,
217966,Fistularia commersonii,Species,Fistularia,283,fishwio|ozfish,Fistularia commersonii,accepted,,0,217966,Fistularia commersonii,Species,Fistularia,TRUE,ok,
218764,Heniochus monoceros,Species,Heniochus,281,fishwio|ozfish,Heniochus monoceros,accepted,,0,218764,Heniochus monoceros,Species,Heniochus,TRUE,ok,
196223,Euryalidae,Family,,280,fathomnet,Euryalidae,accepted,,0,196223,Euryalidae,Family,,TRUE,ok,
219954,Lagocephalus sceleratus,Species,Lagocephalus,280,ozfish,Lagocephalus sceleratus,accepted,,0,219954,Lagocephalus sceleratus,Species,Lagocephalus,TRUE,ok,
125286,Clavularia,Genus,Clavularia,279,fathomnet,Clavularia,accepted,,0,125286,Clavularia,Genus,Clavularia,TRUE,ok,
137710,Neptunea,Genus,Neptunea,279,fathomnet,Neptunea,accepted,,0,137710,Neptunea,Genus,Neptunea,TRUE,ok,
218984,Halichoeres cosmetus,Species,Halichoeres,278,fishwio,Halichoeres cosmetus,accepted,,0,218984,Halichoeres cosmetus,Species,Halichoeres,TRUE,ok,
138657,Vesicomya,Genus,Vesicomya,277,fathomnet,Vesicomya,accepted,,0,138657,Vesicomya,Genus,Vesicomya,TRUE,ok,
212076,Lethrinus variegatus,Species,Lethrinus,276,ozfish,Lethrinus variegatus,accepted,,0,212076,Lethrinus variegatus,Species,Lethrinus,TRUE,ok,
889340,Erenna sirena,Species,Erenna,275,fathomnet,Erenna sirena,accepted,,0,889340,Erenna sirena,Species,Erenna,TRUE,ok,
125273,Chrysogorgiidae,Family,,274,fathomnet,Chrysogorgiidae,accepted,,0,125273,Chrysogorgiidae,Family,,TRUE,ok,
218495,Lutjanus lutjanus,Species,Lutjanus,268,ozfish,Lutjanus lutjanus,accepted,,0,218495,Lutjanus lutjanus,Species,Lutjanus,TRUE,ok,
217927,Myripristis berndti,Species,Myripristis,266,fishwio,Myripristis berndti,accepted,,0,217927,Myripristis berndti,Species,Myripristis,TRUE,ok,
219894,Sufflamen bursa,Species,Sufflamen,265,fathomnet|fishwio|ozfish,Sufflamen bursa,accepted,,0,219894,Sufflamen bursa,Species,Sufflamen,TRUE,ok,
126371,Saurida undosquamis,Species,Saurida,264,ozfish,Saurida undosquamis,accepted,,0,126371,Saurida undosquamis,Species,Saurida,TRUE,ok,
277825,Parupeneus spilurus,Species,Parupeneus,264,ozfish,Parupeneus spilurus,accepted,,0,277825,Parupeneus spilurus,Species,Parupeneus,TRUE,ok,
218656,Parupeneus pleurostigma,Species,Parupeneus,261,fishwio|ozfish,Parupeneus pleurostigma,accepted,,0,218656,Parupeneus pleurostigma,Species,Parupeneus,TRUE,ok,
218957,Coris aygula,Species,Coris,260,ozfish,Coris aygula,accepted,,0,218957,Coris aygula,Species,Coris,TRUE,ok,
759939,Asbestopluma (Asbestopluma) rickettsi,Species,Asbestopluma,259,fathomnet,Asbestopluma (Asbestopluma) rickettsi,accepted,,0,759939,Asbestopluma (Asbestopluma) rickettsi,Species,Asbestopluma,TRUE,ok,
213,Pectinidae,Family,,258,fathomnet,Pectinidae,accepted,,0,213,Pectinidae,Family,,TRUE,ok,
137215,Doliolidae,Family,,258,fathomnet,Doliolidae,accepted,,0,137215,Doliolidae,Family,,TRUE,ok,
265828,Bathocyroe fosteri,Species,Bathocyroe,258,fathomnet,Bathocyroe fosteri,accepted,,0,265828,Bathocyroe fosteri,Species,Bathocyroe,TRUE,ok,
276528,Lutjanus carponotatus,Species,Lutjanus,258,ozfish,Lutjanus carponotatus,accepted,,0,276528,Lutjanus carponotatus,Species,Lutjanus,TRUE,ok,
219947,Canthigaster valentini,Species,Canthigaster,256,fishwio|ozfish,Canthigaster valentini,accepted,,0,219947,Canthigaster valentini,Species,Canthigaster,TRUE,ok,
128492,Kophobelemnon,Genus,Kophobelemnon,253,fathomnet,Kophobelemnon,accepted,,0,128492,Kophobelemnon,Genus,Kophobelemnon,TRUE,ok,
126848,Echeneis naucrates,Species,Echeneis,252,ozfish,Echeneis naucrates,accepted,,0,126848,Echeneis naucrates,Species,Echeneis,TRUE,ok,
106360,Beroe forskalii,Species,Beroe,249,fathomnet,Beroe forskalii,accepted,,0,106360,Beroe forskalii,Species,Beroe,TRUE,ok,
131562,Tomopteris nisseni,Species,Tomopteris,249,fathomnet,Tomopteris nisseni,accepted,,0,131562,Tomopteris nisseni,Species,Tomopteris,TRUE,ok,
218743,Chaetodon melannotus,Species,Chaetodon,249,fishwio|ozfish,Chaetodon melannotus,accepted,,0,218743,Chaetodon melannotus,Species,Chaetodon,TRUE,ok,
126069,Mycteroperca,Genus,Mycteroperca,248,fathomnet,Mycteroperca,accepted,,0,126069,Mycteroperca,Genus,Mycteroperca,TRUE,ok,
235590,Laqueus erythraeus,Species,Laqueus,247,fathomnet,Laqueus erythraeus,accepted,,0,235590,Laqueus erythraeus,Species,Laqueus,TRUE,ok,
513214,Cystocrepis setigera,Species,Cystocrepis,247,fathomnet,Cystocrepis setigera,accepted,,0,513214,Cystocrepis setigera,Species,Cystocrepis,TRUE,ok,
209219,Scolopsis bilineata,Species,Scolopsis,244,ozfish,Scolopsis bilineata,accepted,,0,209219,Scolopsis bilineata,Species,Scolopsis,TRUE,ok,
273325,Chaetodon assarius,Species,Chaetodon,242,ozfish,Chaetodon assarius,accepted,,0,273325,Chaetodon assarius,Species,Chaetodon,TRUE,ok,
276792,Scolopsis xenochrous,Species,Scolopsis,240,ozfish,Scolopsis xenochrous,accepted,,0,276792,Scolopsis xenochrous,Species,Scolopsis,TRUE,ok,
123335,Pteraster,Genus,Pteraster,237,fathomnet,Pteraster,accepted,,0,123335,Pteraster,Genus,Pteraster,TRUE,ok,
219003,Hologymnosus annulatus,Species,Hologymnosus,237,ozfish,Hologymnosus annulatus,accepted,,0,219003,Hologymnosus annulatus,Species,Hologymnosus,TRUE,ok,
843664,Actinopteri,Superclass,,237,fathomnet,Actinopteri,accepted,,0,843664,Actinopteri,Superclass,,TRUE,ok,
219127,Scarus ghobban,Species,Scarus,236,ozfish,Scarus ghobban,accepted,,0,219127,Scarus ghobban,Species,Scarus,TRUE,ok,
292707,Crossaster borealis,Species,Crossaster,236,fathomnet,Crossaster borealis,accepted,,0,292707,Crossaster borealis,Species,Crossaster,TRUE,ok,
127405,Mola mola,Species,Mola,235,fathomnet,Mola mola,accepted,,0,127405,Mola mola,Species,Mola,TRUE,ok,
217502,Gymnothorax javanicus,Species,Gymnothorax,235,fishwio,Gymnothorax javanicus,accepted,,0,217502,Gymnothorax javanicus,Species,Gymnothorax,TRUE,ok,
219058,Stethojulis albovittata,Species,Stethojulis,235,fishwio,Stethojulis albovittata,accepted,,0,219058,Stethojulis albovittata,Species,Stethojulis,TRUE,ok,
183341,Peniagone papillata,Species,Peniagone,234,fathomnet,Peniagone papillata,accepted,,0,183341,Peniagone papillata,Species,Peniagone,TRUE,ok,
341859,Gonatus onyx,Species,Gonatus,234,fathomnet,Gonatus onyx,accepted,,0,341859,Gonatus onyx,Species,Gonatus,TRUE,ok,
100702,Cribrinopsis,Genus,Cribrinopsis,233,fathomnet,Cribrinopsis,accepted,,0,100702,Cribrinopsis,Genus,Cribrinopsis,TRUE,ok,
527163,Muusoctopus robustus,Species,Muusoctopus,230,fathomnet,Muusoctopus robustus,accepted,,0,527163,Muusoctopus robustus,Species,Muusoctopus,TRUE,ok,
171809,Sclerothamnopsis,Genus,Sclerothamnopsis,227,fathomnet,Sclerothamnopsis,accepted,,0,171809,Sclerothamnopsis,Genus,Sclerothamnopsis,TRUE,ok,
277810,Parupeneus barberinoides,Species,Parupeneus,226,ozfish,Parupeneus barberinoides,accepted,,0,277810,Parupeneus barberinoides,Species,Parupeneus,TRUE,ok,
125319,Narella,Genus,Narella,223,fathomnet,Narella,accepted,,0,125319,Narella,Genus,Narella,TRUE,ok,
267316,Chrysopathes,Genus,Chrysopathes,220,fathomnet,Chrysopathes,accepted,,0,267316,Chrysopathes,Genus,Chrysopathes,TRUE,ok,
1130,Decapoda,Order,,219,fathomnet,Decapoda,accepted,,0,1130,Decapoda,Order,,TRUE,ok,
135390,Lychnagalma,Genus,Lychnagalma,219,fathomnet,Lychnagalma,accepted,,0,135390,Lychnagalma,Genus,Lychnagalma,TRUE,ok,
265954,Kiyohimea usagi,Species,Kiyohimea,219,fathomnet,Kiyohimea usagi,accepted,,0,265954,Kiyohimea usagi,Species,Kiyohimea,TRUE,ok,
138327,Peracle,Genus,Peracle,218,fathomnet,Peracle,accepted,,0,138327,Peracle,Genus,Peracle,TRUE,ok,
1567,Pycnogonidae,Family,,217,fathomnet,Pycnogonidae,accepted,,0,1567,Pycnogonidae,Family,,TRUE,ok,
287688,Craseoa lathetica,Species,Craseoa,217,fathomnet,Craseoa lathetica,accepted,,0,287688,Craseoa lathetica,Species,Craseoa,TRUE,ok,
171508,Hyalonema (Oonema) bianchoratum,Species,Hyalonema,216,fathomnet,Hyalonema (Oonema) bianchoratum,accepted,,0,171508,Hyalonema (Oonema) bianchoratum,Species,Hyalonema,TRUE,ok,
123142,Pterasteridae,Family,,213,fathomnet,Pterasteridae,accepted,,0,123142,Pterasteridae,Family,,TRUE,ok,
219996,Caesio teres,Species,Caesio,212,ozfish,Caesio teres,accepted,,0,219996,Caesio teres,Species,Caesio,TRUE,ok,
219335,Plagiotremus tapeinosoma,Species,Plagiotremus,210,fishwio|ozfish,Plagiotremus tapeinosoma,accepted,,0,219335,Plagiotremus tapeinosoma,Species,Plagiotremus,TRUE,ok,
178776,Ampheraster,Genus,Ampheraster,208,fathomnet,Ampheraster,accepted,,0,178776,Ampheraster,Genus,Ampheraster,TRUE,ok,
367210,Scarus rivulatus,Species,Scarus,208,ozfish,Scarus rivulatus,accepted,,0,367210,Scarus rivulatus,Species,Scarus,TRUE,ok,
106741,Nephropidae,Family,,207,fathomnet,Nephropidae,accepted,,0,106741,Nephropidae,Family,,TRUE,ok,
275804,Halichoeres trimaculatus,Species,Halichoeres,207,ozfish,Halichoeres trimaculatus,accepted,,0,275804,Halichoeres trimaculatus,Species,Halichoeres,TRUE,ok,
106358,Beroe cucumis,Species,Beroe,206,fathomnet,Beroe cucumis,accepted,,0,106358,Beroe cucumis,Species,Beroe,TRUE,ok,
276987,Parapercis clathrata,Species,Parapercis,206,ozfish,Parapercis clathrata,accepted,,0,276987,Parapercis clathrata,Species,Parapercis,TRUE,ok,
100655,Actinostolidae,Family,,205,fathomnet,Actinostolidae,accepted,,0,100655,Actinostolidae,Family,,TRUE,ok,
287277,Desmophyes haematogaster,Species,Desmophyes,203,fathomnet,Desmophyes haematogaster,accepted,,0,287277,Desmophyes haematogaster,Species,Desmophyes,TRUE,ok,
135426,Lensia conoidea,Species,Lensia,202,fathomnet,Lensia conoidea,accepted,,0,135426,Lensia conoidea,Species,Lensia,TRUE,ok,
219080,Chlorurus capistratoides,Species,Chlorurus,202,ozfish,Chlorurus capistratoides,accepted,,0,219080,Chlorurus capistratoides,Species,Chlorurus,TRUE,ok,
273354,Chaetodon plebeius,Species,Chaetodon,202,ozfish,Chaetodon plebeius,accepted,,0,273354,Chaetodon plebeius,Species,Chaetodon,TRUE,ok,
212843,Dascyllus aruanus,Species,Dascyllus,201,ozfish,Dascyllus aruanus,accepted,,0,212843,Dascyllus aruanus,Species,Dascyllus,TRUE,ok,
286307,Acanella weberi,Species,Acanella,201,fathomnet,Acanella weberi,accepted,,0,286307,Acanella weberi,Species,Acanella,TRUE,ok,
513000,Echinocrepis rostrata,Species,Echinocrepis,201,fathomnet,Echinocrepis rostrata,accepted,,0,513000,Echinocrepis rostrata,Species,Echinocrepis,TRUE,ok,
106733,Galatheidae,Family,,199,fathomnet,Galatheidae,accepted,,0,106733,Galatheidae,Family,,TRUE,ok,
724698,Bathydorus laevis pseudospinosus,Subspecies,Bathydorus,199,fathomnet,Bathydorus laevis pseudospinosus,accepted,,0,724698,Bathydorus laevis pseudospinosus,Subspecies,Bathydorus,TRUE,ok,
117504,Solmissus incisa,Species,Solmissus,197,fathomnet,Solmissus incisa,accepted,,0,117504,Solmissus incisa,Species,Solmissus,TRUE,ok,
164811,Demospongiae,Class,,197,fathomnet,Demospongiae,accepted,,0,164811,Demospongiae,Class,,TRUE,ok,
135251,Paraphyllina,Genus,Paraphyllina,196,fathomnet,Paraphyllina,accepted,,0,135251,Paraphyllina,Genus,Paraphyllina,TRUE,ok,
159499,Monacanthus tuckeri,Species,Monacanthus,196,fathomnet,Monacanthus tuckeri,accepted,,0,159499,Monacanthus tuckeri,Species,Monacanthus,TRUE,ok,
171883,Walteria,Genus,Walteria,195,fathomnet,Walteria,accepted,,0,171883,Walteria,Genus,Walteria,TRUE,ok,
219664,Naso brachycentron,Species,Naso,194,fishwio|ozfish,Naso brachycentron,accepted,,0,219664,Naso brachycentron,Species,Naso,TRUE,ok,
272608,Dibranchus hystrix,Species,Dibranchus,194,fathomnet,Dibranchus hystrix,accepted,,0,272608,Dibranchus hystrix,Species,Dibranchus,TRUE,ok,
345843,Sphyraena barracuda,Species,Sphyraena,194,fathomnet|ozfish,Sphyraena barracuda,accepted,,0,345843,Sphyraena barracuda,Species,Sphyraena,TRUE,ok,
287147,Atolla gigantea,Species,Atolla,193,fathomnet,Atolla gigantea,accepted,,0,287147,Atolla gigantea,Species,Atolla,TRUE,ok,
123298,Mediaster,Genus,Mediaster,190,fathomnet,Mediaster,accepted,,0,123298,Mediaster,Genus,Mediaster,TRUE,ok,
125293,Acanthogorgia,Genus,Acanthogorgia,190,fathomnet,Acanthogorgia,accepted,,0,125293,Acanthogorgia,Genus,Acanthogorgia,TRUE,ok,
219641,Acanthurus dussumieri,Species,Acanthurus,190,ozfish,Acanthurus dussumieri,accepted,,0,219641,Acanthurus dussumieri,Species,Acanthurus,TRUE,ok,
271536,Bathyraja spinosissima,Species,Bathyraja,190,fathomnet,Bathyraja spinosissima,accepted,,0,271536,Bathyraja spinosissima,Species,Bathyraja,TRUE,ok,
278536,Caesio cuning,Species,Caesio,190,ozfish,Caesio cuning,accepted,,0,278536,Caesio cuning,Species,Caesio,TRUE,ok,
1803,Brachiopoda,Phylum,,189,fathomnet,Brachiopoda,accepted,,0,1803,Brachiopoda,Phylum,,TRUE,ok,
125307,Lepidisis,Genus,Lepidisis,189,fathomnet,Lepidisis,accepted,,0,125307,Lepidisis,Genus,Lepidisis,TRUE,ok,
218921,Anampses lineatus,Species,Anampses,189,fishwio,Anampses lineatus,accepted,,0,218921,Anampses lineatus,Species,Anampses,TRUE,ok,
254597,Lycodes diapterus,Species,Lycodes,189,fathomnet,Lycodes diapterus,accepted,,0,254597,Lycodes diapterus,Species,Lycodes,TRUE,ok,
290677,Paraphelliactis pabista,Species,Paraphelliactis,188,fathomnet,Paraphelliactis pabista,accepted,,0,290677,Paraphelliactis pabista,Species,Paraphelliactis,TRUE,ok,
100684,Cerianthidae,Family,,187,fathomnet,Cerianthidae,accepted,,0,100684,Cerianthidae,Family,,TRUE,ok,
117970,Modeeria rotunda,Species,Modeeria,187,fathomnet,Modeeria rotunda,accepted,,0,117970,Modeeria rotunda,Species,Modeeria,TRUE,ok,
218866,Paracirrhites arcatus,Species,Paracirrhites,187,fishwio|ozfish,Paracirrhites arcatus,accepted,,0,218866,Paracirrhites arcatus,Species,Paracirrhites,TRUE,ok,
410406,Taonius borealis,Species,Taonius,187,fathomnet,Taonius borealis,accepted,,0,410406,Taonius borealis,Species,Taonius,TRUE,ok,
219124,Scarus rubroviolaceus,Species,Scarus,184,ozfish,Scarus rubroviolaceus,accepted,,0,219124,Scarus rubroviolaceus,Species,Scarus,TRUE,ok,
277180,Pristotis obtusirostris,Species,Pristotis,184,ozfish,Pristotis obtusirostris,accepted,,0,277180,Pristotis obtusirostris,Species,Pristotis,TRUE,ok,
218986,Halichoeres nebulosus,Species,Halichoeres,182,ozfish,Halichoeres nebulosus,accepted,,0,218986,Halichoeres nebulosus,Species,Halichoeres,TRUE,ok,
274678,Psychrolutes phrictus,Species,Psychrolutes,182,fathomnet,Psychrolutes phrictus,accepted,,0,274678,Psychrolutes phrictus,Species,Psychrolutes,TRUE,ok,
212993,Pomacentrus caeruleus,Species,Pomacentrus,180,fishwio,Pomacentrus caeruleus,accepted,,0,212993,Pomacentrus caeruleus,Species,Pomacentrus,TRUE,ok,
278631,Lethrinus amboinensis,Species,Lethrinus,180,ozfish,Lethrinus amboinensis,accepted,,0,278631,Lethrinus amboinensis,Species,Lethrinus,TRUE,ok,
131644,Cladorhizidae,Family,,179,fathomnet,Cladorhizidae,accepted,,0,131644,Cladorhizidae,Family,,TRUE,ok,
134586,Colossendeis,Genus,Colossendeis,179,fathomnet,Colossendeis,accepted,,0,134586,Colossendeis,Genus,Colossendeis,TRUE,ok,
218979,Halichoeres zeylonicus,Species,Halichoeres,178,ozfish,Halichoeres zeylonicus,accepted,,0,218979,Halichoeres zeylonicus,Species,Halichoeres,TRUE,ok,
218972,Epibulus insidiator,Species,Epibulus,177,fishwio|ozfish,Epibulus insidiator,accepted,,0,218972,Epibulus insidiator,Species,Epibulus,TRUE,ok,
117239,Solmaris,Genus,Solmaris,176,fathomnet,Solmaris,accepted,,0,117239,Solmaris,Genus,Solmaris,TRUE,ok,
276788,Scolopsis monogramma,Species,Scolopsis,176,ozfish,Scolopsis monogramma,accepted,,0,276788,Scolopsis monogramma,Species,Scolopsis,TRUE,ok,
277176,Pomacentrus vaiuli,Species,Pomacentrus,176,ozfish,Pomacentrus vaiuli,accepted,,0,277176,Pomacentrus vaiuli,Species,Pomacentrus,TRUE,ok,
103530,Cnemidocarpa,Genus,Cnemidocarpa,175,fathomnet,Cnemidocarpa,accepted,,0,103530,Cnemidocarpa,Genus,Cnemidocarpa,TRUE,ok,
302432,Caranx ruber,Species,Caranx,175,fathomnet,Caranx ruber,accepted,,0,302432,Caranx ruber,Species,Caranx,TRUE,ok,
342222,Graneledone boreopacifica,Species,Graneledone,175,fathomnet,Graneledone boreopacifica,accepted,,0,342222,Graneledone boreopacifica,Species,Graneledone,TRUE,ok,
171848,Corbitellinae,Subfamily,,174,fathomnet,Corbitellinae,accepted,,0,171848,Corbitellinae,Subfamily,,TRUE,ok,
212885,Abudefduf bengalensis,Species,Abudefduf,174,ozfish,Abudefduf bengalensis,accepted,,0,212885,Abudefduf bengalensis,Species,Abudefduf,TRUE,ok,
273837,Epinephelus bilobatus,Species,Epinephelus,174,ozfish,Epinephelus bilobatus,accepted,,0,273837,Epinephelus bilobatus,Species,Epinephelus,TRUE,ok,
135488,Frillagalma vityazi,Species,Frillagalma,172,fathomnet,Frillagalma vityazi,accepted,,0,135488,Frillagalma vityazi,Species,Frillagalma,TRUE,ok,
278638,Lethrinus ravus,Species,Lethrinus,172,ozfish,Lethrinus ravus,accepted,,0,278638,Lethrinus ravus,Species,Lethrinus,TRUE,ok,
341789,Bathyteuthis berryi,Species,Bathyteuthis,172,fathomnet,Bathyteuthis berryi,accepted,,0,341789,Bathyteuthis berryi,Species,Bathyteuthis,TRUE,ok,
342250,Planctoteuthis oligobessa,Species,Planctoteuthis,172,fathomnet,Planctoteuthis oligobessa,accepted,,0,342250,Planctoteuthis oligobessa,Species,Planctoteuthis,TRUE,ok,
159703,Chaetodipterus faber,Species,Chaetodipterus,171,fathomnet,Chaetodipterus faber,accepted,,0,159703,Chaetodipterus faber,Species,Chaetodipterus,TRUE,ok,
205015,Plectropomus,Genus,Plectropomus,171,ozfish,Plectropomus,accepted,,0,205015,Plectropomus,Genus,Plectropomus,TRUE,ok,
267553,Lillipathes,Genus,Lillipathes,171,fathomnet,Lillipathes,accepted,,0,267553,Lillipathes,Genus,Lillipathes,TRUE,ok,
138294,Opisthoteuthis,Genus,Opisthoteuthis,170,fathomnet,Opisthoteuthis,accepted,,0,138294,Opisthoteuthis,Genus,Opisthoteuthis,TRUE,ok,
159399,Ostichthys trachypoma,Species,Ostichthys,168,fathomnet,Ostichthys trachypoma,accepted,,0,159399,Ostichthys trachypoma,Species,Ostichthys,TRUE,ok,
214557,Triaenodon obesus,Species,Triaenodon,166,fathomnet|ozfish,Triaenodon obesus,accepted,,0,214557,Triaenodon obesus,Species,Triaenodon,TRUE,ok,
342249,Planctoteuthis danae,Species,Planctoteuthis,166,fathomnet,Planctoteuthis danae,accepted,,0,342249,Planctoteuthis danae,Species,Planctoteuthis,TRUE,ok,
271503,Bathyraja abyssicola,Species,Bathyraja,165,fathomnet,Bathyraja abyssicola,accepted,,0,271503,Bathyraja abyssicola,Species,Bathyraja,TRUE,ok,
568594,Cystechinus loveni,Species,Cystechinus,165,fathomnet,Cystechinus loveni,accepted,,0,568594,Cystechinus loveni,Species,Cystechinus,TRUE,ok,
212069,Lethrinus olivaceus,Species,Lethrinus,164,ozfish,Lethrinus olivaceus,accepted,,0,212069,Lethrinus olivaceus,Species,Lethrinus,TRUE,ok,
274097,Lycodes cortezianus,Species,Lycodes,164,fathomnet,Lycodes cortezianus,accepted,,0,274097,Lycodes cortezianus,Species,Lycodes,TRUE,ok,
271406,Hydrolagus colliei,Species,Hydrolagus,163,fathomnet,Hydrolagus colliei,accepted,,0,271406,Hydrolagus colliei,Species,Hydrolagus,TRUE,ok,
341958,Octopus californicus,Species,Octopus,161,fathomnet,Octopus californicus,accepted,,0,341958,Octopus californicus,Species,Octopus,TRUE,ok,
123191,Elpidiidae,Family,,160,fathomnet,Elpidiidae,accepted,,0,123191,Elpidiidae,Family,,TRUE,ok,
125522,Callionymidae,Family,,160,fathomnet|ozfish,Callionymidae,accepted,,0,125522,Callionymidae,Family,,TRUE,ok,
286122,Chrysogorgia geniculata,Species,Chrysogorgia,160,fathomnet,Chrysogorgia geniculata,accepted,,0,286122,Chrysogorgia geniculata,Species,Chrysogorgia,TRUE,ok,
513622,Tromikosoma panamense,Species,Tromikosoma,160,fathomnet,Tromikosoma panamense,accepted,,0,513622,Tromikosoma panamense,Species,Tromikosoma,TRUE,ok,
218951,Choerodon schoenleinii,Species,Choerodon,159,ozfish,Choerodon schoenleinii,accepted,,0,218951,Choerodon schoenleinii,Species,Choerodon,TRUE,ok,
282915,Symphorus nematophorus,Species,Symphorus,159,ozfish,Symphorus nematophorus,accepted,,0,282915,Symphorus nematophorus,Species,Symphorus,TRUE,ok,
117728,Ptychogena lactea,Species,Ptychogena,158,fathomnet,Ptychogena lactea,accepted,,0,117728,Ptychogena lactea,Species,Ptychogena,TRUE,ok,
109476,Gyrodinium,Genus,Gyrodinium,157,fathomnet,Gyrodinium,accepted,,0,109476,Gyrodinium,Genus,Gyrodinium,TRUE,ok,
212049,Sphyraena qenie,Species,Sphyraena,156,ozfish,Sphyraena qenie,accepted,,0,212049,Sphyraena qenie,Species,Sphyraena,TRUE,ok,
218579,Gymnocranius grandoculis,Species,Gymnocranius,156,ozfish,Gymnocranius grandoculis,accepted,,0,218579,Gymnocranius grandoculis,Species,Gymnocranius,TRUE,ok,
238752,Planctoteuthis,Genus,Planctoteuthis,156,fathomnet,Planctoteuthis,accepted,,0,238752,Planctoteuthis,Genus,Planctoteuthis,TRUE,ok,
302312,Caranx bartholomaei,Species,Caranx,156,fathomnet,Caranx bartholomaei,accepted,,0,302312,Caranx bartholomaei,Species,Caranx,TRUE,ok,
1340,Hexacorallia,Class,,154,fathomnet,Hexacorallia,accepted,,0,1340,Hexacorallia,Class,,TRUE,ok,
107046,Plesionika,Genus,Plesionika,152,fathomnet,Plesionika,accepted,,0,107046,Plesionika,Genus,Plesionika,TRUE,ok,
219670,Naso thynnoides,Species,Naso,152,ozfish,Naso thynnoides,accepted,,0,219670,Naso thynnoides,Species,Naso,TRUE,ok,
276534,Lutjanus erythropterus,Species,Lutjanus,152,ozfish,Lutjanus erythropterus,accepted,,0,276534,Lutjanus erythropterus,Species,Lutjanus,TRUE,ok,
1607504,Grimothea planipes,Species,Grimothea,152,fathomnet,Grimothea planipes,accepted,,0,1607504,Grimothea planipes,Species,Grimothea,TRUE,ok,
117161,Mitrocoma,Genus,Mitrocoma,151,fathomnet,Mitrocoma,accepted,,0,117161,Mitrocoma,Genus,Mitrocoma,TRUE,ok,
159793,Lutjanus apodus,Species,Lutjanus,151,fathomnet,Lutjanus apodus,accepted,,0,159793,Lutjanus apodus,Species,Lutjanus,TRUE,ok,
123337,Lophaster,Genus,Lophaster,150,fathomnet,Lophaster,accepted,,0,123337,Lophaster,Genus,Lophaster,TRUE,ok,
219651,Acanthurus mata,Species,Acanthurus,150,ozfish,Acanthurus mata,accepted,,0,219651,Acanthurus mata,Species,Acanthurus,TRUE,ok,
280144,Cherublemma emmelas,Species,Cherublemma,150,fathomnet,Cherublemma emmelas,accepted,,0,280144,Cherublemma emmelas,Species,Cherublemma,TRUE,ok,
1829,Agnatha,Infraphylum,,148,fathomnet,Agnatha,accepted,,0,1829,Agnatha,Infraphylum,,TRUE,ok,
213662,Pterocaesio chrysozona,Species,Pterocaesio,148,ozfish,Pterocaesio chrysozona,accepted,,0,213662,Pterocaesio chrysozona,Species,Pterocaesio,TRUE,ok,
123466,Paelopatides,Genus,Paelopatides,147,fathomnet,Paelopatides,accepted,,0,123466,Paelopatides,Genus,Paelopatides,TRUE,ok,
274819,Sebastes melanostomus,Species,Sebastes,145,fathomnet,Sebastes melanostomus,accepted,,0,274819,Sebastes melanostomus,Species,Sebastes,TRUE,ok,
709095,Antedonoidea,Superfamily,,145,fathomnet,Antedonoidea,accepted,,0,709095,Antedonoidea,Superfamily,,TRUE,ok,
123124,Pedicellasteridae,Family,,143,fathomnet,Pedicellasteridae,accepted,,0,123124,Pedicellasteridae,Family,,TRUE,ok,
226344,Boreomysis (Boreomysis) californica,Species,Boreomysis,143,fathomnet,Boreomysis (Boreomysis) californica,accepted,,0,226344,Boreomysis (Boreomysis) californica,Species,Boreomysis,TRUE,ok,
234573,Lycodapus,Genus,Lycodapus,142,fathomnet,Lycodapus,accepted,,0,234573,Lycodapus,Genus,Lycodapus,TRUE,ok,
218490,Lutjanus fulviflamma,Species,Lutjanus,140,ozfish,Lutjanus fulviflamma,accepted,,0,218490,Lutjanus fulviflamma,Species,Lutjanus,TRUE,ok,
272075,Bathypterois pectinatus,Species,Bathypterois,139,fathomnet,Bathypterois pectinatus,accepted,,0,272075,Bathypterois pectinatus,Species,Bathypterois,TRUE,ok,
146142,Bryozoa,Phylum,,136,fathomnet,Bryozoa,accepted,,0,146142,Bryozoa,Phylum,,TRUE,ok,
281319,Leptojulis cyanopleura,Species,Leptojulis,136,ozfish,Leptojulis cyanopleura,accepted,,0,281319,Leptojulis cyanopleura,Species,Leptojulis,TRUE,ok,
738387,Apolemia lanosa,Species,Apolemia,136,fathomnet,Apolemia lanosa,accepted,,0,738387,Apolemia lanosa,Species,Apolemia,TRUE,ok,
106789,Pandalidae,Family,,135,fathomnet,Pandalidae,accepted,,0,106789,Pandalidae,Family,,TRUE,ok,
158512,Apristurus brunneus,Species,Apristurus,135,fathomnet,Apristurus brunneus,accepted,,0,158512,Apristurus brunneus,Species,Apristurus,TRUE,ok,
939,Polynoidae,Family,,134,fathomnet,Polynoidae,accepted,,0,939,Polynoidae,Family,,TRUE,ok,
2041,Hirudinea,Subclass,,134,fathomnet,Hirudinea,accepted,,0,2041,Hirudinea,Subclass,,TRUE,ok,
218744,Chaetodon citrinellus,Species,Chaetodon,134,ozfish,Chaetodon citrinellus,accepted,,0,218744,Chaetodon citrinellus,Species,Chaetodon,TRUE,ok,
218998,Hemigymnus melapterus,Species,Hemigymnus,134,fishwio|ozfish,Hemigymnus melapterus,accepted,,0,218998,Hemigymnus melapterus,Species,Hemigymnus,TRUE,ok,
287206,Chrysaora fuscescens,Species,Chrysaora,134,fathomnet,Chrysaora fuscescens,accepted,,0,287206,Chrysaora fuscescens,Species,Chrysaora,TRUE,ok,
1324693,Akoya platinum,Species,Akoya,134,fathomnet,Akoya platinum,accepted,,0,1324693,Akoya platinum,Species,Akoya,TRUE,ok,
127397,Balistes vetula,Species,Balistes,133,fathomnet,Balistes vetula,accepted,,0,127397,Balistes vetula,Species,Balistes,TRUE,ok,
387263,Gymnopraia lapislazula,Species,Gymnopraia,133,fathomnet,Gymnopraia lapislazula,accepted,,0,387263,Gymnopraia lapislazula,Species,Gymnopraia,TRUE,ok,
132112,Caulophacus,Genus,Caulophacus,132,fathomnet,Caulophacus,accepted,,0,132112,Caulophacus,Genus,Caulophacus,TRUE,ok,
277106,Stethojulis bandanensis,Species,Stethojulis,132,ozfish,Stethojulis bandanensis,accepted,,0,277106,Stethojulis bandanensis,Species,Stethojulis,TRUE,ok,
282206,Pentapodus emeryii,Species,Pentapodus,132,ozfish,Pentapodus emeryii,accepted,,0,282206,Pentapodus emeryii,Species,Pentapodus,TRUE,ok,
1845639,Neoanthomastus tahinodus,Species,Neoanthomastus,132,fathomnet,Neoanthomastus tahinodus,accepted,,0,1845639,Neoanthomastus tahinodus,Species,Neoanthomastus,TRUE,ok,
279354,Icichthys lockingtoni,Species,Icichthys,131,fathomnet,Icichthys lockingtoni,accepted,,0,279354,Icichthys lockingtoni,Species,Icichthys,TRUE,ok,
218706,Kyphosus vaigiensis,Species,Kyphosus,130,ozfish,Kyphosus vaigiensis,accepted,,0,218706,Kyphosus vaigiensis,Species,Kyphosus,TRUE,ok,
298829,Bathyraja microtrachys,Species,Bathyraja,130,fathomnet,Bathyraja microtrachys,accepted,,0,298829,Bathyraja microtrachys,Species,Bathyraja,TRUE,ok,
581485,Epizoanthus stellaris,Species,Epizoanthus,130,fathomnet,Epizoanthus stellaris,accepted,,0,581485,Epizoanthus stellaris,Species,Epizoanthus,TRUE,ok,
1250534,Tottonophyes enigmatica,Species,Tottonophyes,130,fathomnet,Tottonophyes enigmatica,accepted,,0,1250534,Tottonophyes enigmatica,Species,Tottonophyes,TRUE,ok,
100784,Corallimorphus,Genus,Corallimorphus,129,fathomnet,Corallimorphus,accepted,,0,100784,Corallimorphus,Genus,Corallimorphus,TRUE,ok,
410385,Onykia robusta,Species,Onykia,129,fathomnet,Onykia robusta,accepted,,0,410385,Onykia robusta,Species,Onykia,TRUE,ok,
218717,Chaetodon ulietensis,Species,Chaetodon,128,ozfish,Chaetodon ulietensis,accepted,,0,218717,Chaetodon ulietensis,Species,Chaetodon,TRUE,ok,
126393,Anoplogaster cornuta,Species,Anoplogaster,127,fathomnet,Anoplogaster cornuta,accepted,,0,126393,Anoplogaster cornuta,Species,Anoplogaster,TRUE,ok,
218475,Lutjanus fulvus,Species,Lutjanus,127,ozfish,Lutjanus fulvus,accepted,,0,218475,Lutjanus fulvus,Species,Lutjanus,TRUE,ok,
218948,Cheilio inermis,Species,Cheilio,126,fishwio|ozfish,Cheilio inermis,accepted,,0,218948,Cheilio inermis,Species,Cheilio,TRUE,ok,
218954,Cirrhilabrus exquisitus,Species,Cirrhilabrus,126,ozfish,Cirrhilabrus exquisitus,accepted,,0,218954,Cirrhilabrus exquisitus,Species,Cirrhilabrus,TRUE,ok,
100698,Bolocera,Genus,Bolocera,125,fathomnet,Bolocera,accepted,,0,100698,Bolocera,Genus,Bolocera,TRUE,ok,
135396,Forskalia,Genus,Forskalia,124,fathomnet,Forskalia,accepted,,0,135396,Forskalia,Genus,Forskalia,TRUE,ok,
218975,Gomphosus varius,Species,Gomphosus,123,ozfish,Gomphosus varius,accepted,,0,218975,Gomphosus varius,Species,Gomphosus,TRUE,ok,
134391,Farrea occa,Species,Farrea,122,fathomnet,Farrea occa,accepted,,0,134391,Farrea occa,Species,Farrea,TRUE,ok,
212056,Sphyraena obtusata,Species,Sphyraena,122,ozfish,Sphyraena obtusata,accepted,,0,212056,Sphyraena obtusata,Species,Sphyraena,TRUE,ok,
281482,Macropinna microstoma,Species,Macropinna,122,fathomnet,Macropinna microstoma,accepted,,0,281482,Macropinna microstoma,Species,Macropinna,TRUE,ok,
1820,Enteropneusta,Class,,121,fathomnet,Enteropneusta,accepted,,0,1820,Enteropneusta,Class,,TRUE,ok,
10217,Chimaeriformes,Order,,121,fathomnet,Chimaeriformes,accepted,,0,10217,Chimaeriformes,Order,,TRUE,ok,
218494,Lutjanus rivulatus,Species,Lutjanus,120,ozfish,Lutjanus rivulatus,accepted,,0,218494,Lutjanus rivulatus,Species,Lutjanus,TRUE,ok,
218536,Diagramma pictum,Species,Diagramma,120,ozfish,Diagramma pictum,accepted,,0,218536,Diagramma pictum,Species,Diagramma,TRUE,ok,
218849,Stegastes nigricans,Species,Stegastes,120,ozfish,Stegastes nigricans,accepted,,0,218849,Stegastes nigricans,Species,Stegastes,TRUE,ok,
517784,Sibogagorgia cauliflora,Species,Sibogagorgia,120,fathomnet,Sibogagorgia cauliflora,accepted,,0,517784,Sibogagorgia cauliflora,Species,Sibogagorgia,TRUE,ok,
1131,Isopoda,Order,,119,fathomnet,Isopoda,accepted,,0,1131,Isopoda,Order,,TRUE,ok,
103308,Stichopathes,Genus,Stichopathes,119,fathomnet,Stichopathes,accepted,,0,103308,Stichopathes,Genus,Stichopathes,TRUE,ok,
219879,Melichthys vidua,Species,Melichthys,119,fathomnet|ozfish,Melichthys vidua,accepted,,0,219879,Melichthys vidua,Species,Melichthys,TRUE,ok,
528219,Bathysiphon major,Species,Bathysiphon,119,fathomnet,Bathysiphon major,accepted,,0,528219,Bathysiphon major,Species,Bathysiphon,TRUE,ok,
282212,Pentapodus vitta,Species,Pentapodus,118,ozfish,Pentapodus vitta,accepted,,0,282212,Pentapodus vitta,Species,Pentapodus,TRUE,ok,
117854,Colobonema sericeum,Species,Colobonema,117,fathomnet,Colobonema sericeum,accepted,,0,117854,Colobonema sericeum,Species,Colobonema,TRUE,ok,
135306,Aurelia aurita,Species,Aurelia,117,fathomnet,Aurelia aurita,accepted,,0,135306,Aurelia aurita,Species,Aurelia,TRUE,ok,
100969,Iosactis vagabunda,Species,Iosactis,116,fathomnet,Iosactis vagabunda,accepted,,0,100969,Iosactis vagabunda,Species,Iosactis,TRUE,ok,
135457,Desmophyes annectens,Species,Desmophyes,116,fathomnet,Desmophyes annectens,accepted,,0,135457,Desmophyes annectens,Species,Desmophyes,TRUE,ok,
219039,Oxycheilinus bimaculatus,Species,Oxycheilinus,116,ozfish,Oxycheilinus bimaculatus,accepted,,0,219039,Oxycheilinus bimaculatus,Species,Oxycheilinus,TRUE,ok,
220003,Pomacanthus semicirculatus,Species,Pomacanthus,116,ozfish,Pomacanthus semicirculatus,accepted,,0,220003,Pomacanthus semicirculatus,Species,Pomacanthus,TRUE,ok,
292350,Mitrocoma cellularia,Species,Mitrocoma,116,fathomnet,Mitrocoma cellularia,accepted,,0,292350,Mitrocoma cellularia,Species,Mitrocoma,TRUE,ok,
325345,Pteropoda,Order,,116,fathomnet,Pteropoda,accepted,,0,325345,Pteropoda,Order,,TRUE,ok,
19494,Hydroidolina,Subclass,,115,fathomnet,Hydroidolina,accepted,,0,19494,Hydroidolina,Subclass,,TRUE,ok,
159350,Diplectrum formosum,Species,Diplectrum,115,fathomnet,Diplectrum formosum,accepted,,0,159350,Diplectrum formosum,Species,Diplectrum,TRUE,ok,
292732,Asthenactis fisheri,Species,Asthenactis,115,fathomnet,Asthenactis fisheri,accepted,,0,292732,Asthenactis fisheri,Species,Asthenactis,TRUE,ok,
219129,Scarus niger,Species,Scarus,114,fishwio|ozfish,Scarus niger,accepted,,0,219129,Scarus niger,Species,Scarus,TRUE,ok,
304153,Chromis enchrysurus,Species,Chromis,114,fathomnet,Chromis enchrysurus,accepted,,0,304153,Chromis enchrysurus,Species,Chromis,TRUE,ok,
123119,Brisingidae,Family,,113,fathomnet,Brisingidae,accepted,,0,123119,Brisingidae,Family,,TRUE,ok,
280334,Coelorinchus scaphopsis,Species,Coelorinchus,113,fathomnet,Coelorinchus scaphopsis,accepted,,0,280334,Coelorinchus scaphopsis,Species,Coelorinchus,TRUE,ok,
126370,Bathysaurus mollis,Species,Bathysaurus,112,fathomnet,Bathysaurus mollis,accepted,,0,126370,Bathysaurus mollis,Species,Bathysaurus,TRUE,ok,
413514,Swima,Genus,Swima,112,fathomnet,Swima,accepted,,0,413514,Swima,Genus,Swima,TRUE,ok,
135309,Phacellophora camtschatica,Species,Phacellophora,111,fathomnet,Phacellophora camtschatica,accepted,,0,135309,Phacellophora camtschatica,Species,Phacellophora,TRUE,ok,
272510,Physiculus rastrelliger,Species,Physiculus,111,fathomnet,Physiculus rastrelliger,accepted,,0,272510,Physiculus rastrelliger,Species,Physiculus,TRUE,ok,
117517,Eutonina indicans,Species,Eutonina,110,fathomnet,Eutonina indicans,accepted,,0,117517,Eutonina indicans,Species,Eutonina,TRUE,ok,
135294,Periphylla periphylla,Species,Periphylla,110,fathomnet,Periphylla periphylla,accepted,,0,135294,Periphylla periphylla,Species,Periphylla,TRUE,ok,
366801,Pagurus tanneri,Species,Pagurus,110,fathomnet,Pagurus tanneri,accepted,,0,366801,Pagurus tanneri,Species,Pagurus,TRUE,ok,
117030,Clytia,Genus,Clytia,109,fathomnet,Clytia,accepted,,0,117030,Clytia,Genus,Clytia,TRUE,ok,
271418,Hydrolagus trolli,Species,Hydrolagus,109,fathomnet,Hydrolagus trolli,accepted,,0,271418,Hydrolagus trolli,Species,Hydrolagus,TRUE,ok,
282143,Pareques umbrosus,Species,Pareques,109,fathomnet,Pareques umbrosus,accepted,,0,282143,Pareques umbrosus,Species,Pareques,TRUE,ok,
218305,Variola albimarginata,Species,Variola,108,ozfish,Variola albimarginata,accepted,,0,218305,Variola albimarginata,Species,Variola,TRUE,ok,
218941,Cheilinus chlorourus,Species,Cheilinus,108,ozfish,Cheilinus chlorourus,accepted,,0,218941,Cheilinus chlorourus,Species,Cheilinus,TRUE,ok,
291114,Stellamedusa ventana,Species,Stellamedusa,108,fathomnet,Stellamedusa ventana,accepted,,0,291114,Stellamedusa ventana,Species,Stellamedusa,TRUE,ok,
135409,Chuniphyes multidentata,Species,Chuniphyes,107,fathomnet,Chuniphyes multidentata,accepted,,0,135409,Chuniphyes multidentata,Species,Chuniphyes,TRUE,ok,
287287,Marrus claudanielis,Species,Marrus,107,fathomnet,Marrus claudanielis,accepted,,0,287287,Marrus claudanielis,Species,Marrus,TRUE,ok,
291224,Tiburonia granrojo,Species,Tiburonia,107,fathomnet,Tiburonia granrojo,accepted,,0,291224,Tiburonia granrojo,Species,Tiburonia,TRUE,ok,
123532,Psychropotes,Genus,Psychropotes,106,fathomnet,Psychropotes,accepted,,0,123532,Psychropotes,Genus,Psychropotes,TRUE,ok,
128498,Protoptilum,Genus,Protoptilum,106,fathomnet,Protoptilum,accepted,,0,128498,Protoptilum,Genus,Protoptilum,TRUE,ok,
219629,Acanthurus leucocheilus,Species,Acanthurus,106,ozfish,Acanthurus leucocheilus,accepted,,0,219629,Acanthurus leucocheilus,Species,Acanthurus,TRUE,ok,
219890,Rhinecanthus aculeatus,Species,Rhinecanthus,106,ozfish,Rhinecanthus aculeatus,accepted,,0,219890,Rhinecanthus aculeatus,Species,Rhinecanthus,TRUE,ok,
1510270,Anthomastinae,Subfamily,,105,fathomnet,Anthomastinae,accepted,,0,1510270,Anthomastinae,Subfamily,,TRUE,ok,
117108,Halicreas,Genus,Halicreas,104,fathomnet,Halicreas,accepted,,0,117108,Halicreas,Genus,Halicreas,TRUE,ok,
103732,Ciona intestinalis,Species,Ciona,103,fathomnet,Ciona intestinalis,accepted,,0,103732,Ciona intestinalis,Species,Ciona,TRUE,ok,
387273,Kephyes ovata,Species,Kephyes,103,fathomnet,Kephyes ovata,accepted,,0,387273,Kephyes ovata,Species,Kephyes,TRUE,ok,
125523,Carangidae,Family,,102,fathomnet|ozfish,Carangidae,accepted,,0,125523,Carangidae,Family,,TRUE,ok,
204972,Cirrhilabrus,Genus,Cirrhilabrus,102,ozfish,Cirrhilabrus,accepted,,0,204972,Cirrhilabrus,Genus,Cirrhilabrus,TRUE,ok,
212078,Lethrinus genivittatus,Species,Lethrinus,102,ozfish,Lethrinus genivittatus,accepted,,0,212078,Lethrinus genivittatus,Species,Lethrinus,TRUE,ok,
324619,Poeobius,Genus,Poeobius,102,fathomnet,Poeobius,accepted,,0,324619,Poeobius,Genus,Poeobius,TRUE,ok,
342305,Enteroctopus dofleini,Species,Enteroctopus,102,fathomnet,Enteroctopus dofleini,accepted,,0,342305,Enteroctopus dofleini,Species,Enteroctopus,TRUE,ok,
132115,Hertwigia,Genus,Hertwigia,101,fathomnet,Hertwigia,accepted,,0,132115,Hertwigia,Genus,Hertwigia,TRUE,ok,
888374,Actinostoloidea,Superfamily,,101,fathomnet,Actinostoloidea,accepted,,0,888374,Actinostoloidea,Superfamily,,TRUE,ok,
117622,Halitrephes maasi,Species,Halitrephes,100,fathomnet,Halitrephes maasi,accepted,,0,117622,Halitrephes maasi,Species,Halitrephes,TRUE,ok,
212062,Lethrinus miniatus,Species,Lethrinus,100,ozfish,Lethrinus miniatus,accepted,,0,212062,Lethrinus miniatus,Species,Lethrinus,TRUE,ok,
219638,Acanthurus nigricans,Species,Acanthurus,100,ozfish,Acanthurus nigricans,accepted,,0,219638,Acanthurus nigricans,Species,Acanthurus,TRUE,ok,
103394,Bathochordaeus charon,Species,Bathochordaeus,99,fathomnet,Bathochordaeus charon,accepted,,0,103394,Bathochordaeus charon,Species,Bathochordaeus,TRUE,ok,
243097,Asteronyx longifissus,Species,Asteronyx,99,fathomnet,Asteronyx longifissus,accepted,,0,243097,Asteronyx longifissus,Species,Asteronyx,TRUE,ok,
137701,Buccinum,Genus,Buccinum,98,fathomnet,Buccinum,accepted,,0,137701,Buccinum,Genus,Buccinum,TRUE,ok,
254592,Lycenchelys crotalinus,Species,Lycenchelys,98,fathomnet,Lycenchelys crotalinus,accepted,,0,254592,Lycenchelys crotalinus,Species,Lycenchelys,TRUE,ok,
1817568,Culeolus barryi,Species,Culeolus,98,fathomnet,Culeolus barryi,accepted,,0,1817568,Culeolus barryi,Species,Culeolus,TRUE,ok,
368114,Luidia foliolata,Species,Luidia,97,fathomnet,Luidia foliolata,accepted,,0,368114,Luidia foliolata,Species,Luidia,TRUE,ok,
135369,Vogtia,Genus,Vogtia,96,fathomnet,Vogtia,accepted,,0,135369,Vogtia,Genus,Vogtia,TRUE,ok,
218181,Cephalopholis urodeta,Species,Cephalopholis,96,ozfish,Cephalopholis urodeta,accepted,,0,218181,Cephalopholis urodeta,Species,Cephalopholis,TRUE,ok,
101417,Hyperiidae,Family,,95,fathomnet,Hyperiidae,accepted,,0,101417,Hyperiidae,Family,,TRUE,ok,
123135,Goniasteridae,Family,,95,fathomnet,Goniasteridae,accepted,,0,123135,Goniasteridae,Family,,TRUE,ok,
125295,Iridogorgia,Genus,Iridogorgia,94,fathomnet,Iridogorgia,accepted,,0,125295,Iridogorgia,Genus,Iridogorgia,TRUE,ok,
126446,Trisopterus minutus,Species,Trisopterus,94,yolo-bruv,Trisopterus minutus,accepted,,0,126446,Trisopterus minutus,Species,Trisopterus,TRUE,ok,
212242,Amanses scopas,Species,Amanses,93,fishwio,Amanses scopas,accepted,,0,212242,Amanses scopas,Species,Amanses,TRUE,ok,
273911,Siganus doliatus,Species,Siganus,93,ozfish,Siganus doliatus,accepted,,0,273911,Siganus doliatus,Species,Siganus,TRUE,ok,
125770,Physiculus,Genus,Physiculus,92,fathomnet,Physiculus,accepted,,0,125770,Physiculus,Genus,Physiculus,TRUE,ok,
278851,Centropyge tibicen,Species,Centropyge,92,ozfish,Centropyge tibicen,accepted,,0,278851,Centropyge tibicen,Species,Centropyge,TRUE,ok,
218933,Bodianus axillaris,Species,Bodianus,91,ozfish,Bodianus axillaris,accepted,,0,218933,Bodianus axillaris,Species,Bodianus,TRUE,ok,
106833,Uroptychus,Genus,Uroptychus,90,fathomnet,Uroptychus,accepted,,0,106833,Uroptychus,Genus,Uroptychus,TRUE,ok,
117218,Pantachogon,Genus,Pantachogon,90,fathomnet,Pantachogon,accepted,,0,117218,Pantachogon,Genus,Pantachogon,TRUE,ok,
135205,Fungiacyathus (Bathyactis) marenzelleri,Species,Fungiacyathus,90,fathomnet,Fungiacyathus (Bathyactis) marenzelleri,accepted,,0,135205,Fungiacyathus (Bathyactis) marenzelleri,Species,Fungiacyathus,TRUE,ok,
1302,Pycnogonida,Class,,89,fathomnet,Pycnogonida,accepted,,0,1302,Pycnogonida,Class,,TRUE,ok,
103304,Bathypathes,Genus,Bathypathes,89,fathomnet,Bathypathes,accepted,,0,103304,Bathypathes,Genus,Bathypathes,TRUE,ok,
125449,Synodontidae,Family,,88,fathomnet|ozfish,Synodontidae,accepted,,0,125449,Synodontidae,Family,,TRUE,ok,
212815,Chromis cinerascens,Species,Chromis,88,ozfish,Chromis cinerascens,accepted,,0,212815,Chromis cinerascens,Species,Chromis,TRUE,ok,
218438,Seriolina nigrofasciata,Species,Seriolina,88,ozfish,Seriolina nigrofasciata,accepted,,0,218438,Seriolina nigrofasciata,Species,Seriolina,TRUE,ok,
272531,Trachipterus altivelis,Species,Trachipterus,88,fathomnet,Trachipterus altivelis,accepted,,0,272531,Trachipterus altivelis,Species,Trachipterus,TRUE,ok,
277272,Choerodon jordani,Species,Choerodon,88,ozfish,Choerodon jordani,accepted,,0,277272,Choerodon jordani,Species,Choerodon,TRUE,ok,
280123,Chaetodontoplus personifer,Species,Chaetodontoplus,87,ozfish,Chaetodontoplus personifer,accepted,,0,280123,Chaetodontoplus personifer,Species,Chaetodontoplus,TRUE,ok,
1445254,Turneroconcha magnifica,Species,Turneroconcha,87,fathomnet,Turneroconcha magnifica,accepted,,0,1445254,Turneroconcha magnifica,Species,Turneroconcha,TRUE,ok,
218485,Lutjanus lemniscatus,Species,Lutjanus,86,ozfish,Lutjanus lemniscatus,accepted,,0,218485,Lutjanus lemniscatus,Species,Lutjanus,TRUE,ok,
851422,Tritonia tetraquetra,Species,Tritonia,86,fathomnet,Tritonia tetraquetra,accepted,,0,851422,Tritonia tetraquetra,Species,Tritonia,TRUE,ok,
123336,Crossaster,Genus,Crossaster,85,fathomnet,Crossaster,accepted,,0,123336,Crossaster,Genus,Crossaster,TRUE,ok,
123471,Synallactes,Genus,Synallactes,85,fathomnet,Synallactes,accepted,,0,123471,Synallactes,Genus,Synallactes,TRUE,ok,
212085,Lethrinus obsoletus,Species,Lethrinus,85,ozfish,Lethrinus obsoletus,accepted,,0,212085,Lethrinus obsoletus,Species,Lethrinus,TRUE,ok,
219634,Acanthurus xanthopterus,Species,Acanthurus,85,fathomnet|ozfish,Acanthurus xanthopterus,accepted,,0,219634,Acanthurus xanthopterus,Species,Acanthurus,TRUE,ok,
1080,Copepoda,Class,,84,fathomnet,Copepoda,accepted,,0,1080,Copepoda,Class,,TRUE,ok,
135494,Marrus orthocanna,Species,Marrus,84,fathomnet,Marrus orthocanna,accepted,,0,135494,Marrus orthocanna,Species,Marrus,TRUE,ok,
171579,Poliopogon,Genus,Poliopogon,83,fathomnet,Poliopogon,accepted,,0,171579,Poliopogon,Genus,Poliopogon,TRUE,ok,
272620,Oneirodes acanthias,Species,Oneirodes,83,fathomnet,Oneirodes acanthias,accepted,,0,272620,Oneirodes acanthias,Species,Oneirodes,TRUE,ok,
125355,Metallogorgia melanotrichos,Species,Metallogorgia,82,fathomnet,Metallogorgia melanotrichos,accepted,,0,125355,Metallogorgia melanotrichos,Species,Metallogorgia,TRUE,ok,
158585,Gymnothorax saxicola,Species,Gymnothorax,82,fathomnet,Gymnothorax saxicola,accepted,,0,158585,Gymnothorax saxicola,Species,Gymnothorax,TRUE,ok,
172963,Bathyphellia australis,Species,Bathyphellia,82,fathomnet,Bathyphellia australis,accepted,,0,172963,Bathyphellia australis,Species,Bathyphellia,TRUE,ok,
218753,Chaetodon unimaculatus,Species,Chaetodon,82,ozfish,Chaetodon unimaculatus,accepted,,0,218753,Chaetodon unimaculatus,Species,Chaetodon,TRUE,ok,
280118,Chaetodontoplus duboulayi,Species,Chaetodontoplus,82,ozfish,Chaetodontoplus duboulayi,accepted,,0,280118,Chaetodontoplus duboulayi,Species,Chaetodontoplus,TRUE,ok,
991848,Sebastes (Sebastomus),Subgenus,Sebastes,82,fathomnet,Sebastes (Sebastomus),accepted,,0,991848,Sebastes (Sebastomus),Subgenus,Sebastes,TRUE,ok,
55,Polyplacophora,Class,,81,fathomnet,Polyplacophora,accepted,,0,55,Polyplacophora,Class,,TRUE,ok,
143770,Zosteraceae,Family,,81,fathomnet,Zosteraceae,accepted,,0,143770,Zosteraceae,Family,,TRUE,ok,
901,Sabellida,Order,,80,fathomnet,Sabellida,accepted,,0,901,Sabellida,Order,,TRUE,ok,
135074,Dendrophylliidae,Family,,80,fathomnet,Dendrophylliidae,accepted,,0,135074,Dendrophylliidae,Family,,TRUE,ok,
135311,Stygiomedusa gigantea,Species,Stygiomedusa,80,fathomnet,Stygiomedusa gigantea,accepted,,0,135311,Stygiomedusa gigantea,Species,Stygiomedusa,TRUE,ok,
218497,Lutjanus quinquelineatus,Species,Lutjanus,80,ozfish,Lutjanus quinquelineatus,accepted,,0,218497,Lutjanus quinquelineatus,Species,Lutjanus,TRUE,ok,
277862,Cirrhilabrus randalli,Species,Cirrhilabrus,80,ozfish,Cirrhilabrus randalli,accepted,,0,277862,Cirrhilabrus randalli,Species,Cirrhilabrus,TRUE,ok,
278009,Naso reticulatus,Species,Naso,80,ozfish,Naso reticulatus,accepted,,0,278009,Naso reticulatus,Species,Naso,TRUE,ok,
341806,Galiteuthis pacifica,Species,Galiteuthis,80,fathomnet,Galiteuthis pacifica,accepted,,0,341806,Galiteuthis pacifica,Species,Galiteuthis,TRUE,ok,
1042871,Mobula alfredi,Species,Mobula,80,fathomnet,Mobula alfredi,accepted,,0,1042871,Mobula alfredi,Species,Mobula,TRUE,ok,
273731,Chromis insolata,Species,Chromis,79,fathomnet,Chromis insolata,accepted,,0,273731,Chromis insolata,Species,Chromis,TRUE,ok,
515722,Glyphocrangon vicaria,Species,Glyphocrangon,79,fathomnet,Glyphocrangon vicaria,accepted,,0,515722,Glyphocrangon vicaria,Species,Glyphocrangon,TRUE,ok,
125438,Atherinidae,Family,,78,ozfish,Atherinidae,accepted,,0,125438,Atherinidae,Family,,TRUE,ok,
135504,Physophora hydrostatica,Species,Physophora,78,fathomnet,Physophora hydrostatica,accepted,,0,135504,Physophora hydrostatica,Species,Physophora,TRUE,ok,
171972,Acanthascus (Rhabdocalyptus),Subgenus,Acanthascus,78,fathomnet,Acanthascus (Rhabdocalyptus),accepted,,0,171972,Acanthascus (Rhabdocalyptus),Subgenus,Acanthascus,TRUE,ok,
218205,Epinephelus tauvina,Species,Epinephelus,78,ozfish,Epinephelus tauvina,accepted,,0,218205,Epinephelus tauvina,Species,Epinephelus,TRUE,ok,
219046,Pseudodax moluccanus,Species,Pseudodax,78,fishwio|ozfish,Pseudodax moluccanus,accepted,,0,219046,Pseudodax moluccanus,Species,Pseudodax,TRUE,ok,
219624,Acanthurus leucopareius,Species,Acanthurus,78,fathomnet,Acanthurus leucopareius,accepted,,0,219624,Acanthurus leucopareius,Species,Acanthurus,TRUE,ok,
265037,Tjalfiella,Genus,Tjalfiella,78,fathomnet,Tjalfiella,accepted,,0,265037,Tjalfiella,Genus,Tjalfiella,TRUE,ok,
273554,Coris dorsomacula,Species,Coris,78,ozfish,Coris dorsomacula,accepted,,0,273554,Coris dorsomacula,Species,Coris,TRUE,ok,
276040,Scarus chameleon,Species,Scarus,78,ozfish,Scarus chameleon,accepted,,0,276040,Scarus chameleon,Species,Scarus,TRUE,ok,
280133,Chaunacops coloratus,Species,Chaunacops,78,fathomnet,Chaunacops coloratus,accepted,,0,280133,Chaunacops coloratus,Species,Chaunacops,TRUE,ok,
378126,Neolithodes diomedeae,Species,Neolithodes,78,fathomnet,Neolithodes diomedeae,accepted,,0,378126,Neolithodes diomedeae,Species,Neolithodes,TRUE,ok,
713915,Fariometra parvula,Species,Fariometra,78,fathomnet,Fariometra parvula,accepted,,0,713915,Fariometra parvula,Species,Fariometra,TRUE,ok,
100753,Amphianthus,Genus,Amphianthus,77,fathomnet,Amphianthus,accepted,,0,100753,Amphianthus,Genus,Amphianthus,TRUE,ok,
107018,Acanthephyra,Genus,Acanthephyra,77,fathomnet,Acanthephyra,accepted,,0,107018,Acanthephyra,Genus,Acanthephyra,TRUE,ok,
126809,Elagatis bipinnulata,Species,Elagatis,76,ozfish,Elagatis bipinnulata,accepted,,0,126809,Elagatis bipinnulata,Species,Elagatis,TRUE,ok,
129405,Paradiopatra,Genus,Paradiopatra,76,fathomnet,Paradiopatra,accepted,,0,129405,Paradiopatra,Genus,Paradiopatra,TRUE,ok,
218689,Upeneus tragula,Species,Upeneus,76,ozfish,Upeneus tragula,accepted,,0,218689,Upeneus tragula,Species,Upeneus,TRUE,ok,
265979,Osedax frankpressi,Species,Osedax,76,fathomnet,Osedax frankpressi,accepted,,0,265979,Osedax frankpressi,Species,Osedax,TRUE,ok,
137873,Corolla,Genus,Corolla,75,fathomnet,Corolla,accepted,,0,137873,Corolla,Genus,Corolla,TRUE,ok,
277595,Amblyglyphidodon aureus,Species,Amblyglyphidodon,75,ozfish,Amblyglyphidodon aureus,accepted,,0,277595,Amblyglyphidodon aureus,Species,Amblyglyphidodon,TRUE,ok,
736980,Xenophyophoroidea,Suborder,,75,fathomnet,Xenophyophoroidea,accepted,,0,736980,Xenophyophoroidea,Suborder,,TRUE,ok,
125505,Ophidiidae,Family,,74,fathomnet,Ophidiidae,accepted,,0,125505,Ophidiidae,Family,,TRUE,ok,
135379,Rosacea,Genus,Rosacea,74,fathomnet,Rosacea,accepted,,0,135379,Rosacea,Genus,Rosacea,TRUE,ok,
234519,Liparidae,Family,,74,fathomnet,Liparidae,accepted,,0,234519,Liparidae,Family,,TRUE,ok,
273326,Chaetodon aureofasciatus,Species,Chaetodon,74,ozfish,Chaetodon aureofasciatus,accepted,,0,273326,Chaetodon aureofasciatus,Species,Chaetodon,TRUE,ok,
125285,Anthomastus,Genus,Anthomastus,73,fathomnet,Anthomastus,accepted,,0,125285,Anthomastus,Genus,Anthomastus,TRUE,ok,
135387,Erenna,Genus,Erenna,73,fathomnet,Erenna,accepted,,0,135387,Erenna,Genus,Erenna,TRUE,ok,
138036,Gonatus,Genus,Gonatus,73,fathomnet,Gonatus,accepted,,0,138036,Gonatus,Genus,Gonatus,TRUE,ok,
854442,Bolocera kensmithi,Species,Bolocera,73,fathomnet,Bolocera kensmithi,accepted,,0,854442,Bolocera kensmithi,Species,Bolocera,TRUE,ok,
132096,Hyalonema,Genus,Hyalonema,72,fathomnet,Hyalonema,accepted,,0,132096,Hyalonema,Genus,Hyalonema,TRUE,ok,
218474,Lutjanus monostigma,Species,Lutjanus,72,ozfish,Lutjanus monostigma,accepted,,0,218474,Lutjanus monostigma,Species,Lutjanus,TRUE,ok,
231787,Akashiwo,Genus,Akashiwo,72,fathomnet,Akashiwo,accepted,,0,231787,Akashiwo,Genus,Akashiwo,TRUE,ok,
258647,Acanthamunnopsis milleri,Species,Acanthamunnopsis,72,fathomnet,Acanthamunnopsis milleri,accepted,,0,258647,Acanthamunnopsis milleri,Species,Acanthamunnopsis,TRUE,ok,
219885,Pseudobalistes fuscus,Species,Pseudobalistes,71,ozfish,Pseudobalistes fuscus,accepted,,0,219885,Pseudobalistes fuscus,Species,Pseudobalistes,TRUE,ok,
276920,Dermatolepis inermis,Species,Dermatolepis,71,fathomnet,Dermatolepis inermis,accepted,,0,276920,Dermatolepis inermis,Species,Dermatolepis,TRUE,ok,
430687,Sphaeronectes haddocki,Species,Sphaeronectes,71,fathomnet,Sphaeronectes haddocki,accepted,,0,430687,Sphaeronectes haddocki,Species,Sphaeronectes,TRUE,ok,
217625,Chanos chanos,Species,Chanos,70,ozfish,Chanos chanos,accepted,,0,217625,Chanos chanos,Species,Chanos,TRUE,ok,
218275,Pseudanthias cooperi,Species,Pseudanthias,70,ozfish,Pseudanthias cooperi,accepted,,0,218275,Pseudanthias cooperi,Species,Pseudanthias,TRUE,ok,
266010,Riftia pachyptila,Species,Riftia,70,fathomnet,Riftia pachyptila,accepted,,0,266010,Riftia pachyptila,Species,Riftia,TRUE,ok,
273335,Chaetodon ephippium,Species,Chaetodon,70,ozfish,Chaetodon ephippium,accepted,,0,273335,Chaetodon ephippium,Species,Chaetodon,TRUE,ok,
278635,Lethrinus laticaudis,Species,Lethrinus,70,ozfish,Lethrinus laticaudis,accepted,,0,278635,Lethrinus laticaudis,Species,Lethrinus,TRUE,ok,
278682,Chelmon marginalis,Species,Chelmon,70,ozfish,Chelmon marginalis,accepted,,0,278682,Chelmon marginalis,Species,Chelmon,TRUE,ok,
280564,Dischistodus prosopotaenia,Species,Dischistodus,70,ozfish,Dischistodus prosopotaenia,accepted,,0,280564,Dischistodus prosopotaenia,Species,Dischistodus,TRUE,ok,
342329,Gonatopsis octopedatus,Species,Gonatopsis,70,fathomnet,Gonatopsis octopedatus,accepted,,0,342329,Gonatopsis octopedatus,Species,Gonatopsis,TRUE,ok,
106858,Parapagurus,Genus,Parapagurus,69,fathomnet,Parapagurus,accepted,,0,106858,Parapagurus,Genus,Parapagurus,TRUE,ok,
115088,Phaeocystis,Genus,Phaeocystis,69,fathomnet,Phaeocystis,accepted,,0,115088,Phaeocystis,Genus,Phaeocystis,TRUE,ok,
117619,Haliscera bigelowi,Species,Haliscera,69,fathomnet,Haliscera bigelowi,accepted,,0,117619,Haliscera bigelowi,Species,Haliscera,TRUE,ok,
218864,Cyprinocirrhites polyactis,Species,Cyprinocirrhites,69,ozfish,Cyprinocirrhites polyactis,accepted,,0,218864,Cyprinocirrhites polyactis,Species,Cyprinocirrhites,TRUE,ok,
559389,Leachia danae,Species,Leachia,69,fathomnet,Leachia danae,accepted,,0,559389,Leachia danae,Species,Leachia,TRUE,ok,
212844,Dascyllus reticulatus,Species,Dascyllus,68,ozfish,Dascyllus reticulatus,accepted,,0,212844,Dascyllus reticulatus,Species,Dascyllus,TRUE,ok,
219666,Naso fageni,Species,Naso,68,ozfish,Naso fageni,accepted,,0,219666,Naso fageni,Species,Naso,TRUE,ok,
392544,Munidopsis kensmithi,Species,Munidopsis,68,fathomnet,Munidopsis kensmithi,accepted,,0,392544,Munidopsis kensmithi,Species,Munidopsis,TRUE,ok,
123148,Antedonidae,Family,,67,fathomnet,Antedonidae,accepted,,0,123148,Antedonidae,Family,,TRUE,ok,
125575,Zoarcidae,Family,,67,fathomnet,Zoarcidae,accepted,,0,125575,Zoarcidae,Family,,TRUE,ok,
159486,Xanthichthys ringens,Species,Xanthichthys,67,fathomnet,Xanthichthys ringens,accepted,,0,159486,Xanthichthys ringens,Species,Xanthichthys,TRUE,ok,
125803,Melanocetus,Genus,Melanocetus,66,fathomnet,Melanocetus,accepted,,0,125803,Melanocetus,Genus,Melanocetus,TRUE,ok,
137849,Helicocranchia,Genus,Helicocranchia,66,fathomnet,Helicocranchia,accepted,,0,137849,Helicocranchia,Genus,Helicocranchia,TRUE,ok,
254890,Hippasteria californica,Species,Hippasteria,66,fathomnet,Hippasteria californica,accepted,,0,254890,Hippasteria californica,Species,Hippasteria,TRUE,ok,
263978,Vanhoeffenura pulchra,Species,Vanhoeffenura,66,fathomnet,Vanhoeffenura pulchra,accepted,,0,263978,Vanhoeffenura pulchra,Species,Vanhoeffenura,TRUE,ok,
103446,Octacnemidae,Family,,65,fathomnet,Octacnemidae,accepted,,0,103446,Octacnemidae,Family,,TRUE,ok,
137797,Thliptodon,Genus,Thliptodon,65,fathomnet,Thliptodon,accepted,,0,137797,Thliptodon,Genus,Thliptodon,TRUE,ok,
139492,Corolla spectabilis,Species,Corolla,65,fathomnet,Corolla spectabilis,accepted,,0,139492,Corolla spectabilis,Species,Corolla,TRUE,ok,
11782,Octopodidae,Family,,64,fathomnet,Octopodidae,accepted,,0,11782,Octopodidae,Family,,TRUE,ok,
218263,Plectropomus areolatus,Species,Plectropomus,64,ozfish,Plectropomus areolatus,accepted,,0,218263,Plectropomus areolatus,Species,Plectropomus,TRUE,ok,
218378,Malacanthus brevirostris,Species,Malacanthus,64,ozfish,Malacanthus brevirostris,accepted,,0,218378,Malacanthus brevirostris,Species,Malacanthus,TRUE,ok,
218470,Aphareus furca,Species,Aphareus,64,ozfish,Aphareus furca,accepted,,0,218470,Aphareus furca,Species,Aphareus,TRUE,ok,
759256,Jasonisis,Genus,Jasonisis,64,fathomnet,Jasonisis,accepted,,0,759256,Jasonisis,Genus,Jasonisis,TRUE,ok,
212546,Aprion virescens,Species,Aprion,63,ozfish,Aprion virescens,accepted,,0,212546,Aprion virescens,Species,Aprion,TRUE,ok,
1589884,Faxiella abietina,Species,Faxiella,63,fathomnet,Faxiella abietina,accepted,,0,1589884,Faxiella abietina,Species,Faxiella,TRUE,ok,
171425,Hyalonema (Corynonema) populiferum,Species,Hyalonema,62,fathomnet,Hyalonema (Corynonema) populiferum,accepted,,0,171425,Hyalonema (Corynonema) populiferum,Species,Hyalonema,TRUE,ok,
206485,Porites,Genus,Porites,62,fathomnet,Porites,accepted,,0,206485,Porites,Genus,Porites,TRUE,ok,
218197,Epinephelus polyphekadion,Species,Epinephelus,62,ozfish,Epinephelus polyphekadion,accepted,,0,218197,Epinephelus polyphekadion,Species,Epinephelus,TRUE,ok,
218590,Argyrops spinifer,Species,Argyrops,62,ozfish,Argyrops spinifer,accepted,,0,218590,Argyrops spinifer,Species,Argyrops,TRUE,ok,
278912,Neopomacentrus filamentosus,Species,Neopomacentrus,62,ozfish,Neopomacentrus filamentosus,accepted,,0,278912,Neopomacentrus filamentosus,Species,Neopomacentrus,TRUE,ok,
466942,Smithsonius dorothea,Species,Smithsonius,62,fathomnet,Smithsonius dorothea,accepted,,0,466942,Smithsonius dorothea,Species,Smithsonius,TRUE,ok,
550625,Lithodes couesi,Species,Lithodes,62,fathomnet,Lithodes couesi,accepted,,0,550625,Lithodes couesi,Species,Lithodes,TRUE,ok,
274287,Glyptocephalus zachirus,Species,Glyptocephalus,61,fathomnet,Glyptocephalus zachirus,accepted,,0,274287,Glyptocephalus zachirus,Species,Glyptocephalus,TRUE,ok,
274774,Sebastes aurora,Species,Sebastes,61,fathomnet,Sebastes aurora,accepted,,0,274774,Sebastes aurora,Species,Sebastes,TRUE,ok,
285347,Crossota millsae,Species,Crossota,61,fathomnet,Crossota millsae,accepted,,0,285347,Crossota millsae,Species,Crossota,TRUE,ok,
1466530,Axoniderma kensmithi,Species,Axoniderma,61,fathomnet,Axoniderma kensmithi,accepted,,0,1466530,Axoniderma kensmithi,Species,Axoniderma,TRUE,ok,
119842,Boreomysis,Genus,Boreomysis,60,fathomnet,Boreomysis,accepted,,0,119842,Boreomysis,Genus,Boreomysis,TRUE,ok,
125937,Decapterus,Genus,Decapterus,60,fathomnet|ozfish,Decapterus,accepted,,0,125937,Decapterus,Genus,Decapterus,TRUE,ok,
135357,Clausophyes,Genus,Clausophyes,60,fathomnet,Clausophyes,accepted,,0,135357,Clausophyes,Genus,Clausophyes,TRUE,ok,
137931,Abraliopsis,Genus,Abraliopsis,60,fathomnet,Abraliopsis,accepted,,0,137931,Abraliopsis,Genus,Abraliopsis,TRUE,ok,
277160,Pomacentrus nagasakiensis,Species,Pomacentrus,60,ozfish,Pomacentrus nagasakiensis,accepted,,0,277160,Pomacentrus nagasakiensis,Species,Pomacentrus,TRUE,ok,
125325,Corallium,Genus,Corallium,59,fathomnet,Corallium,accepted,,0,125325,Corallium,Genus,Corallium,TRUE,ok,
1741213,Heterocapsa,Genus,Heterocapsa,59,fathomnet,Heterocapsa,accepted,,0,1741213,Heterocapsa,Genus,Heterocapsa,TRUE,ok,
22617,Colossendeidae,Family,,58,fathomnet,Colossendeidae,accepted,,0,22617,Colossendeidae,Family,,TRUE,ok,
138124,Acesta,Genus,Acesta,58,fathomnet,Acesta,accepted,,0,138124,Acesta,Genus,Acesta,TRUE,ok,
172005,Acanthascus (Staurocalyptus) solidus,Species,Acanthascus,58,fathomnet,Acanthascus (Staurocalyptus) solidus,accepted,,0,172005,Acanthascus (Staurocalyptus) solidus,Species,Acanthascus,TRUE,ok,
218434,Scomberoides lysan,Species,Scomberoides,58,ozfish,Scomberoides lysan,accepted,,0,218434,Scomberoides lysan,Species,Scomberoides,TRUE,ok,
219154,Parapercis nebulosa,Species,Parapercis,58,ozfish,Parapercis nebulosa,accepted,,0,219154,Parapercis nebulosa,Species,Parapercis,TRUE,ok,
273924,Siganus trispilos,Species,Siganus,58,ozfish,Siganus trispilos,accepted,,0,273924,Siganus trispilos,Species,Siganus,TRUE,ok,
279389,Lycodapus fierasfer,Species,Lycodapus,58,fathomnet,Lycodapus fierasfer,accepted,,0,279389,Lycodapus fierasfer,Species,Lycodapus,TRUE,ok,
125683,Scopelarchus,Genus,Scopelarchus,57,fathomnet,Scopelarchus,accepted,,0,125683,Scopelarchus,Genus,Scopelarchus,TRUE,ok,
139178,Clione limacina,Species,Clione,57,fathomnet,Clione limacina,accepted,,0,139178,Clione limacina,Species,Clione,TRUE,ok,
582421,Radiozoa,Phylum,,57,fathomnet,Radiozoa,accepted,,0,582421,Radiozoa,Phylum,,TRUE,ok,
105829,Harriotta raleighana,Species,Harriotta,56,fathomnet,Harriotta raleighana,accepted,,0,105829,Harriotta raleighana,Species,Harriotta,TRUE,ok,
132117,Regadrella,Genus,Regadrella,56,fathomnet,Regadrella,accepted,,0,132117,Regadrella,Genus,Regadrella,TRUE,ok,
218411,Caranx papuensis,Species,Caranx,56,ozfish,Caranx papuensis,accepted,,0,218411,Caranx papuensis,Species,Caranx,TRUE,ok,
218414,Caranx ignobilis,Species,Caranx,56,ozfish,Caranx ignobilis,accepted,,0,218414,Caranx ignobilis,Species,Caranx,TRUE,ok,
219111,Scarus oviceps,Species,Scarus,56,ozfish,Scarus oviceps,accepted,,0,219111,Scarus oviceps,Species,Scarus,TRUE,ok,
220058,Cantherhines pardalis,Species,Cantherhines,56,ozfish,Cantherhines pardalis,accepted,,0,220058,Cantherhines pardalis,Species,Cantherhines,TRUE,ok,
292723,Solaster hypothrissus,Species,Solaster,56,fathomnet,Solaster hypothrissus,accepted,,0,292723,Solaster hypothrissus,Species,Solaster,TRUE,ok,
103517,Culeolus,Genus,Culeolus,55,fathomnet,Culeolus,accepted,,0,103517,Culeolus,Genus,Culeolus,TRUE,ok,
105797,Carcharhinus plumbeus,Species,Carcharhinus,55,fathomnet|ozfish,Carcharhinus plumbeus,accepted,,0,105797,Carcharhinus plumbeus,Species,Carcharhinus,TRUE,ok,
106361,Beroe gracilis,Species,Beroe,55,fathomnet,Beroe gracilis,accepted,,0,106361,Beroe gracilis,Species,Beroe,TRUE,ok,
267926,Trissopathes,Genus,Trissopathes,55,fathomnet,Trissopathes,accepted,,0,267926,Trissopathes,Genus,Trissopathes,TRUE,ok,
269456,Hypoplectrus,Genus,Hypoplectrus,55,fathomnet,Hypoplectrus,accepted,,0,269456,Hypoplectrus,Genus,Hypoplectrus,TRUE,ok,
274806,Sebastes jordani,Species,Sebastes,55,fathomnet,Sebastes jordani,accepted,,0,274806,Sebastes jordani,Species,Sebastes,TRUE,ok,
515232,Eualus macrophthalmus,Species,Eualus,55,fathomnet,Eualus macrophthalmus,accepted,,0,515232,Eualus macrophthalmus,Species,Eualus,TRUE,ok,
100769,Liponema,Genus,Liponema,54,fathomnet,Liponema,accepted,,0,100769,Liponema,Genus,Liponema,TRUE,ok,
196986,Bathybembix,Genus,Bathybembix,54,fathomnet,Bathybembix,accepted,,0,196986,Bathybembix,Genus,Bathybembix,TRUE,ok,
212071,Lethrinus microdon,Species,Lethrinus,54,ozfish,Lethrinus microdon,accepted,,0,212071,Lethrinus microdon,Species,Lethrinus,TRUE,ok,
219001,Hologymnosus doliatus,Species,Hologymnosus,54,ozfish,Hologymnosus doliatus,accepted,,0,219001,Hologymnosus doliatus,Species,Hologymnosus,TRUE,ok,
272040,Anotopterus nikparini,Species,Anotopterus,54,fathomnet,Anotopterus nikparini,accepted,,0,272040,Anotopterus nikparini,Species,Anotopterus,TRUE,ok,
273492,Plectorhinchus multivittatus,Species,Plectorhinchus,54,ozfish,Plectorhinchus multivittatus,accepted,,0,273492,Plectorhinchus multivittatus,Species,Plectorhinchus,TRUE,ok,
276793,Abalistes filamentosus,Species,Abalistes,54,ozfish,Abalistes filamentosus,accepted,,0,276793,Abalistes filamentosus,Species,Abalistes,TRUE,ok,
378132,Paralomis verrilli,Species,Paralomis,54,fathomnet,Paralomis verrilli,accepted,,0,378132,Paralomis verrilli,Species,Paralomis,TRUE,ok,
51,Mollusca,Phylum,,53,fathomnet,Mollusca,accepted,,0,51,Mollusca,Phylum,,TRUE,ok,
11713,Sepiida,Order,,53,fathomnet,Sepiida,accepted,,0,11713,Sepiida,Order,,TRUE,ok,
124969,Gorgonocephalus eucnemis,Species,Gorgonocephalus,53,fathomnet,Gorgonocephalus eucnemis,accepted,,0,124969,Gorgonocephalus eucnemis,Species,Gorgonocephalus,TRUE,ok,
128531,Umbellula lindahli,Species,Umbellula,53,fathomnet,Umbellula lindahli,accepted,,0,128531,Umbellula lindahli,Species,Umbellula,TRUE,ok,
159240,Calamus,Genus,Calamus,53,fathomnet,Calamus,accepted,,0,159240,Calamus,Genus,Calamus,TRUE,ok,
282166,Parmaturus xaniurus,Species,Parmaturus,53,fathomnet,Parmaturus xaniurus,accepted,,0,282166,Parmaturus xaniurus,Species,Parmaturus,TRUE,ok,
382214,Buccinoidea,Superfamily,,53,fathomnet,Buccinoidea,accepted,,0,382214,Buccinoidea,Superfamily,,TRUE,ok,
218734,Chaetodon lineolatus,Species,Chaetodon,52,ozfish,Chaetodon lineolatus,accepted,,0,218734,Chaetodon lineolatus,Species,Chaetodon,TRUE,ok,
218916,Anampses geographicus,Species,Anampses,52,ozfish,Anampses geographicus,accepted,,0,218916,Anampses geographicus,Species,Anampses,TRUE,ok,
279172,Anampses lennardi,Species,Anampses,52,ozfish,Anampses lennardi,accepted,,0,279172,Anampses lennardi,Species,Anampses,TRUE,ok,
282740,Sebastolobus alascanus,Species,Sebastolobus,52,fathomnet,Sebastolobus alascanus,accepted,,0,282740,Sebastolobus alascanus,Species,Sebastolobus,TRUE,ok,
101361,Caprellidae,Family,,51,fathomnet,Caprellidae,accepted,,0,101361,Caprellidae,Family,,TRUE,ok,
105761,Bathyraja,Genus,Bathyraja,51,fathomnet,Bathyraja,accepted,,0,105761,Bathyraja,Genus,Bathyraja,TRUE,ok,
171812,Sclerothamnus,Genus,Sclerothamnus,51,fathomnet,Sclerothamnus,accepted,,0,171812,Sclerothamnus,Genus,Sclerothamnus,TRUE,ok,
345446,Heteropolypus,Genus,Heteropolypus,51,fathomnet,Heteropolypus,accepted,,0,345446,Heteropolypus,Genus,Heteropolypus,TRUE,ok,
562642,Munidopsidae,Family,,51,fathomnet,Munidopsidae,accepted,,0,562642,Munidopsidae,Family,,TRUE,ok,
123189,Psolidae,Family,,50,fathomnet,Psolidae,accepted,,0,123189,Psolidae,Family,,TRUE,ok,
123461,Benthothuria,Genus,Benthothuria,50,fathomnet,Benthothuria,accepted,,0,123461,Benthothuria,Genus,Benthothuria,TRUE,ok,
124956,Ophiocreas oedipus,Species,Ophiocreas,50,fathomnet,Ophiocreas oedipus,accepted,,0,124956,Ophiocreas oedipus,Species,Ophiocreas,TRUE,ok,
125804,Dibranchus,Genus,Dibranchus,50,fathomnet,Dibranchus,accepted,,0,125804,Dibranchus,Genus,Dibranchus,TRUE,ok,
140573,Notobranchaea macdonaldi,Species,Notobranchaea,50,fathomnet,Notobranchaea macdonaldi,accepted,,0,140573,Notobranchaea macdonaldi,Species,Notobranchaea,TRUE,ok,
286612,Paragorgia yutlinux,Species,Paragorgia,50,fathomnet,Paragorgia yutlinux,accepted,,0,286612,Paragorgia yutlinux,Species,Paragorgia,TRUE,ok,
135408,Chuniphyes moserae,Species,Chuniphyes,49,fathomnet,Chuniphyes moserae,accepted,,0,135408,Chuniphyes moserae,Species,Chuniphyes,TRUE,ok,
224426,Clio andreae,Species,Clio,49,fathomnet,Clio andreae,accepted,,0,224426,Clio andreae,Species,Clio,TRUE,ok,
254772,Myxoderma,Genus,Myxoderma,49,fathomnet,Myxoderma,accepted,,0,254772,Myxoderma,Genus,Myxoderma,TRUE,ok,
274775,Sebastes babcocki,Species,Sebastes,49,fathomnet,Sebastes babcocki,accepted,,0,274775,Sebastes babcocki,Species,Sebastes,TRUE,ok,
302801,Kali kerberti,Species,Kali,49,fathomnet,Kali kerberti,accepted,,0,302801,Kali kerberti,Species,Kali,TRUE,ok,
420556,Clio polita,Species,Clio,49,fathomnet,Clio polita,accepted,,0,420556,Clio polita,Species,Clio,TRUE,ok,
1823003,Archivesica extenta,Species,Archivesica,49,fathomnet,Archivesica extenta,accepted,,0,1823003,Archivesica extenta,Species,Archivesica,TRUE,ok,
100715,Sicyonis,Genus,Sicyonis,48,fathomnet,Sicyonis,accepted,,0,100715,Sicyonis,Genus,Sicyonis,TRUE,ok,
123338,Solaster,Genus,Solaster,48,fathomnet,Solaster,accepted,,0,123338,Solaster,Genus,Solaster,TRUE,ok,
135392,Nanomia,Genus,Nanomia,48,fathomnet,Nanomia,accepted,,0,135392,Nanomia,Genus,Nanomia,TRUE,ok,
138584,Calliostoma,Genus,Calliostoma,48,fathomnet,Calliostoma,accepted,,0,138584,Calliostoma,Genus,Calliostoma,TRUE,ok,
218184,Cephalopholis miniata,Species,Cephalopholis,48,ozfish,Cephalopholis miniata,accepted,,0,218184,Cephalopholis miniata,Species,Cephalopholis,TRUE,ok,
238742,Grimalditeuthis bonplandii,Species,Grimalditeuthis,48,fathomnet,Grimalditeuthis bonplandii,accepted,,0,238742,Grimalditeuthis bonplandii,Species,Grimalditeuthis,TRUE,ok,
267936,Umbellapathes,Genus,Umbellapathes,48,fathomnet,Umbellapathes,accepted,,0,267936,Umbellapathes,Genus,Umbellapathes,TRUE,ok,
274788,Sebastes elongatus,Species,Sebastes,48,fathomnet,Sebastes elongatus,accepted,,0,274788,Sebastes elongatus,Species,Sebastes,TRUE,ok,
287649,Calyptrophora angularis,Species,Calyptrophora,48,fathomnet,Calyptrophora angularis,accepted,,0,287649,Calyptrophora angularis,Species,Calyptrophora,TRUE,ok,
100716,Stomphia,Genus,Stomphia,47,fathomnet,Stomphia,accepted,,0,100716,Stomphia,Genus,Stomphia,TRUE,ok,
117620,Haliscera conica,Species,Haliscera,47,fathomnet,Haliscera conica,accepted,,0,117620,Haliscera conica,Species,Haliscera,TRUE,ok,
117849,Aglantha digitale,Species,Aglantha,47,fathomnet,Aglantha digitale,accepted,,0,117849,Aglantha digitale,Species,Aglantha,TRUE,ok,
135307,Deepstaria enigmatica,Species,Deepstaria,47,fathomnet,Deepstaria enigmatica,accepted,,0,135307,Deepstaria enigmatica,Species,Deepstaria,TRUE,ok,
1875386,Paracandidella gigantea,Species,Paracandidella,47,fathomnet,Paracandidella gigantea,accepted,,0,1875386,Paracandidella gigantea,Species,Paracandidella,TRUE,ok,
123192,Laetmogonidae,Family,,46,fathomnet,Laetmogonidae,accepted,,0,123192,Laetmogonidae,Family,,TRUE,ok,
125669,Bathypterois,Genus,Bathypterois,46,fathomnet,Bathypterois,accepted,,0,125669,Bathypterois,Genus,Bathypterois,TRUE,ok,
218648,Mulloidichthys vanicolensis,Species,Mulloidichthys,46,ozfish,Mulloidichthys vanicolensis,accepted,,0,218648,Mulloidichthys vanicolensis,Species,Mulloidichthys,TRUE,ok,
219090,Hipposcarus harid,Species,Hipposcarus,46,ozfish,Hipposcarus harid,accepted,,0,219090,Hipposcarus harid,Species,Hipposcarus,TRUE,ok,
277158,Pomacentrus milleri,Species,Pomacentrus,46,ozfish,Pomacentrus milleri,accepted,,0,277158,Pomacentrus milleri,Species,Pomacentrus,TRUE,ok,
474993,Halichoeres claudia,Species,Halichoeres,46,ozfish,Halichoeres claudia,accepted,,0,474993,Halichoeres claudia,Species,Halichoeres,TRUE,ok,
1392940,Balticina californica,Species,Balticina,46,fathomnet,Balticina californica,accepted,,0,1392940,Balticina californica,Species,Balticina,TRUE,ok,
123125,Zoroasteridae,Family,,45,fathomnet,Zoroasteridae,accepted,,0,123125,Zoroasteridae,Family,,TRUE,ok,
135412,Clausophyes moserae,Species,Clausophyes,45,fathomnet,Clausophyes moserae,accepted,,0,135412,Clausophyes moserae,Species,Clausophyes,TRUE,ok,
398549,Chaetodon lunulatus,Species,Chaetodon,45,ozfish,Chaetodon lunulatus,accepted,,0,398549,Chaetodon lunulatus,Species,Chaetodon,TRUE,ok,
845703,Tetronarce californica,Species,Tetronarce,45,fathomnet,Tetronarce californica,accepted,,0,845703,Tetronarce californica,Species,Tetronarce,TRUE,ok,
127203,Myoxocephalus scorpius,Species,Myoxocephalus,44,yolo-bruv,Myoxocephalus scorpius,accepted,,0,127203,Myoxocephalus scorpius,Species,Myoxocephalus,TRUE,ok,
139033,Clio pyramidata,Species,Clio,44,fathomnet,Clio pyramidata,accepted,,0,139033,Clio pyramidata,Species,Clio,TRUE,ok,
208917,Pseudocheilinus evanidus,Species,Pseudocheilinus,44,ozfish,Pseudocheilinus evanidus,accepted,,0,208917,Pseudocheilinus evanidus,Species,Pseudocheilinus,TRUE,ok,
212047,Sphyraena forsteri,Species,Sphyraena,44,ozfish,Sphyraena forsteri,accepted,,0,212047,Sphyraena forsteri,Species,Sphyraena,TRUE,ok,
218995,Halichoeres nigrescens,Species,Halichoeres,44,ozfish,Halichoeres nigrescens,accepted,,0,218995,Halichoeres nigrescens,Species,Halichoeres,TRUE,ok,
254843,Rathbunaster,Genus,Rathbunaster,44,fathomnet,Rathbunaster,accepted,,0,254843,Rathbunaster,Genus,Rathbunaster,TRUE,ok,
273561,Coris pictoides,Species,Coris,44,ozfish,Coris pictoides,accepted,,0,273561,Coris pictoides,Species,Coris,TRUE,ok,
275872,Desmodema lorum,Species,Desmodema,44,fathomnet,Desmodema lorum,accepted,,0,275872,Desmodema lorum,Species,Desmodema,TRUE,ok,
277281,Choerodon vitta,Species,Choerodon,44,ozfish,Choerodon vitta,accepted,,0,277281,Choerodon vitta,Species,Choerodon,TRUE,ok,
287215,Deepstaria reticulum,Species,Deepstaria,44,fathomnet,Deepstaria reticulum,accepted,,0,287215,Deepstaria reticulum,Species,Deepstaria,TRUE,ok,
135079,Pocilloporidae,Family,,43,fathomnet,Pocilloporidae,accepted,,0,135079,Pocilloporidae,Family,,TRUE,ok,
286154,Iridogorgia magnispiralis,Species,Iridogorgia,43,fathomnet,Iridogorgia magnispiralis,accepted,,0,286154,Iridogorgia magnispiralis,Species,Iridogorgia,TRUE,ok,
474893,Hydrolagus melanophasma,Species,Hydrolagus,43,fathomnet,Hydrolagus melanophasma,accepted,,0,474893,Hydrolagus melanophasma,Species,Hydrolagus,TRUE,ok,
112300,Bathysiphon,Genus,Bathysiphon,42,fathomnet,Bathysiphon,accepted,,0,112300,Bathysiphon,Genus,Bathysiphon,TRUE,ok,
126678,Spectrunculus grandis,Species,Spectrunculus,42,fathomnet,Spectrunculus grandis,accepted,,0,126678,Spectrunculus grandis,Species,Spectrunculus,TRUE,ok,
135280,Atolla parva,Species,Atolla,42,fathomnet,Atolla parva,accepted,,0,135280,Atolla parva,Species,Atolla,TRUE,ok,
218833,Neoglyphidodon melas,Species,Neoglyphidodon,42,ozfish,Neoglyphidodon melas,accepted,,0,218833,Neoglyphidodon melas,Species,Neoglyphidodon,TRUE,ok,
254549,Careproctus melanurus,Species,Careproctus,42,fathomnet,Careproctus melanurus,accepted,,0,254549,Careproctus melanurus,Species,Careproctus,TRUE,ok,
275774,Halichoeres melanochir,Species,Halichoeres,42,ozfish,Halichoeres melanochir,accepted,,0,275774,Halichoeres melanochir,Species,Halichoeres,TRUE,ok,
392515,Munidopsis depressa,Species,Munidopsis,42,fathomnet,Munidopsis depressa,accepted,,0,392515,Munidopsis depressa,Species,Munidopsis,TRUE,ok,
587954,Swima fulgida,Species,Swima,42,fathomnet,Swima fulgida,accepted,,0,587954,Swima fulgida,Species,Swima,TRUE,ok,
1516570,Aphanostichopathes spiessi,Species,Aphanostichopathes,42,fathomnet,Aphanostichopathes spiessi,accepted,,0,1516570,Aphanostichopathes spiessi,Species,Aphanostichopathes,TRUE,ok,
125498,Myctophidae,Family,,41,fathomnet,Myctophidae,accepted,,0,125498,Myctophidae,Family,,TRUE,ok,
212256,Albula vulpes,Species,Albula,41,fathomnet,Albula vulpes,accepted,,0,212256,Albula vulpes,Species,Albula,TRUE,ok,
221237,Crossota alba,Species,Crossota,41,fathomnet,Crossota alba,accepted,,0,221237,Crossota alba,Species,Crossota,TRUE,ok,
107027,Systellaspis,Genus,Systellaspis,40,fathomnet,Systellaspis,accepted,,0,107027,Systellaspis,Genus,Systellaspis,TRUE,ok,
123586,Gorgonocephalus,Genus,Gorgonocephalus,40,fathomnet,Gorgonocephalus,accepted,,0,123586,Gorgonocephalus,Genus,Gorgonocephalus,TRUE,ok,
135371,Desmophyes,Genus,Desmophyes,40,fathomnet,Desmophyes,accepted,,0,135371,Desmophyes,Genus,Desmophyes,TRUE,ok,
159658,Uraspis secunda,Species,Uraspis,40,ozfish,Uraspis secunda,accepted,,0,159658,Uraspis secunda,Species,Uraspis,TRUE,ok,
218920,Anampses caeruleopunctatus,Species,Anampses,40,fishwio|ozfish,Anampses caeruleopunctatus,accepted,,0,218920,Anampses caeruleopunctatus,Species,Anampses,TRUE,ok,
219938,Canthigaster bennetti,Species,Canthigaster,40,fishwio,Canthigaster bennetti,accepted,,0,219938,Canthigaster bennetti,Species,Canthigaster,TRUE,ok,
254505,Bathyagonus nigripinnis,Species,Bathyagonus,40,fathomnet,Bathyagonus nigripinnis,accepted,,0,254505,Bathyagonus nigripinnis,Species,Bathyagonus,TRUE,ok,
273920,Siganus puellus,Species,Siganus,40,ozfish,Siganus puellus,accepted,,0,273920,Siganus puellus,Species,Siganus,TRUE,ok,
274784,Sebastes cortezi,Species,Sebastes,40,fathomnet,Sebastes cortezi,accepted,,0,274784,Sebastes cortezi,Species,Sebastes,TRUE,ok,
278223,Gunnellichthys pleurotaenia,Species,Gunnellichthys,40,ozfish,Gunnellichthys pleurotaenia,accepted,,0,278223,Gunnellichthys pleurotaenia,Species,Gunnellichthys,TRUE,ok,
367819,Pleurobranchaea californica,Species,Pleurobranchaea,40,fathomnet,Pleurobranchaea californica,accepted,,0,367819,Pleurobranchaea californica,Species,Pleurobranchaea,TRUE,ok,
123239,Benthopecten,Genus,Benthopecten,39,fathomnet,Benthopecten,accepted,,0,123239,Benthopecten,Genus,Benthopecten,TRUE,ok,
238741,Grimalditeuthis,Genus,Grimalditeuthis,39,fathomnet,Grimalditeuthis,accepted,,0,238741,Grimalditeuthis,Genus,Grimalditeuthis,TRUE,ok,
276870,Bathycongrus macrurus,Species,Bathycongrus,39,fathomnet,Bathycongrus macrurus,accepted,,0,276870,Bathycongrus macrurus,Species,Bathycongrus,TRUE,ok,
410402,Stigmatoteuthis dofleini,Species,Stigmatoteuthis,39,fathomnet,Stigmatoteuthis dofleini,accepted,,0,410402,Stigmatoteuthis dofleini,Species,Stigmatoteuthis,TRUE,ok,
107021,Hymenodora,Genus,Hymenodora,38,fathomnet,Hymenodora,accepted,,0,107021,Hymenodora,Genus,Hymenodora,TRUE,ok,
123390,Strongylocentrotus,Genus,Strongylocentrotus,38,fathomnet,Strongylocentrotus,accepted,,0,123390,Strongylocentrotus,Genus,Strongylocentrotus,TRUE,ok,
171837,Bolosoma,Genus,Bolosoma,38,fathomnet,Bolosoma,accepted,,0,171837,Bolosoma,Genus,Bolosoma,TRUE,ok,
218218,Epinephelus fuscoguttatus,Species,Epinephelus,38,ozfish,Epinephelus fuscoguttatus,accepted,,0,218218,Epinephelus fuscoguttatus,Species,Epinephelus,TRUE,ok,
241373,Apostichopus,Genus,Apostichopus,38,fathomnet,Apostichopus,accepted,,0,241373,Apostichopus,Genus,Apostichopus,TRUE,ok,
273065,Apogon pacificus,Species,Apogon,38,fathomnet,Apogon pacificus,accepted,,0,273065,Apogon pacificus,Species,Apogon,TRUE,ok,
273922,Siganus punctatus,Species,Siganus,38,ozfish,Siganus punctatus,accepted,,0,273922,Siganus punctatus,Species,Siganus,TRUE,ok,
274844,Sebastes ruberrimus,Species,Sebastes,38,fathomnet,Sebastes ruberrimus,accepted,,0,274844,Sebastes ruberrimus,Species,Sebastes,TRUE,ok,
280690,Eopsetta jordani,Species,Eopsetta,38,fathomnet,Eopsetta jordani,accepted,,0,280690,Eopsetta jordani,Species,Eopsetta,TRUE,ok,
382206,Provannidae,Family,,38,fathomnet,Provannidae,accepted,,0,382206,Provannidae,Family,,TRUE,ok,
723286,Heteropathes,Genus,Heteropathes,38,fathomnet,Heteropathes,accepted,,0,723286,Heteropathes,Genus,Heteropathes,TRUE,ok,
1609357,Malacalcyonacea,Order,,38,fathomnet,Malacalcyonacea,accepted,,0,1609357,Malacalcyonacea,Order,,TRUE,ok,
125270,Clavulariidae,Family,,37,fathomnet,Clavulariidae,accepted,,0,125270,Clavulariidae,Family,,TRUE,ok,
129107,Lamellibrachia,Genus,Lamellibrachia,37,fathomnet,Lamellibrachia,accepted,,0,129107,Lamellibrachia,Genus,Lamellibrachia,TRUE,ok,
274848,Sebastes saxicola,Species,Sebastes,37,fathomnet,Sebastes saxicola,accepted,,0,274848,Sebastes saxicola,Species,Sebastes,TRUE,ok,
380338,Dipsacaster eximius,Species,Dipsacaster,37,fathomnet,Dipsacaster eximius,accepted,,0,380338,Dipsacaster eximius,Species,Dipsacaster,TRUE,ok,
408873,Aulosphaera,Genus,Aulosphaera,37,fathomnet,Aulosphaera,accepted,,0,408873,Aulosphaera,Genus,Aulosphaera,TRUE,ok,
439300,Chorilia,Genus,Chorilia,37,fathomnet,Chorilia,accepted,,0,439300,Chorilia,Genus,Chorilia,TRUE,ok,
517255,Tergivelum baldwinae,Species,Tergivelum,37,fathomnet,Tergivelum baldwinae,accepted,,0,517255,Tergivelum baldwinae,Species,Tergivelum,TRUE,ok,
854424,Sicyonis careyi,Species,Sicyonis,37,fathomnet,Sicyonis careyi,accepted,,0,854424,Sicyonis careyi,Species,Sicyonis,TRUE,ok,
1605693,Antillimunida bapensis,Species,Antillimunida,37,fathomnet,Antillimunida bapensis,accepted,,0,1605693,Antillimunida bapensis,Species,Antillimunida,TRUE,ok,
106986,Eualus,Genus,Eualus,36,fathomnet,Eualus,accepted,,0,106986,Eualus,Genus,Eualus,TRUE,ok,
123088,Paxillosida,Order,,36,fathomnet,Paxillosida,accepted,,0,123088,Paxillosida,Order,,TRUE,ok,
217557,Nettastoma parviceps,Species,Nettastoma,36,fathomnet,Nettastoma parviceps,accepted,,0,217557,Nettastoma parviceps,Species,Nettastoma,TRUE,ok,
219683,Zebrasoma flavescens,Species,Zebrasoma,36,fathomnet,Zebrasoma flavescens,accepted,,0,219683,Zebrasoma flavescens,Species,Zebrasoma,TRUE,ok,
277507,Chlorurus microrhinos,Species,Chlorurus,36,ozfish,Chlorurus microrhinos,accepted,,0,277507,Chlorurus microrhinos,Species,Chlorurus,TRUE,ok,
284470,Branchiocerianthus imperator,Species,Branchiocerianthus,36,fathomnet,Branchiocerianthus imperator,accepted,,0,284470,Branchiocerianthus imperator,Species,Branchiocerianthus,TRUE,ok,
559444,Hormiphora californensis,Species,Hormiphora,36,fathomnet,Hormiphora californensis,accepted,,0,559444,Hormiphora californensis,Species,Hormiphora,TRUE,ok,
834998,Careproctus kamikawai,Species,Careproctus,36,fathomnet,Careproctus kamikawai,accepted,,0,834998,Careproctus kamikawai,Species,Careproctus,TRUE,ok,
103272,Phronima sedentaria,Species,Phronima,35,fathomnet,Phronima sedentaria,accepted,,0,103272,Phronima sedentaria,Species,Phronima,TRUE,ok,
106317,Beroidae,Family,,35,fathomnet,Beroidae,accepted,,0,106317,Beroidae,Family,,TRUE,ok,
123237,Zoroaster,Genus,Zoroaster,35,fathomnet,Zoroaster,accepted,,0,123237,Zoroaster,Genus,Zoroaster,TRUE,ok,
137694,Bathyteuthis,Genus,Bathyteuthis,35,fathomnet,Bathyteuthis,accepted,,0,137694,Bathyteuthis,Genus,Bathyteuthis,TRUE,ok,
159282,Holacanthus,Genus,Holacanthus,35,fathomnet,Holacanthus,accepted,,0,159282,Holacanthus,Genus,Holacanthus,TRUE,ok,
279397,Bothrocara brunneum,Species,Bothrocara,35,fathomnet,Bothrocara brunneum,accepted,,0,279397,Bothrocara brunneum,Species,Bothrocara,TRUE,ok,
283473,Stomphia didemon,Species,Stomphia,35,fathomnet,Stomphia didemon,accepted,,0,283473,Stomphia didemon,Species,Stomphia,TRUE,ok,
1039825,Ostiactis pearseae,Species,Ostiactis,35,fathomnet,Ostiactis pearseae,accepted,,0,1039825,Ostiactis pearseae,Species,Ostiactis,TRUE,ok,
100707,Actinoscyphia,Genus,Actinoscyphia,34,fathomnet,Actinoscyphia,accepted,,0,100707,Actinoscyphia,Genus,Actinoscyphia,TRUE,ok,
125805,Chaenophryne,Genus,Chaenophryne,34,fathomnet,Chaenophryne,accepted,,0,125805,Chaenophryne,Genus,Chaenophryne,TRUE,ok,
160784,Aporocidaris milleri,Species,Aporocidaris,34,fathomnet,Aporocidaris milleri,accepted,,0,160784,Aporocidaris milleri,Species,Aporocidaris,TRUE,ok,
196675,Craseoa,Genus,Craseoa,34,fathomnet,Craseoa,accepted,,0,196675,Craseoa,Genus,Craseoa,TRUE,ok,
217355,Loxodon macrorhinus,Species,Loxodon,34,ozfish,Loxodon macrorhinus,accepted,,0,217355,Loxodon macrorhinus,Species,Loxodon,TRUE,ok,
255003,Zalophus californianus,Species,Zalophus,34,fathomnet,Zalophus californianus,accepted,,0,255003,Zalophus californianus,Species,Zalophus,TRUE,ok,
281243,Labracinus lineatus,Species,Labracinus,34,ozfish,Labracinus lineatus,accepted,,0,281243,Labracinus lineatus,Species,Labracinus,TRUE,ok,
762387,Hippasteria muscipula,Species,Hippasteria,34,fathomnet,Hippasteria muscipula,accepted,,0,762387,Hippasteria muscipula,Species,Hippasteria,TRUE,ok,
1268,Sipuncula,Order,,33,fathomnet,Sipuncula,accepted,,0,1268,Sipuncula,Order,,TRUE,ok,
10216,Rajiformes,Order,,33,fathomnet,Rajiformes,accepted,,0,10216,Rajiformes,Order,,TRUE,ok,
106989,Lebbeus,Genus,Lebbeus,33,fathomnet,Lebbeus,accepted,,0,106989,Lebbeus,Genus,Lebbeus,TRUE,ok,
135350,Rhodaliidae,Family,,33,fathomnet,Rhodaliidae,accepted,,0,135350,Rhodaliidae,Family,,TRUE,ok,
137273,Salpa maxima,Species,Salpa,33,fathomnet,Salpa maxima,accepted,,0,137273,Salpa maxima,Species,Salpa,TRUE,ok,
221212,Ptychogena hyperborea,Species,Ptychogena,33,fathomnet,Ptychogena hyperborea,accepted,,0,221212,Ptychogena hyperborea,Species,Ptychogena,TRUE,ok,
224570,Caenogastropoda,Subclass,,33,fathomnet,Caenogastropoda,accepted,,0,224570,Caenogastropoda,Subclass,,TRUE,ok,
264871,Tjalfiellidae,Family,,33,fathomnet,Tjalfiellidae,accepted,,0,264871,Tjalfiellidae,Family,,TRUE,ok,
267835,Sibogagorgia,Genus,Sibogagorgia,33,fathomnet,Sibogagorgia,accepted,,0,267835,Sibogagorgia,Genus,Sibogagorgia,TRUE,ok,
278525,Lophiodes caulinaris,Species,Lophiodes,33,fathomnet,Lophiodes caulinaris,accepted,,0,278525,Lophiodes caulinaris,Species,Lophiodes,TRUE,ok,
286152,Iridogorgia bella,Species,Iridogorgia,33,fathomnet,Iridogorgia bella,accepted,,0,286152,Iridogorgia bella,Species,Iridogorgia,TRUE,ok,
342326,Gonatopsis borealis,Species,Gonatopsis,33,fathomnet,Gonatopsis borealis,accepted,,0,342326,Gonatopsis borealis,Species,Gonatopsis,TRUE,ok,
889341,Erenna insidiator,Species,Erenna,33,fathomnet,Erenna insidiator,accepted,,0,889341,Erenna insidiator,Species,Erenna,TRUE,ok,
1267,Cnidaria,Phylum,,32,fathomnet,Cnidaria,accepted,,0,1267,Cnidaria,Phylum,,TRUE,ok,
16349,Narcomedusae,Order,,32,fathomnet,Narcomedusae,accepted,,0,16349,Narcomedusae,Order,,TRUE,ok,
106393,Bolinopsis infundibulum,Species,Bolinopsis,32,fathomnet,Bolinopsis infundibulum,accepted,,0,106393,Bolinopsis infundibulum,Species,Bolinopsis,TRUE,ok,
123276,Henricia,Genus,Henricia,32,fathomnet,Henricia,accepted,,0,123276,Henricia,Genus,Henricia,TRUE,ok,
126104,Lycodes,Genus,Lycodes,32,fathomnet,Lycodes,accepted,,0,126104,Lycodes,Genus,Lycodes,TRUE,ok,
129096,Siboglinidae,Family,,32,fathomnet,Siboglinidae,accepted,,0,129096,Siboglinidae,Family,,TRUE,ok,
131689,Farreidae,Family,,32,fathomnet,Farreidae,accepted,,0,131689,Farreidae,Family,,TRUE,ok,
181386,Cranchia scabra,Species,Cranchia,32,fathomnet,Cranchia scabra,accepted,,0,181386,Cranchia scabra,Species,Cranchia,TRUE,ok,
219995,Caesio caerulaurea,Species,Caesio,32,ozfish,Caesio caerulaurea,accepted,,0,219995,Caesio caerulaurea,Species,Caesio,TRUE,ok,
273279,Decapterus muroadsi,Species,Decapterus,32,ozfish,Decapterus muroadsi,accepted,,0,273279,Decapterus muroadsi,Species,Decapterus,TRUE,ok,
276539,Lutjanus guttatus,Species,Lutjanus,32,fathomnet,Lutjanus guttatus,accepted,,0,276539,Lutjanus guttatus,Species,Lutjanus,TRUE,ok,
278002,Oxycheilinus unifasciatus,Species,Oxycheilinus,32,ozfish,Oxycheilinus unifasciatus,accepted,,0,278002,Oxycheilinus unifasciatus,Species,Oxycheilinus,TRUE,ok,
278530,Lophiodes miacanthus,Species,Lophiodes,32,fathomnet,Lophiodes miacanthus,accepted,,0,278530,Lophiodes miacanthus,Species,Lophiodes,TRUE,ok,
279298,Eptatretus stoutii,Species,Eptatretus,32,fathomnet,Eptatretus stoutii,accepted,,0,279298,Eptatretus stoutii,Species,Eptatretus,TRUE,ok,
384681,Arctomelon stearnsii,Species,Arctomelon,32,fathomnet,Arctomelon stearnsii,accepted,,0,384681,Arctomelon stearnsii,Species,Arctomelon,TRUE,ok,
430686,Sphaeronectes christiansonae,Species,Sphaeronectes,32,fathomnet,Sphaeronectes christiansonae,accepted,,0,430686,Sphaeronectes christiansonae,Species,Sphaeronectes,TRUE,ok,
57,Neoloricata,Subclass,,31,fathomnet,Neoloricata,accepted,,0,57,Neoloricata,Subclass,,TRUE,ok,
111,Fissurellidae,Family,,31,fathomnet,Fissurellidae,accepted,,0,111,Fissurellidae,Family,,TRUE,ok,
100709,Actinostola,Genus,Actinostola,31,fathomnet,Actinostola,accepted,,0,100709,Actinostola,Genus,Actinostola,TRUE,ok,
135385,Agalma,Genus,Agalma,31,fathomnet,Agalma,accepted,,0,135385,Agalma,Genus,Agalma,TRUE,ok,
137217,Salpidae,Family,,31,fathomnet,Salpidae,accepted,,0,137217,Salpidae,Family,,TRUE,ok,
150637,Eutrigla gurnardus,Species,Eutrigla,31,yolo-bruv,Eutrigla gurnardus,accepted,,0,150637,Eutrigla gurnardus,Species,Eutrigla,TRUE,ok,
218500,Macolor macularis,Species,Macolor,31,ozfish,Macolor macularis,accepted,,0,218500,Macolor macularis,Species,Macolor,TRUE,ok,
240745,Ophiodon elongatus,Species,Ophiodon,31,fathomnet,Ophiodon elongatus,accepted,,0,240745,Ophiodon elongatus,Species,Ophiodon,TRUE,ok,
265827,Thalassocalyce inconstans,Species,Thalassocalyce,31,fathomnet,Thalassocalyce inconstans,accepted,,0,265827,Thalassocalyce inconstans,Species,Thalassocalyce,TRUE,ok,
341428,Gonatopsis,Genus,Gonatopsis,31,fathomnet,Gonatopsis,accepted,,0,341428,Gonatopsis,Genus,Gonatopsis,TRUE,ok,
341855,Gonatus berryi,Species,Gonatus,31,fathomnet,Gonatus berryi,accepted,,0,341855,Gonatus berryi,Species,Gonatus,TRUE,ok,
730564,Docosaccus maculatus,Species,Docosaccus,31,fathomnet,Docosaccus maculatus,accepted,,0,730564,Docosaccus maculatus,Species,Docosaccus,TRUE,ok,
762391,Hippasteria lepidonotus,Species,Hippasteria,31,fathomnet,Hippasteria lepidonotus,accepted,,0,762391,Hippasteria lepidonotus,Species,Hippasteria,TRUE,ok,
1496012,Ramuligorgia militaris,Species,Ramuligorgia,31,fathomnet,Ramuligorgia militaris,accepted,,0,1496012,Ramuligorgia militaris,Species,Ramuligorgia,TRUE,ok,
1601,Hydractiniidae,Family,,30,fathomnet,Hydractiniidae,accepted,,0,1601,Hydractiniidae,Family,,TRUE,ok,
104040,Terebratulina,Genus,Terebratulina,30,fathomnet,Terebratulina,accepted,,0,104040,Terebratulina,Genus,Terebratulina,TRUE,ok,
105814,Scyliorhinus canicula,Species,Scyliorhinus,30,yolo-bruv,Scyliorhinus canicula,accepted,,0,105814,Scyliorhinus canicula,Species,Scyliorhinus,TRUE,ok,
137272,Salpa fusiformis,Species,Salpa,30,fathomnet,Salpa fusiformis,accepted,,0,137272,Salpa fusiformis,Species,Salpa,TRUE,ok,
160734,Echinothuriidae,Family,,30,fathomnet,Echinothuriidae,accepted,,0,160734,Echinothuriidae,Family,,TRUE,ok,
212074,Lethrinus erythropterus,Species,Lethrinus,30,ozfish,Lethrinus erythropterus,accepted,,0,212074,Lethrinus erythropterus,Species,Lethrinus,TRUE,ok,
218932,Bodianus bilunulatus,Species,Bodianus,30,ozfish,Bodianus bilunulatus,accepted,,0,218932,Bodianus bilunulatus,Species,Bodianus,TRUE,ok,
272560,Gigantactis gargantua,Species,Gigantactis,30,fathomnet,Gigantactis gargantua,accepted,,0,272560,Gigantactis gargantua,Species,Gigantactis,TRUE,ok,
273352,Chaetodon ornatissimus,Species,Chaetodon,30,ozfish,Chaetodon ornatissimus,accepted,,0,273352,Chaetodon ornatissimus,Species,Chaetodon,TRUE,ok,
274781,Sebastes chlorostictus,Species,Sebastes,30,fathomnet,Sebastes chlorostictus,accepted,,0,274781,Sebastes chlorostictus,Species,Sebastes,TRUE,ok,
278899,Hipposcarus longiceps,Species,Hipposcarus,30,ozfish,Hipposcarus longiceps,accepted,,0,278899,Hipposcarus longiceps,Species,Hipposcarus,TRUE,ok,
514273,Hymenodora frontalis,Species,Hymenodora,30,fathomnet,Hymenodora frontalis,accepted,,0,514273,Hymenodora frontalis,Species,Hymenodora,TRUE,ok,
100685,Corallimorphidae,Family,,29,fathomnet,Corallimorphidae,accepted,,0,100685,Corallimorphidae,Family,,TRUE,ok,
106055,Scalpellidae,Family,,29,fathomnet,Scalpellidae,accepted,,0,106055,Scalpellidae,Family,,TRUE,ok,
117264,Aegina rosea,Species,Aegina,29,fathomnet,Aegina rosea,accepted,,0,117264,Aegina rosea,Species,Aegina,TRUE,ok,
125518,Apogonidae,Family,,29,fathomnet|ozfish,Apogonidae,accepted,,0,125518,Apogonidae,Family,,TRUE,ok,
128504,Anthoptilum grandiflorum,Species,Anthoptilum,29,fathomnet,Anthoptilum grandiflorum,accepted,,0,128504,Anthoptilum grandiflorum,Species,Anthoptilum,TRUE,ok,
132102,Chonelasma,Genus,Chonelasma,29,fathomnet,Chonelasma,accepted,,0,132102,Chonelasma,Genus,Chonelasma,TRUE,ok,
171884,Walteria flemmingii,Species,Walteria,29,fathomnet,Walteria flemmingii,accepted,,0,171884,Walteria flemmingii,Species,Walteria,TRUE,ok,
205273,Diomedea,Genus,Diomedea,29,fathomnet,Diomedea,accepted,,0,205273,Diomedea,Genus,Diomedea,TRUE,ok,
272326,Coryphaenoides cinereus,Species,Coryphaenoides,29,fathomnet,Coryphaenoides cinereus,accepted,,0,272326,Coryphaenoides cinereus,Species,Coryphaenoides,TRUE,ok,
272613,Dibranchus spinosus,Species,Dibranchus,29,fathomnet,Dibranchus spinosus,accepted,,0,272613,Dibranchus spinosus,Species,Dibranchus,TRUE,ok,
505422,Acesta sphoni,Species,Acesta,29,fathomnet,Acesta sphoni,accepted,,0,505422,Acesta sphoni,Species,Acesta,TRUE,ok,
589796,Cerataspis monstrosus,Species,Cerataspis,29,fathomnet,Cerataspis monstrosus,accepted,,0,589796,Cerataspis monstrosus,Species,Cerataspis,TRUE,ok,
124154,Crossaster papposus,Species,Crossaster,28,fathomnet,Crossaster papposus,accepted,,0,124154,Crossaster papposus,Species,Crossaster,TRUE,ok,
125849,Cataetyx,Genus,Cataetyx,28,fathomnet,Cataetyx,accepted,,0,125849,Cataetyx,Genus,Cataetyx,TRUE,ok,
126807,Decapterus macarellus,Species,Decapterus,28,ozfish,Decapterus macarellus,accepted,,0,126807,Decapterus macarellus,Species,Decapterus,TRUE,ok,
127121,Pachycara bulbiceps,Species,Pachycara,28,fathomnet,Pachycara bulbiceps,accepted,,0,127121,Pachycara bulbiceps,Species,Pachycara,TRUE,ok,
127143,Pleuronectes platessa,Species,Pleuronectes,28,yolo-bruv,Pleuronectes platessa,accepted,,0,127143,Pleuronectes platessa,Species,Pleuronectes,TRUE,ok,
135372,Lilyopsis,Genus,Lilyopsis,28,fathomnet,Lilyopsis,accepted,,0,135372,Lilyopsis,Genus,Lilyopsis,TRUE,ok,
169507,Stelodoryx,Genus,Stelodoryx,28,fathomnet,Stelodoryx,accepted,,0,169507,Stelodoryx,Genus,Stelodoryx,TRUE,ok,
171858,Dictyaulus,Genus,Dictyaulus,28,fathomnet,Dictyaulus,accepted,,0,171858,Dictyaulus,Genus,Dictyaulus,TRUE,ok,
206458,Hipposcarus,Genus,Hipposcarus,28,ozfish,Hipposcarus,accepted,,0,206458,Hipposcarus,Genus,Hipposcarus,TRUE,ok,
219884,Pseudobalistes flavimarginatus,Species,Pseudobalistes,28,ozfish,Pseudobalistes flavimarginatus,accepted,,0,219884,Pseudobalistes flavimarginatus,Species,Pseudobalistes,TRUE,ok,
249571,Megalodicopia,Genus,Megalodicopia,28,fathomnet,Megalodicopia,accepted,,0,249571,Megalodicopia,Genus,Megalodicopia,TRUE,ok,
267397,Dofleinia,Genus,Dofleinia,28,fathomnet,Dofleinia,accepted,,0,267397,Dofleinia,Genus,Dofleinia,TRUE,ok,
273355,Chaetodon punctatofasciatus,Species,Chaetodon,28,ozfish,Chaetodon punctatofasciatus,accepted,,0,273355,Chaetodon punctatofasciatus,Species,Chaetodon,TRUE,ok,
277278,Choerodon rubescens,Species,Choerodon,28,ozfish,Choerodon rubescens,accepted,,0,277278,Choerodon rubescens,Species,Choerodon,TRUE,ok,
423366,Eualus suckleyi,Species,Eualus,28,fathomnet,Eualus suckleyi,accepted,,0,423366,Eualus suckleyi,Species,Eualus,TRUE,ok,
719527,Notobranchaea grandis,Species,Notobranchaea,28,fathomnet,Notobranchaea grandis,accepted,,0,719527,Notobranchaea grandis,Species,Notobranchaea,TRUE,ok,
730558,Bathydorus laniger,Species,Bathydorus,28,fathomnet,Bathydorus laniger,accepted,,0,730558,Bathydorus laniger,Species,Bathydorus,TRUE,ok,
994317,Alternatipathes,Genus,Alternatipathes,28,fathomnet,Alternatipathes,accepted,,0,994317,Alternatipathes,Genus,Alternatipathes,TRUE,ok,
101395,Lysianassidae,Family,,27,fathomnet,Lysianassidae,accepted,,0,101395,Lysianassidae,Family,,TRUE,ok,
109566,Prorocentrum,Genus,Prorocentrum,27,fathomnet,Prorocentrum,accepted,,0,109566,Prorocentrum,Genus,Prorocentrum,TRUE,ok,
123330,Pythonaster,Genus,Pythonaster,27,fathomnet,Pythonaster,accepted,,0,123330,Pythonaster,Genus,Pythonaster,TRUE,ok,
123601,Ophioplinthaca,Genus,Ophioplinthaca,27,fathomnet,Ophioplinthaca,accepted,,0,123601,Ophioplinthaca,Genus,Ophioplinthaca,TRUE,ok,
158952,Coryphaenoides armatus,Species,Coryphaenoides,27,fathomnet,Coryphaenoides armatus,accepted,,0,158952,Coryphaenoides armatus,Species,Coryphaenoides,TRUE,ok,
171836,Bolosominae,Subfamily,,27,fathomnet,Bolosominae,accepted,,0,171836,Bolosominae,Subfamily,,TRUE,ok,
196538,Physophora gilmeri,Species,Physophora,27,fathomnet,Physophora gilmeri,accepted,,0,196538,Physophora gilmeri,Species,Physophora,TRUE,ok,
280077,Cephalurus cephalus,Species,Cephalurus,27,fathomnet,Cephalurus cephalus,accepted,,0,280077,Cephalurus cephalus,Species,Cephalurus,TRUE,ok,
280696,Eretmichthys pinnatus,Species,Eretmichthys,27,fathomnet,Eretmichthys pinnatus,accepted,,0,280696,Eretmichthys pinnatus,Species,Eretmichthys,TRUE,ok,
283171,Xeneretmus latifrons,Species,Xeneretmus,27,fathomnet,Xeneretmus latifrons,accepted,,0,283171,Xeneretmus latifrons,Species,Xeneretmus,TRUE,ok,
381961,Poraniopsis inflata,Species,Poraniopsis,27,fathomnet,Poraniopsis inflata,accepted,,0,381961,Poraniopsis inflata,Species,Poraniopsis,TRUE,ok,
1071,Malacostraca,Class,,26,fathomnet,Malacostraca,accepted,,0,1071,Malacostraca,Class,,TRUE,ok,
1269,Echiura,Subclass,,26,fathomnet,Echiura,accepted,,0,1269,Echiura,Subclass,,TRUE,ok,
117083,Eutonina,Genus,Eutonina,26,fathomnet,Eutonina,accepted,,0,117083,Eutonina,Genus,Eutonina,TRUE,ok,
125595,Scorpaenidae,Family,,26,fathomnet|ozfish,Scorpaenidae,accepted,,0,125595,Scorpaenidae,Family,,TRUE,ok,
125913,Apogon,Genus,Apogon,26,ozfish,Apogon,accepted,,0,125913,Apogon,Genus,Apogon,TRUE,ok,
171415,Hyalonema (Corynonema),Subgenus,Hyalonema,26,fathomnet,Hyalonema (Corynonema),accepted,,0,171415,Hyalonema (Corynonema),Subgenus,Hyalonema,TRUE,ok,
171966,Acanthascus,Genus,Acanthascus,26,fathomnet,Acanthascus,accepted,,0,171966,Acanthascus,Genus,Acanthascus,TRUE,ok,
218766,Heniochus singularius,Species,Heniochus,26,ozfish,Heniochus singularius,accepted,,0,218766,Heniochus singularius,Species,Heniochus,TRUE,ok,
218960,Coris gaimard,Species,Coris,26,ozfish,Coris gaimard,accepted,,0,218960,Coris gaimard,Species,Coris,TRUE,ok,
219125,Scarus psittacus,Species,Scarus,26,ozfish,Scarus psittacus,accepted,,0,219125,Scarus psittacus,Species,Scarus,TRUE,ok,
231637,Latrunculia (Latrunculia),Subgenus,Latrunculia,26,fathomnet,Latrunculia (Latrunculia),accepted,,0,231637,Latrunculia (Latrunculia),Subgenus,Latrunculia,TRUE,ok,
265008,Osedax,Genus,Osedax,26,fathomnet,Osedax,accepted,,0,265008,Osedax,Genus,Osedax,TRUE,ok,
274685,Pontinus furcirhinus,Species,Pontinus,26,fathomnet,Pontinus furcirhinus,accepted,,0,274685,Pontinus furcirhinus,Species,Pontinus,TRUE,ok,
278179,Pseudochromis fuscus,Species,Pseudochromis,26,ozfish,Pseudochromis fuscus,accepted,,0,278179,Pseudochromis fuscus,Species,Pseudochromis,TRUE,ok,
278269,Torquigener pallimaculatus,Species,Torquigener,26,ozfish,Torquigener pallimaculatus,accepted,,0,278269,Torquigener pallimaculatus,Species,Torquigener,TRUE,ok,
280924,Gonioplectrus hispanus,Species,Gonioplectrus,26,fathomnet,Gonioplectrus hispanus,accepted,,0,280924,Gonioplectrus hispanus,Species,Gonioplectrus,TRUE,ok,
282012,Parachaetodon ocellatus,Species,Parachaetodon,26,ozfish,Parachaetodon ocellatus,accepted,,0,282012,Parachaetodon ocellatus,Species,Parachaetodon,TRUE,ok,
342364,Magnapinna pacifica,Species,Magnapinna,26,fathomnet,Magnapinna pacifica,accepted,,0,342364,Magnapinna pacifica,Species,Magnapinna,TRUE,ok,
1310482,Sternostylus perarmatus,Species,Sternostylus,26,fathomnet,Sternostylus perarmatus,accepted,,0,1310482,Sternostylus perarmatus,Species,Sternostylus,TRUE,ok,
106731,Sergestidae,Family,,25,fathomnet,Sergestidae,accepted,,0,106731,Sergestidae,Family,,TRUE,ok,
117143,Ptychogena,Genus,Ptychogena,25,fathomnet,Ptychogena,accepted,,0,117143,Ptychogena,Genus,Ptychogena,TRUE,ok,
123155,Hyocrinidae,Family,,25,fathomnet,Hyocrinidae,accepted,,0,123155,Hyocrinidae,Family,,TRUE,ok,
124951,Asteronyx loveni,Species,Asteronyx,25,fathomnet,Asteronyx loveni,accepted,,0,124951,Asteronyx loveni,Species,Asteronyx,TRUE,ok,
281452,Lyopsetta exilis,Species,Lyopsetta,25,fathomnet,Lyopsetta exilis,accepted,,0,281452,Lyopsetta exilis,Species,Lyopsetta,TRUE,ok,
738388,Apolemia rubriversa,Species,Apolemia,25,fathomnet,Apolemia rubriversa,accepted,,0,738388,Apolemia rubriversa,Species,Apolemia,TRUE,ok,
117743,Melicertum octocostatum,Species,Melicertum,24,fathomnet,Melicertum octocostatum,accepted,,0,117743,Melicertum octocostatum,Species,Melicertum,TRUE,ok,
123529,Benthodytes,Genus,Benthodytes,24,fathomnet,Benthodytes,accepted,,0,123529,Benthodytes,Genus,Benthodytes,TRUE,ok,
125839,Halosaurus,Genus,Halosaurus,24,fathomnet,Halosaurus,accepted,,0,125839,Halosaurus,Genus,Halosaurus,TRUE,ok,
127006,Rachycentron canadum,Species,Rachycentron,24,ozfish,Rachycentron canadum,accepted,,0,127006,Rachycentron canadum,Species,Rachycentron,TRUE,ok,
135436,Lensia multicristata,Species,Lensia,24,fathomnet,Lensia multicristata,accepted,,0,135436,Lensia multicristata,Species,Lensia,TRUE,ok,
135502,Forskalia formosa,Species,Forskalia,24,fathomnet,Forskalia formosa,accepted,,0,135502,Forskalia formosa,Species,Forskalia,TRUE,ok,
146121,Psolus,Genus,Psolus,24,fathomnet,Psolus,accepted,,0,146121,Psolus,Genus,Psolus,TRUE,ok,
146534,Balticina,Genus,Balticina,24,fathomnet,Balticina,accepted,,0,146534,Balticina,Genus,Balticina,TRUE,ok,
153683,Stolonifera,Suborder,,24,fathomnet,Stolonifera,accepted,,0,153683,Stolonifera,Suborder,,TRUE,ok,
177833,Calyptrophora,Genus,Calyptrophora,24,fathomnet,Calyptrophora,accepted,,0,177833,Calyptrophora,Genus,Calyptrophora,TRUE,ok,
219076,Calotomus carolinus,Species,Calotomus,24,ozfish,Calotomus carolinus,accepted,,0,219076,Calotomus carolinus,Species,Calotomus,TRUE,ok,
219875,Balistoides viridescens,Species,Balistoides,24,ozfish,Balistoides viridescens,accepted,,0,219875,Balistoides viridescens,Species,Balistoides,TRUE,ok,
277005,Parapercis multiplicata,Species,Parapercis,24,ozfish,Parapercis multiplicata,accepted,,0,277005,Parapercis multiplicata,Species,Parapercis,TRUE,ok,
277159,Pomacentrus moluccensis,Species,Pomacentrus,24,ozfish,Pomacentrus moluccensis,accepted,,0,277159,Pomacentrus moluccensis,Species,Pomacentrus,TRUE,ok,
277813,Parupeneus chrysopleuron,Species,Parupeneus,24,ozfish,Parupeneus chrysopleuron,accepted,,0,277813,Parupeneus chrysopleuron,Species,Parupeneus,TRUE,ok,
278004,Naso caesius,Species,Naso,24,ozfish,Naso caesius,accepted,,0,278004,Naso caesius,Species,Naso,TRUE,ok,
280778,Feroxodon multistriatus,Species,Feroxodon,24,ozfish,Feroxodon multistriatus,accepted,,0,280778,Feroxodon multistriatus,Species,Feroxodon,TRUE,ok,
1045634,Victorgorgia alba,Species,Victorgorgia,24,fathomnet,Victorgorgia alba,accepted,,0,1045634,Victorgorgia alba,Species,Victorgorgia,TRUE,ok,
106760,Majidae,Family,,23,fathomnet,Majidae,accepted,,0,106760,Majidae,Family,,TRUE,ok,
118256,Ischnomesidae,Family,,23,fathomnet,Ischnomesidae,accepted,,0,118256,Ischnomesidae,Family,,TRUE,ok,
119822,Mysidae,Family,,23,fathomnet,Mysidae,accepted,,0,119822,Mysidae,Family,,TRUE,ok,
123403,Tromikosoma,Genus,Tromikosoma,23,fathomnet,Tromikosoma,accepted,,0,123403,Tromikosoma,Genus,Tromikosoma,TRUE,ok,
125297,Radicipes,Genus,Radicipes,23,fathomnet,Radicipes,accepted,,0,125297,Radicipes,Genus,Radicipes,TRUE,ok,
125856,Bassozetus,Genus,Bassozetus,23,fathomnet,Bassozetus,accepted,,0,125856,Bassozetus,Genus,Bassozetus,TRUE,ok,
128497,Distichoptilum,Genus,Distichoptilum,23,fathomnet,Distichoptilum,accepted,,0,128497,Distichoptilum,Genus,Distichoptilum,TRUE,ok,
135452,Vogtia serrata,Species,Vogtia,23,fathomnet,Vogtia serrata,accepted,,0,135452,Vogtia serrata,Species,Vogtia,TRUE,ok,
139047,Hyalocylis striata,Species,Hyalocylis,23,fathomnet,Hyalocylis striata,accepted,,0,139047,Hyalocylis striata,Species,Hyalocylis,TRUE,ok,
173875,Psathyrometra,Genus,Psathyrometra,23,fathomnet,Psathyrometra,accepted,,0,173875,Psathyrometra,Genus,Psathyrometra,TRUE,ok,
235265,Laqueus,Genus,Laqueus,23,fathomnet,Laqueus,accepted,,0,235265,Laqueus,Genus,Laqueus,TRUE,ok,
274562,Paraliparis cephalus,Species,Paraliparis,23,fathomnet,Paraliparis cephalus,accepted,,0,274562,Paraliparis cephalus,Species,Paraliparis,TRUE,ok,
274847,Sebastes rufus,Species,Sebastes,23,fathomnet,Sebastes rufus,accepted,,0,274847,Sebastes rufus,Species,Sebastes,TRUE,ok,
1607500,Grimothea quadrispina,Species,Grimothea,23,fathomnet,Grimothea quadrispina,accepted,,0,1607500,Grimothea quadrispina,Species,Grimothea,TRUE,ok,
920,Acrocirridae,Family,,22,fathomnet,Acrocirridae,accepted,,0,920,Acrocirridae,Family,,TRUE,ok,
16350,Trachymedusae,Order,,22,fathomnet,Trachymedusae,accepted,,0,16350,Trachymedusae,Order,,TRUE,ok,
103367,Oikopleura,Genus,Oikopleura,22,fathomnet,Oikopleura,accepted,,0,103367,Oikopleura,Genus,Oikopleura,TRUE,ok,
125515,Acanthuridae,Family,,22,fathomnet,Acanthuridae,accepted,,0,125515,Acanthuridae,Family,,TRUE,ok,
125541,Labridae,Family,,22,fathomnet|ozfish,Labridae,accepted,,0,125541,Labridae,Family,,TRUE,ok,
135190,Enallopsammia rostrata,Species,Enallopsammia,22,fathomnet,Enallopsammia rostrata,accepted,,0,135190,Enallopsammia rostrata,Species,Enallopsammia,TRUE,ok,
137751,Clio,Genus,Clio,22,fathomnet,Clio,accepted,,0,137751,Clio,Genus,Clio,TRUE,ok,
146953,Gersemia,Genus,Gersemia,22,fathomnet,Gersemia,accepted,,0,146953,Gersemia,Genus,Gersemia,TRUE,ok,
159259,Tylosurus crocodilus,Species,Tylosurus,22,ozfish,Tylosurus crocodilus,accepted,,0,159259,Tylosurus crocodilus,Species,Tylosurus,TRUE,ok,
159491,Aluterus scriptus,Species,Aluterus,22,ozfish,Aluterus scriptus,accepted,,0,159491,Aluterus scriptus,Species,Aluterus,TRUE,ok,
211780,Centropyge bicolor,Species,Centropyge,22,ozfish,Centropyge bicolor,accepted,,0,211780,Centropyge bicolor,Species,Centropyge,TRUE,ok,
219004,Iniistius pavo,Species,Iniistius,22,ozfish,Iniistius pavo,accepted,,0,219004,Iniistius pavo,Species,Iniistius,TRUE,ok,
219035,Novaculichthys taeniourus,Species,Novaculichthys,22,ozfish,Novaculichthys taeniourus,accepted,,0,219035,Novaculichthys taeniourus,Species,Novaculichthys,TRUE,ok,
219334,Plagiotremus rhinorhynchos,Species,Plagiotremus,22,ozfish,Plagiotremus rhinorhynchos,accepted,,0,219334,Plagiotremus rhinorhynchos,Species,Plagiotremus,TRUE,ok,
219957,Lagocephalus lunaris,Species,Lagocephalus,22,ozfish,Lagocephalus lunaris,accepted,,0,219957,Lagocephalus lunaris,Species,Lagocephalus,TRUE,ok,
276025,Pomacanthus paru,Species,Pomacanthus,22,fathomnet,Pomacanthus paru,accepted,,0,276025,Pomacanthus paru,Species,Pomacanthus,TRUE,ok,
276046,Scarus forsteni,Species,Scarus,22,ozfish,Scarus forsteni,accepted,,0,276046,Scarus forsteni,Species,Scarus,TRUE,ok,
277266,Choerodon cephalotes,Species,Choerodon,22,ozfish,Choerodon cephalotes,accepted,,0,277266,Choerodon cephalotes,Species,Choerodon,TRUE,ok,
277558,Hologymnosus rhodonotus,Species,Hologymnosus,22,ozfish,Hologymnosus rhodonotus,accepted,,0,277558,Hologymnosus rhodonotus,Species,Hologymnosus,TRUE,ok,
278006,Naso lopezi,Species,Naso,22,ozfish,Naso lopezi,accepted,,0,278006,Naso lopezi,Species,Naso,TRUE,ok,
283836,Corynactis californica,Species,Corynactis,22,fathomnet,Corynactis californica,accepted,,0,283836,Corynactis californica,Species,Corynactis,TRUE,ok,
291570,Asthenactis,Genus,Asthenactis,22,fathomnet,Asthenactis,accepted,,0,291570,Asthenactis,Genus,Asthenactis,TRUE,ok,
371986,Ecklonia cava,Species,Ecklonia,22,fathomnet,Ecklonia cava,accepted,,0,371986,Ecklonia cava,Species,Ecklonia,TRUE,ok,
528619,Hansenothuria,Genus,Hansenothuria,22,fathomnet,Hansenothuria,accepted,,0,528619,Hansenothuria,Genus,Hansenothuria,TRUE,ok,
117248,Modeeria,Genus,Modeeria,21,fathomnet,Modeeria,accepted,,0,117248,Modeeria,Genus,Modeeria,TRUE,ok,
123291,Ceramaster,Genus,Ceramaster,21,fathomnet,Ceramaster,accepted,,0,123291,Ceramaster,Genus,Ceramaster,TRUE,ok,
126406,Cetostoma regani,Species,Cetostoma,21,fathomnet,Cetostoma regani,accepted,,0,126406,Cetostoma regani,Species,Cetostoma,TRUE,ok,
128489,Anthoptilum,Genus,Anthoptilum,21,fathomnet,Anthoptilum,accepted,,0,128489,Anthoptilum,Genus,Anthoptilum,TRUE,ok,
138265,Bathypolypus,Genus,Bathypolypus,21,fathomnet,Bathypolypus,accepted,,0,138265,Bathypolypus,Genus,Bathypolypus,TRUE,ok,
159376,Holocentrus,Genus,Holocentrus,21,fathomnet,Holocentrus,accepted,,0,159376,Holocentrus,Genus,Holocentrus,TRUE,ok,
171713,Heterorete,Genus,Heterorete,21,fathomnet,Heterorete,accepted,,0,171713,Heterorete,Genus,Heterorete,TRUE,ok,
171844,Saccocalyx,Genus,Saccocalyx,21,fathomnet,Saccocalyx,accepted,,0,171844,Saccocalyx,Genus,Saccocalyx,TRUE,ok,
171852,Atlantisella,Genus,Atlantisella,21,fathomnet,Atlantisella,accepted,,0,171852,Atlantisella,Genus,Atlantisella,TRUE,ok,
218228,Epinephelus merra,Species,Epinephelus,21,ozfish,Epinephelus merra,accepted,,0,218228,Epinephelus merra,Species,Epinephelus,TRUE,ok,
571625,Cystechinus giganteus,Species,Cystechinus,21,fathomnet,Cystechinus giganteus,accepted,,0,571625,Cystechinus giganteus,Species,Cystechinus,TRUE,ok,
16842,Rhopalonematidae,Family,,20,fathomnet,Rhopalonematidae,accepted,,0,16842,Rhopalonematidae,Family,,TRUE,ok,
106749,Cancridae,Family,,20,fathomnet,Cancridae,accepted,,0,106749,Cancridae,Family,,TRUE,ok,
107044,Pandalus,Genus,Pandalus,20,fathomnet,Pandalus,accepted,,0,107044,Pandalus,Genus,Pandalus,TRUE,ok,
123427,Brisaster,Genus,Brisaster,20,fathomnet,Brisaster,accepted,,0,123427,Brisaster,Genus,Brisaster,TRUE,ok,
126637,Aldrovandia affinis,Species,Aldrovandia,20,fathomnet,Aldrovandia affinis,accepted,,0,126637,Aldrovandia affinis,Species,Aldrovandia,TRUE,ok,
135264,Deepstaria,Genus,Deepstaria,20,fathomnet,Deepstaria,accepted,,0,135264,Deepstaria,Genus,Deepstaria,TRUE,ok,
212211,Thalassoma quinquevittatum,Species,Thalassoma,20,ozfish,Thalassoma quinquevittatum,accepted,,0,212211,Thalassoma quinquevittatum,Species,Thalassoma,TRUE,ok,
218783,Chrysiptera glauca,Species,Chrysiptera,20,ozfish,Chrysiptera glauca,accepted,,0,218783,Chrysiptera glauca,Species,Chrysiptera,TRUE,ok,
218945,Cheilinus undulatus,Species,Cheilinus,20,ozfish,Cheilinus undulatus,accepted,,0,218945,Cheilinus undulatus,Species,Cheilinus,TRUE,ok,
219144,Parapercis xanthozona,Species,Parapercis,20,ozfish,Parapercis xanthozona,accepted,,0,219144,Parapercis xanthozona,Species,Parapercis,TRUE,ok,
219621,Ptereleotris monoptera,Species,Ptereleotris,20,ozfish,Ptereleotris monoptera,accepted,,0,219621,Ptereleotris monoptera,Species,Ptereleotris,TRUE,ok,
266964,Schizopathidae,Family,,20,fathomnet,Schizopathidae,accepted,,0,266964,Schizopathidae,Family,,TRUE,ok,
267770,Pseudoanthomastus,Genus,Pseudoanthomastus,20,fathomnet,Pseudoanthomastus,accepted,,0,267770,Pseudoanthomastus,Genus,Pseudoanthomastus,TRUE,ok,
273548,Coris auricularis,Species,Coris,20,ozfish,Coris auricularis,accepted,,0,273548,Coris auricularis,Species,Coris,TRUE,ok,
276248,Cantherhines dumerilii,Species,Cantherhines,20,ozfish,Cantherhines dumerilii,accepted,,0,276248,Cantherhines dumerilii,Species,Cantherhines,TRUE,ok,
276256,Monacanthus chinensis,Species,Monacanthus,20,ozfish,Monacanthus chinensis,accepted,,0,276256,Monacanthus chinensis,Species,Monacanthus,TRUE,ok,
278217,Rhynchobatus australiae,Species,Rhynchobatus,20,ozfish,Rhynchobatus australiae,accepted,,0,278217,Rhynchobatus australiae,Species,Rhynchobatus,TRUE,ok,
278918,Paramonacanthus choirocephalus,Species,Paramonacanthus,20,ozfish,Paramonacanthus choirocephalus,accepted,,0,278918,Paramonacanthus choirocephalus,Species,Paramonacanthus,TRUE,ok,
280391,Coradion chrysozonus,Species,Coradion,20,ozfish,Coradion chrysozonus,accepted,,0,280391,Coradion chrysozonus,Species,Coradion,TRUE,ok,
283780,Sagartiogeton californicus,Species,Sagartiogeton,20,fathomnet,Sagartiogeton californicus,accepted,,0,283780,Sagartiogeton californicus,Species,Sagartiogeton,TRUE,ok,
292719,Lophaster furcilliger,Species,Lophaster,20,fathomnet,Lophaster furcilliger,accepted,,0,292719,Lophaster furcilliger,Species,Lophaster,TRUE,ok,
430688,Sphaeronectes tiburonae,Species,Sphaeronectes,20,fathomnet,Sphaeronectes tiburonae,accepted,,0,430688,Sphaeronectes tiburonae,Species,Sphaeronectes,TRUE,ok,
712648,Ostorhinchus aureus,Species,Ostorhinchus,20,ozfish,Ostorhinchus aureus,accepted,,0,712648,Ostorhinchus aureus,Species,Ostorhinchus,TRUE,ok,
724718,Bathyalcyon robustum,Species,Bathyalcyon,20,fathomnet,Bathyalcyon robustum,accepted,,0,724718,Bathyalcyon robustum,Species,Bathyalcyon,TRUE,ok,
10295,Anguilliformes,Order,,19,fathomnet,Anguilliformes,accepted,,0,10295,Anguilliformes,Order,,TRUE,ok,
103306,Parantipathes,Genus,Parantipathes,19,fathomnet,Parantipathes,accepted,,0,103306,Parantipathes,Genus,Parantipathes,TRUE,ok,
117267,Solmundella bitentaculata,Species,Solmundella,19,fathomnet,Solmundella bitentaculata,accepted,,0,117267,Solmundella bitentaculata,Species,Solmundella,TRUE,ok,
123404,Caenopedina,Genus,Caenopedina,19,fathomnet,Caenopedina,accepted,,0,123404,Caenopedina,Genus,Caenopedina,TRUE,ok,
131688,Euretidae,Family,,19,fathomnet,Euretidae,accepted,,0,131688,Euretidae,Family,,TRUE,ok,
135261,Chrysaora,Genus,Chrysaora,19,fathomnet,Chrysaora,accepted,,0,135261,Chrysaora,Genus,Chrysaora,TRUE,ok,
152565,Pseudostichopus mollis,Species,Pseudostichopus,19,fathomnet,Pseudostichopus mollis,accepted,,0,152565,Pseudostichopus mollis,Species,Pseudostichopus,TRUE,ok,
219886,Rhinecanthus rectangulus,Species,Rhinecanthus,19,fathomnet|ozfish,Rhinecanthus rectangulus,accepted,,0,219886,Rhinecanthus rectangulus,Species,Rhinecanthus,TRUE,ok,
250823,Megalodicopia hians,Species,Megalodicopia,19,fathomnet,Megalodicopia hians,accepted,,0,250823,Megalodicopia hians,Species,Megalodicopia,TRUE,ok,
274820,Sebastes miniatus,Species,Sebastes,19,fathomnet,Sebastes miniatus,accepted,,0,274820,Sebastes miniatus,Species,Sebastes,TRUE,ok,
283382,Bolocera pannosa,Species,Bolocera,19,fathomnet,Bolocera pannosa,accepted,,0,283382,Bolocera pannosa,Species,Bolocera,TRUE,ok,
292833,Thrissacanthias penicillatus,Species,Thrissacanthias,19,fathomnet,Thrissacanthias penicillatus,accepted,,0,292833,Thrissacanthias penicillatus,Species,Thrissacanthias,TRUE,ok,
536747,Rubyspira osteovora,Species,Rubyspira,19,fathomnet,Rubyspira osteovora,accepted,,0,536747,Rubyspira osteovora,Species,Rubyspira,TRUE,ok,
1750630,Cephalopholis colonus,Species,Cephalopholis,19,fathomnet,Cephalopholis colonus,accepted,,0,1750630,Cephalopholis colonus,Species,Cephalopholis,TRUE,ok,
13551,Anthoathecata,Order,,18,fathomnet,Anthoathecata,accepted,,0,13551,Anthoathecata,Order,,TRUE,ok,
105799,Galeocerdo cuvier,Species,Galeocerdo,18,ozfish,Galeocerdo cuvier,accepted,,0,105799,Galeocerdo cuvier,Species,Galeocerdo,TRUE,ok,
106783,Glyphocrangonidae,Family,,18,fathomnet,Glyphocrangonidae,accepted,,0,106783,Glyphocrangonidae,Family,,TRUE,ok,
117567,Geryonia proboscidalis,Species,Geryonia,18,fathomnet,Geryonia proboscidalis,accepted,,0,117567,Geryonia proboscidalis,Species,Geryonia,TRUE,ok,
126156,Careproctus,Genus,Careproctus,18,fathomnet,Careproctus,accepted,,0,126156,Careproctus,Genus,Careproctus,TRUE,ok,
126792,Callionymus lyra,Species,Callionymus,18,yolo-bruv,Callionymus lyra,accepted,,0,126792,Callionymus lyra,Species,Callionymus,TRUE,ok,
127407,Aluterus monoceros,Species,Aluterus,18,ozfish,Aluterus monoceros,accepted,,0,127407,Aluterus monoceros,Species,Aluterus,TRUE,ok,
137281,Thetys vagina,Species,Thetys,18,fathomnet,Thetys vagina,accepted,,0,137281,Thetys vagina,Species,Thetys,TRUE,ok,
138878,Buccinum undatum,Species,Buccinum,18,yolo-bruv,Buccinum undatum,accepted,,0,138878,Buccinum undatum,Species,Buccinum,TRUE,ok,
171623,Tretopleura,Genus,Tretopleura,18,fathomnet,Tretopleura,accepted,,0,171623,Tretopleura,Genus,Tretopleura,TRUE,ok,
204083,Parapercis,Genus,Parapercis,18,ozfish,Parapercis,accepted,,0,204083,Parapercis,Genus,Parapercis,TRUE,ok,
212061,Lethrinus lentjan,Species,Lethrinus,18,ozfish,Lethrinus lentjan,accepted,,0,212061,Lethrinus lentjan,Species,Lethrinus,TRUE,ok,
212066,Lethrinus erythracanthus,Species,Lethrinus,18,ozfish,Lethrinus erythracanthus,accepted,,0,212066,Lethrinus erythracanthus,Species,Lethrinus,TRUE,ok,
218481,Lutjanus malabaricus,Species,Lutjanus,18,ozfish,Lutjanus malabaricus,accepted,,0,218481,Lutjanus malabaricus,Species,Lutjanus,TRUE,ok,
218707,Kyphosus bigibbus,Species,Kyphosus,18,ozfish,Kyphosus bigibbus,accepted,,0,218707,Kyphosus bigibbus,Species,Kyphosus,TRUE,ok,
219925,Arothron hispidus,Species,Arothron,18,ozfish,Arothron hispidus,accepted,,0,219925,Arothron hispidus,Species,Arothron,TRUE,ok,
255087,Myxoderma sacculatum,Species,Myxoderma,18,fathomnet,Myxoderma sacculatum,accepted,,0,255087,Myxoderma sacculatum,Species,Myxoderma,TRUE,ok,
272464,Gadella jordani,Species,Gadella,18,fathomnet,Gadella jordani,accepted,,0,272464,Gadella jordani,Species,Gadella,TRUE,ok,
274116,Lycodes pacificus,Species,Lycodes,18,fathomnet,Lycodes pacificus,accepted,,0,274116,Lycodes pacificus,Species,Lycodes,TRUE,ok,
276026,Pomacanthus sexstriatus,Species,Pomacanthus,18,ozfish,Pomacanthus sexstriatus,accepted,,0,276026,Pomacanthus sexstriatus,Species,Pomacanthus,TRUE,ok,
277575,Hemitaurichthys polylepis,Species,Hemitaurichthys,18,ozfish,Hemitaurichthys polylepis,accepted,,0,277575,Hemitaurichthys polylepis,Species,Hemitaurichthys,TRUE,ok,
278215,Macropharyngodon negrosensis,Species,Macropharyngodon,18,ozfish,Macropharyngodon negrosensis,accepted,,0,278215,Macropharyngodon negrosensis,Species,Macropharyngodon,TRUE,ok,
279310,Meiacanthus grammistes,Species,Meiacanthus,18,ozfish,Meiacanthus grammistes,accepted,,0,279310,Meiacanthus grammistes,Species,Meiacanthus,TRUE,ok,
747071,Saxipendium implicatum,Species,Saxipendium,18,fathomnet,Saxipendium implicatum,accepted,,0,747071,Saxipendium implicatum,Species,Saxipendium,TRUE,ok,
958,Tomopteridae,Family,,17,fathomnet,Tomopteridae,accepted,,0,958,Tomopteridae,Family,,TRUE,ok,
106739,Parapaguridae,Family,,17,fathomnet,Parapaguridae,accepted,,0,106739,Parapaguridae,Family,,TRUE,ok,
117209,Ptychogastria,Genus,Ptychogastria,17,fathomnet,Ptychogastria,accepted,,0,117209,Ptychogastria,Genus,Ptychogastria,TRUE,ok,
117212,Aglantha,Genus,Aglantha,17,fathomnet,Aglantha,accepted,,0,117212,Aglantha,Genus,Aglantha,TRUE,ok,
125436,Synaphobranchidae,Family,,17,fathomnet,Synaphobranchidae,accepted,,0,125436,Synaphobranchidae,Family,,TRUE,ok,
138293,Grimpoteuthis,Genus,Grimpoteuthis,17,fathomnet,Grimpoteuthis,accepted,,0,138293,Grimpoteuthis,Genus,Grimpoteuthis,TRUE,ok,
158959,Coryphaenoides leptolepis,Species,Coryphaenoides,17,fathomnet,Coryphaenoides leptolepis,accepted,,0,158959,Coryphaenoides leptolepis,Species,Coryphaenoides,TRUE,ok,
221388,Synaphobranchus brevidorsalis,Species,Synaphobranchus,17,fathomnet,Synaphobranchus brevidorsalis,accepted,,0,221388,Synaphobranchus brevidorsalis,Species,Synaphobranchus,TRUE,ok,
264997,Lyrocteis,Genus,Lyrocteis,17,fathomnet,Lyrocteis,accepted,,0,264997,Lyrocteis,Genus,Lyrocteis,TRUE,ok,
743703,Alcyonium varum,Species,Alcyonium,17,fathomnet,Alcyonium varum,accepted,,0,743703,Alcyonium varum,Species,Alcyonium,TRUE,ok,
767206,Proisocrinus ruberrimus,Species,Proisocrinus,17,fathomnet,Proisocrinus ruberrimus,accepted,,0,767206,Proisocrinus ruberrimus,Species,Proisocrinus,TRUE,ok,
872805,Pectis,Genus,Pectis,17,fathomnet,Pectis,accepted,,0,872805,Pectis,Genus,Pectis,TRUE,ok,
1306922,Alvinocaris costaricensis,Species,Alvinocaris,17,fathomnet,Alvinocaris costaricensis,accepted,,0,1306922,Alvinocaris costaricensis,Species,Alvinocaris,TRUE,ok,
1310477,Sternostylus iaspis,Species,Sternostylus,17,fathomnet,Sternostylus iaspis,accepted,,0,1310477,Sternostylus iaspis,Species,Sternostylus,TRUE,ok,
1585286,Tachygonetria,Genus,Tachygonetria,17,fathomnet,Tachygonetria,accepted,,0,1585286,Tachygonetria,Genus,Tachygonetria,TRUE,ok,
1671461,Parachrysogorgia chryseis,Species,Parachrysogorgia,17,fathomnet,Parachrysogorgia chryseis,accepted,,0,1671461,Parachrysogorgia chryseis,Species,Parachrysogorgia,TRUE,ok,
106041,Balanoidea,Superfamily,,16,fathomnet,Balanoidea,accepted,,0,106041,Balanoidea,Superfamily,,TRUE,ok,
118272,Aegidae,Family,,16,fathomnet,Aegidae,accepted,,0,118272,Aegidae,Family,,TRUE,ok,
125768,Lepidion,Genus,Lepidion,16,fathomnet,Lepidion,accepted,,0,125768,Lepidion,Genus,Lepidion,TRUE,ok,
126333,Alepisaurus ferox,Species,Alepisaurus,16,fathomnet,Alepisaurus ferox,accepted,,0,126333,Alepisaurus ferox,Species,Alepisaurus,TRUE,ok,
139035,Creseis virgula,Species,Creseis,16,fathomnet,Creseis virgula,accepted,,0,139035,Creseis virgula,Species,Creseis,TRUE,ok,
154232,Macrourinae,Subfamily,,16,fathomnet,Macrourinae,accepted,,0,154232,Macrourinae,Subfamily,,TRUE,ok,
211793,Genicanthus lamarck,Species,Genicanthus,16,ozfish,Genicanthus lamarck,accepted,,0,211793,Genicanthus lamarck,Species,Genicanthus,TRUE,ok,
212063,Lethrinus harak,Species,Lethrinus,16,ozfish,Lethrinus harak,accepted,,0,212063,Lethrinus harak,Species,Lethrinus,TRUE,ok,
217356,Negaprion acutidens,Species,Negaprion,16,ozfish,Negaprion acutidens,accepted,,0,217356,Negaprion acutidens,Species,Negaprion,TRUE,ok,
218183,Cephalopholis sonnerati,Species,Cephalopholis,16,ozfish,Cephalopholis sonnerati,accepted,,0,218183,Cephalopholis sonnerati,Species,Cephalopholis,TRUE,ok,
218200,Epinephelus coioides,Species,Epinephelus,16,ozfish,Epinephelus coioides,accepted,,0,218200,Epinephelus coioides,Species,Epinephelus,TRUE,ok,
218473,Lutjanus russellii,Species,Lutjanus,16,ozfish,Lutjanus russellii,accepted,,0,218473,Lutjanus russellii,Species,Lutjanus,TRUE,ok,
219640,Acanthurus nigrofuscus,Species,Acanthurus,16,ozfish,Acanthurus nigrofuscus,accepted,,0,219640,Acanthurus nigrofuscus,Species,Acanthurus,TRUE,ok,
219648,Acanthurus pyroferus,Species,Acanthurus,16,ozfish,Acanthurus pyroferus,accepted,,0,219648,Acanthurus pyroferus,Species,Acanthurus,TRUE,ok,
292733,Asthenactis papyraceus,Species,Asthenactis,16,fathomnet,Asthenactis papyraceus,accepted,,0,292733,Asthenactis papyraceus,Species,Asthenactis,TRUE,ok,
292735,Pythonaster pacificus,Species,Pythonaster,16,fathomnet,Pythonaster pacificus,accepted,,0,292735,Pythonaster pacificus,Species,Pythonaster,TRUE,ok,
341861,Gonatus pyros,Species,Gonatus,16,fathomnet,Gonatus pyros,accepted,,0,341861,Gonatus pyros,Species,Gonatus,TRUE,ok,
392037,Pseudomunida fragilis,Species,Pseudomunida,16,fathomnet,Pseudomunida fragilis,accepted,,0,392037,Pseudomunida fragilis,Species,Pseudomunida,TRUE,ok,
398330,Neotrygon kuhlii,Species,Neotrygon,16,ozfish,Neotrygon kuhlii,accepted,,0,398330,Neotrygon kuhlii,Species,Neotrygon,TRUE,ok,
464362,Phreagena kilmeri,Species,Phreagena,16,fathomnet,Phreagena kilmeri,accepted,,0,464362,Phreagena kilmeri,Species,Phreagena,TRUE,ok,
100654,Actinoscyphiidae,Family,,15,fathomnet,Actinoscyphiidae,accepted,,0,100654,Actinoscyphiidae,Family,,TRUE,ok,
103356,Oikopleuridae,Family,,15,fathomnet,Oikopleuridae,accepted,,0,103356,Oikopleuridae,Family,,TRUE,ok,
123152,Thalassometridae,Family,,15,fathomnet,Thalassometridae,accepted,,0,123152,Thalassometridae,Family,,TRUE,ok,
135073,Caryophylliidae,Family,,15,fathomnet,Caryophylliidae,accepted,,0,135073,Caryophylliidae,Family,,TRUE,ok,
159342,Scomberomorus maculatus,Species,Scomberomorus,15,fathomnet,Scomberomorus maculatus,accepted,,0,159342,Scomberomorus maculatus,Species,Scomberomorus,TRUE,ok,
169106,Pyloderma,Genus,Pyloderma,15,fathomnet,Pyloderma,accepted,,0,169106,Pyloderma,Genus,Pyloderma,TRUE,ok,
171590,Semperella,Genus,Semperella,15,fathomnet,Semperella,accepted,,0,171590,Semperella,Genus,Semperella,TRUE,ok,
178019,Poraniopsis,Genus,Poraniopsis,15,fathomnet,Poraniopsis,accepted,,0,178019,Poraniopsis,Genus,Poraniopsis,TRUE,ok,
197392,Propeamussium meridionale,Species,Propeamussium,15,fathomnet,Propeamussium meridionale,accepted,,0,197392,Propeamussium meridionale,Species,Propeamussium,TRUE,ok,
272504,Physiculus nematopus,Species,Physiculus,15,fathomnet,Physiculus nematopus,accepted,,0,272504,Physiculus nematopus,Species,Physiculus,TRUE,ok,
274791,Sebastes entomelas,Species,Sebastes,15,fathomnet,Sebastes entomelas,accepted,,0,274791,Sebastes entomelas,Species,Sebastes,TRUE,ok,
274795,Sebastes flavidus,Species,Sebastes,15,fathomnet,Sebastes flavidus,accepted,,0,274795,Sebastes flavidus,Species,Sebastes,TRUE,ok,
274845,Sebastes rubrivinctus,Species,Sebastes,15,fathomnet,Sebastes rubrivinctus,accepted,,0,274845,Sebastes rubrivinctus,Species,Sebastes,TRUE,ok,
274869,Sebastes zacentrus,Species,Sebastes,15,fathomnet,Sebastes zacentrus,accepted,,0,274869,Sebastes zacentrus,Species,Sebastes,TRUE,ok,
277860,Cirrhilabrus punctatus,Species,Cirrhilabrus,15,ozfish,Cirrhilabrus punctatus,accepted,,0,277860,Cirrhilabrus punctatus,Species,Cirrhilabrus,TRUE,ok,
281153,Icosteus aenigmaticus,Species,Icosteus,15,fathomnet,Icosteus aenigmaticus,accepted,,0,281153,Icosteus aenigmaticus,Species,Icosteus,TRUE,ok,
505421,Acesta mori,Species,Acesta,15,fathomnet,Acesta mori,accepted,,0,505421,Acesta mori,Species,Acesta,TRUE,ok,
607950,Heteroscleromorpha,Subclass,,15,fathomnet,Heteroscleromorpha,accepted,,0,607950,Heteroscleromorpha,Subclass,,TRUE,ok,
759254,Eknomisis,Genus,Eknomisis,15,fathomnet,Eknomisis,accepted,,0,759254,Eknomisis,Genus,Eknomisis,TRUE,ok,
1288557,Chrysogorgia monticola,Species,Chrysogorgia,15,fathomnet,Chrysogorgia monticola,accepted,,0,1288557,Chrysogorgia monticola,Species,Chrysogorgia,TRUE,ok,
106732,Chirostylidae,Family,,14,fathomnet,Chirostylidae,accepted,,0,106732,Chirostylidae,Family,,TRUE,ok,
117856,Crossota rufobrunnea,Species,Crossota,14,fathomnet,Crossota rufobrunnea,accepted,,0,117856,Crossota rufobrunnea,Species,Crossota,TRUE,ok,
123144,Bathycrinidae,Family,,14,fathomnet,Bathycrinidae,accepted,,0,123144,Bathycrinidae,Family,,TRUE,ok,
123203,Gorgonocephalidae,Family,,14,fathomnet,Gorgonocephalidae,accepted,,0,123203,Gorgonocephalidae,Family,,TRUE,ok,
123524,Laetmogone,Genus,Laetmogone,14,fathomnet,Laetmogone,accepted,,0,123524,Laetmogone,Genus,Laetmogone,TRUE,ok,
125908,Acanthurus,Genus,Acanthurus,14,ozfish,Acanthurus,accepted,,0,125908,Acanthurus,Genus,Acanthurus,TRUE,ok,
126072,Sillago,Genus,Sillago,14,ozfish,Sillago,accepted,,0,126072,Sillago,Genus,Sillago,TRUE,ok,
126107,Pachycara,Genus,Pachycara,14,fathomnet,Pachycara,accepted,,0,126107,Pachycara,Genus,Pachycara,TRUE,ok,
129582,Spirobranchus,Genus,Spirobranchus,14,fathomnet,Spirobranchus,accepted,,0,129582,Spirobranchus,Genus,Spirobranchus,TRUE,ok,
131599,Poecilosclerida,Order,,14,fathomnet,Poecilosclerida,accepted,,0,131599,Poecilosclerida,Order,,TRUE,ok,
135110,Dendrophyllia,Genus,Dendrophyllia,14,fathomnet,Dendrophyllia,accepted,,0,135110,Dendrophyllia,Genus,Dendrophyllia,TRUE,ok,
135159,Desmophyllum dianthus,Species,Desmophyllum,14,fathomnet,Desmophyllum dianthus,accepted,,0,135159,Desmophyllum dianthus,Species,Desmophyllum,TRUE,ok,
159061,Bassogigas,Genus,Bassogigas,14,fathomnet,Bassogigas,accepted,,0,159061,Bassogigas,Genus,Bassogigas,TRUE,ok,
171733,Aspidoscopulia,Genus,Aspidoscopulia,14,fathomnet,Aspidoscopulia,accepted,,0,171733,Aspidoscopulia,Genus,Aspidoscopulia,TRUE,ok,
171885,Walteria leuckarti,Species,Walteria,14,fathomnet,Walteria leuckarti,accepted,,0,171885,Walteria leuckarti,Species,Walteria,TRUE,ok,
212079,Lethrinus xanthochilus,Species,Lethrinus,14,ozfish,Lethrinus xanthochilus,accepted,,0,212079,Lethrinus xanthochilus,Species,Lethrinus,TRUE,ok,
213175,Hyporhamphus dussumieri,Species,Hyporhamphus,14,ozfish,Hyporhamphus dussumieri,accepted,,0,213175,Hyporhamphus dussumieri,Species,Hyporhamphus,TRUE,ok,
218244,Epinephelus spilotoceps,Species,Epinephelus,14,ozfish,Epinephelus spilotoceps,accepted,,0,218244,Epinephelus spilotoceps,Species,Epinephelus,TRUE,ok,
218710,Platax teira,Species,Platax,14,ozfish,Platax teira,accepted,,0,218710,Platax teira,Species,Platax,TRUE,ok,
218740,Chaetodon speculum,Species,Chaetodon,14,ozfish,Chaetodon speculum,accepted,,0,218740,Chaetodon speculum,Species,Chaetodon,TRUE,ok,
218784,Chrysiptera biocellata,Species,Chrysiptera,14,ozfish,Chrysiptera biocellata,accepted,,0,218784,Chrysiptera biocellata,Species,Chrysiptera,TRUE,ok,
219074,Bolbometopon muricatum,Species,Bolbometopon,14,ozfish,Bolbometopon muricatum,accepted,,0,219074,Bolbometopon muricatum,Species,Bolbometopon,TRUE,ok,
219616,Ptereleotris microlepis,Species,Ptereleotris,14,ozfish,Ptereleotris microlepis,accepted,,0,219616,Ptereleotris microlepis,Species,Ptereleotris,TRUE,ok,
219712,Gymnosarda unicolor,Species,Gymnosarda,14,fathomnet|ozfish,Gymnosarda unicolor,accepted,,0,219712,Gymnosarda unicolor,Species,Gymnosarda,TRUE,ok,
236135,Albatrossia pectoralis,Species,Albatrossia,14,fathomnet,Albatrossia pectoralis,accepted,,0,236135,Albatrossia pectoralis,Species,Albatrossia,TRUE,ok,
271755,Gnathophis cinctus,Species,Gnathophis,14,fathomnet,Gnathophis cinctus,accepted,,0,271755,Gnathophis cinctus,Species,Gnathophis,TRUE,ok,
273582,Thalassoma jansenii,Species,Thalassoma,14,ozfish,Thalassoma jansenii,accepted,,0,273582,Thalassoma jansenii,Species,Thalassoma,TRUE,ok,
278464,Labropsis australis,Species,Labropsis,14,ozfish,Labropsis australis,accepted,,0,278464,Labropsis australis,Species,Labropsis,TRUE,ok,
278740,Suezichthys cyanolaemus,Species,Suezichthys,14,ozfish,Suezichthys cyanolaemus,accepted,,0,278740,Suezichthys cyanolaemus,Species,Suezichthys,TRUE,ok,
279576,Amblypomacentrus breviceps,Species,Amblypomacentrus,14,ozfish,Amblypomacentrus breviceps,accepted,,0,279576,Amblypomacentrus breviceps,Species,Amblypomacentrus,TRUE,ok,
279625,Anisotremus virginicus,Species,Anisotremus,14,fathomnet,Anisotremus virginicus,accepted,,0,279625,Anisotremus virginicus,Species,Anisotremus,TRUE,ok,
341849,Abraliopsis felis,Species,Abraliopsis,14,fathomnet,Abraliopsis felis,accepted,,0,341849,Abraliopsis felis,Species,Abraliopsis,TRUE,ok,
367242,Gerres longirostris,Species,Gerres,14,ozfish,Gerres longirostris,accepted,,0,367242,Gerres longirostris,Species,Gerres,TRUE,ok,
510498,Cidaroidea,Subclass,,14,fathomnet,Cidaroidea,accepted,,0,510498,Cidaroidea,Subclass,,TRUE,ok,
562645,Munididae,Family,,14,fathomnet,Munididae,accepted,,0,562645,Munididae,Family,,TRUE,ok,
1603,Tubulariidae,Family,,13,fathomnet,Tubulariidae,accepted,,0,1603,Tubulariidae,Family,,TRUE,ok,
106350,Bolinopsis,Genus,Bolinopsis,13,fathomnet,Bolinopsis,accepted,,0,106350,Bolinopsis,Genus,Bolinopsis,TRUE,ok,
106854,Pagurus,Genus,Pagurus,13,fathomnet,Pagurus,accepted,,0,106854,Pagurus,Genus,Pagurus,TRUE,ok,
110347,Bonelliidae,Family,,13,fathomnet,Bonelliidae,accepted,,0,110347,Bonelliidae,Family,,TRUE,ok,
123303,Plinthaster,Genus,Plinthaster,13,fathomnet,Plinthaster,accepted,,0,123303,Plinthaster,Genus,Plinthaster,TRUE,ok,
123508,Oneirophanta,Genus,Oneirophanta,13,fathomnet,Oneirophanta,accepted,,0,123508,Oneirophanta,Genus,Oneirophanta,TRUE,ok,
123581,Asteroschema,Genus,Asteroschema,13,fathomnet,Asteroschema,accepted,,0,123581,Asteroschema,Genus,Asteroschema,TRUE,ok,
125303,Acanella,Genus,Acanella,13,fathomnet,Acanella,accepted,,0,125303,Acanella,Genus,Acanella,TRUE,ok,
125320,Paracalyptrophora,Genus,Paracalyptrophora,13,fathomnet,Paracalyptrophora,accepted,,0,125320,Paracalyptrophora,Genus,Paracalyptrophora,TRUE,ok,
128485,Protoptilidae,Family,,13,fathomnet,Protoptilidae,accepted,,0,128485,Protoptilidae,Family,,TRUE,ok,
128524,Distichoptilum gracile,Species,Distichoptilum,13,fathomnet,Distichoptilum gracile,accepted,,0,128524,Distichoptilum gracile,Species,Distichoptilum,TRUE,ok,
131684,Hyalonematidae,Family,,13,fathomnet,Hyalonematidae,accepted,,0,131684,Hyalonematidae,Family,,TRUE,ok,
132110,Hexactinella,Genus,Hexactinella,13,fathomnet,Hexactinella,accepted,,0,132110,Hexactinella,Genus,Hexactinella,TRUE,ok,
135425,Lensia achilles,Species,Lensia,13,fathomnet,Lensia achilles,accepted,,0,135425,Lensia achilles,Species,Lensia,TRUE,ok,
171715,Lefroyella,Genus,Lefroyella,13,fathomnet,Lefroyella,accepted,,0,171715,Lefroyella,Genus,Lefroyella,TRUE,ok,
178680,Dipsacaster,Genus,Dipsacaster,13,fathomnet,Dipsacaster,accepted,,0,178680,Dipsacaster,Genus,Dipsacaster,TRUE,ok,
206578,Plectranthias,Genus,Plectranthias,13,fathomnet,Plectranthias,accepted,,0,206578,Plectranthias,Genus,Plectranthias,TRUE,ok,
218759,Forcipiger longirostris,Species,Forcipiger,13,ozfish,Forcipiger longirostris,accepted,,0,218759,Forcipiger longirostris,Species,Forcipiger,TRUE,ok,
269412,Hollardia,Genus,Hollardia,13,fathomnet,Hollardia,accepted,,0,269412,Hollardia,Genus,Hollardia,TRUE,ok,
274814,Sebastes macdonaldi,Species,Sebastes,13,fathomnet,Sebastes macdonaldi,accepted,,0,274814,Sebastes macdonaldi,Species,Sebastes,TRUE,ok,
274836,Sebastes pinniger,Species,Sebastes,13,fathomnet,Sebastes pinniger,accepted,,0,274836,Sebastes pinniger,Species,Sebastes,TRUE,ok,
342463,Bathochordaeinae,Subfamily,,13,fathomnet,Bathochordaeinae,accepted,,0,342463,Bathochordaeinae,Subfamily,,TRUE,ok,
440388,Metacarcinus magister,Species,Metacarcinus,13,fathomnet,Metacarcinus magister,accepted,,0,440388,Metacarcinus magister,Species,Metacarcinus,TRUE,ok,
458856,Bathykorus,Genus,Bathykorus,13,fathomnet,Bathykorus,accepted,,0,458856,Bathykorus,Genus,Bathykorus,TRUE,ok,
1288558,Chrysogorgia pinnata,Species,Chrysogorgia,13,fathomnet,Chrysogorgia pinnata,accepted,,0,1288558,Chrysogorgia pinnata,Species,Chrysogorgia,TRUE,ok,
1735215,Proisocrininae,Subfamily,,13,fathomnet,Proisocrininae,accepted,,0,1735215,Proisocrininae,Subfamily,,TRUE,ok,
1261,Beroida,Order,,12,fathomnet,Beroida,accepted,,0,1261,Beroida,Order,,TRUE,ok,
106744,Homolidae,Family,,12,fathomnet,Homolidae,accepted,,0,106744,Homolidae,Family,,TRUE,ok,
106831,Eumunida,Genus,Eumunida,12,fathomnet,Eumunida,accepted,,0,106831,Eumunida,Genus,Eumunida,TRUE,ok,
107001,Rimicaris,Genus,Rimicaris,12,fathomnet,Rimicaris,accepted,,0,107001,Rimicaris,Genus,Rimicaris,TRUE,ok,
123216,Freyastera,Genus,Freyastera,12,fathomnet,Freyastera,accepted,,0,123216,Freyastera,Genus,Freyastera,TRUE,ok,
123582,Ophiocreas,Genus,Ophiocreas,12,fathomnet,Ophiocreas,accepted,,0,123582,Ophiocreas,Genus,Ophiocreas,TRUE,ok,
125302,Leptogorgia,Genus,Leptogorgia,12,fathomnet,Leptogorgia,accepted,,0,125302,Leptogorgia,Genus,Leptogorgia,TRUE,ok,
126436,Gadus morhua,Species,Gadus,12,yolo-bruv,Gadus morhua,accepted,,0,126436,Gadus morhua,Species,Gadus,TRUE,ok,
128483,Kophobelemnidae,Family,,12,fathomnet,Kophobelemnidae,accepted,,0,128483,Kophobelemnidae,Family,,TRUE,ok,
132019,Thenea,Genus,Thenea,12,fathomnet,Thenea,accepted,,0,132019,Thenea,Genus,Thenea,TRUE,ok,
171658,Chonelasmatinae,Subfamily,,12,fathomnet,Chonelasmatinae,accepted,,0,171658,Chonelasmatinae,Subfamily,,TRUE,ok,
205415,Melichthys,Genus,Melichthys,12,ozfish,Melichthys,accepted,,0,205415,Melichthys,Genus,Melichthys,TRUE,ok,
217352,Carcharhinus albimarginatus,Species,Carcharhinus,12,fathomnet|ozfish,Carcharhinus albimarginatus,accepted,,0,217352,Carcharhinus albimarginatus,Species,Carcharhinus,TRUE,ok,
217659,Plotosus lineatus,Species,Plotosus,12,ozfish,Plotosus lineatus,accepted,,0,217659,Plotosus lineatus,Species,Plotosus,TRUE,ok,
218206,Epinephelus malabaricus,Species,Epinephelus,12,ozfish,Epinephelus malabaricus,accepted,,0,218206,Epinephelus malabaricus,Species,Epinephelus,TRUE,ok,
218360,Priacanthus hamrur,Species,Priacanthus,12,ozfish,Priacanthus hamrur,accepted,,0,218360,Priacanthus hamrur,Species,Priacanthus,TRUE,ok,
219028,Macropharyngodon meleagris,Species,Macropharyngodon,12,ozfish,Macropharyngodon meleagris,accepted,,0,219028,Macropharyngodon meleagris,Species,Macropharyngodon,TRUE,ok,
219922,Arothron caeruleopunctatus,Species,Arothron,12,ozfish,Arothron caeruleopunctatus,accepted,,0,219922,Arothron caeruleopunctatus,Species,Arothron,TRUE,ok,
254813,Circeaster pullus,Species,Circeaster,12,fathomnet,Circeaster pullus,accepted,,0,254813,Circeaster pullus,Species,Circeaster,TRUE,ok,
271824,Gymnothorax berndti,Species,Gymnothorax,12,fathomnet,Gymnothorax berndti,accepted,,0,271824,Gymnothorax berndti,Species,Gymnothorax,TRUE,ok,
273322,Chaetodon adiergastos,Species,Chaetodon,12,ozfish,Chaetodon adiergastos,accepted,,0,273322,Chaetodon adiergastos,Species,Chaetodon,TRUE,ok,
273496,Plectorhinchus unicolor,Species,Plectorhinchus,12,ozfish,Plectorhinchus unicolor,accepted,,0,273496,Plectorhinchus unicolor,Species,Plectorhinchus,TRUE,ok,
273736,Chromis limbaughi,Species,Chromis,12,fathomnet,Chromis limbaughi,accepted,,0,273736,Chromis limbaughi,Species,Chromis,TRUE,ok,
274778,Sebastes brevispinis,Species,Sebastes,12,fathomnet,Sebastes brevispinis,accepted,,0,274778,Sebastes brevispinis,Species,Sebastes,TRUE,ok,
278007,Naso maculatus,Species,Naso,12,ozfish,Naso maculatus,accepted,,0,278007,Naso maculatus,Species,Naso,TRUE,ok,
278794,Iniistius aneitensis,Species,Iniistius,12,ozfish,Iniistius aneitensis,accepted,,0,278794,Iniistius aneitensis,Species,Iniistius,TRUE,ok,
279173,Anampses melanurus,Species,Anampses,12,ozfish,Anampses melanurus,accepted,,0,279173,Anampses melanurus,Species,Anampses,TRUE,ok,
279605,Anarrhichthys ocellatus,Species,Anarrhichthys,12,fathomnet,Anarrhichthys ocellatus,accepted,,0,279605,Anarrhichthys ocellatus,Species,Anarrhichthys,TRUE,ok,
281136,Icelinus filamentosus,Species,Icelinus,12,fathomnet,Icelinus filamentosus,accepted,,0,281136,Icelinus filamentosus,Species,Icelinus,TRUE,ok,
282098,Paraplotosus butleri,Species,Paraplotosus,12,ozfish,Paraplotosus butleri,accepted,,0,282098,Paraplotosus butleri,Species,Paraplotosus,TRUE,ok,
282203,Pentapodus aureofasciatus,Species,Pentapodus,12,ozfish,Pentapodus aureofasciatus,accepted,,0,282203,Pentapodus aureofasciatus,Species,Pentapodus,TRUE,ok,
428804,Scotoplanes clarki,Species,Scotoplanes,12,fathomnet,Scotoplanes clarki,accepted,,0,428804,Scotoplanes clarki,Species,Scotoplanes,TRUE,ok,
1311253,Hemicorallium laauense,Species,Hemicorallium,12,fathomnet,Hemicorallium laauense,accepted,,0,1311253,Hemicorallium laauense,Species,Hemicorallium,TRUE,ok,
1841001,Plectorhinchus pica,Species,Plectorhinchus,12,ozfish,Plectorhinchus pica,accepted,,0,1841001,Plectorhinchus pica,Species,Plectorhinchus,TRUE,ok,
100706,Urticina,Genus,Urticina,11,fathomnet,Urticina,accepted,,0,100706,Urticina,Genus,Urticina,TRUE,ok,
100762,Phelliactis,Genus,Phelliactis,11,fathomnet,Phelliactis,accepted,,0,100762,Phelliactis,Genus,Phelliactis,TRUE,ok,
107276,Cancer pagurus,Species,Cancer,11,yolo-bruv,Cancer pagurus,accepted,,0,107276,Cancer pagurus,Species,Cancer,TRUE,ok,
117059,Corymorpha,Genus,Corymorpha,11,fathomnet,Corymorpha,accepted,,0,117059,Corymorpha,Genus,Corymorpha,TRUE,ok,
125656,Synaphobranchus,Genus,Synaphobranchus,11,fathomnet,Synaphobranchus,accepted,,0,125656,Synaphobranchus,Genus,Synaphobranchus,TRUE,ok,
125967,Epigonus,Genus,Epigonus,11,fathomnet,Epigonus,accepted,,0,125967,Epigonus,Genus,Epigonus,TRUE,ok,
126170,Pontinus,Genus,Pontinus,11,fathomnet,Pontinus,accepted,,0,126170,Pontinus,Genus,Pontinus,TRUE,ok,
126660,Thalassobathia pelagica,Species,Thalassobathia,11,fathomnet,Thalassobathia pelagica,accepted,,0,126660,Thalassobathia pelagica,Species,Thalassobathia,TRUE,ok,
158774,Porogadus,Genus,Porogadus,11,fathomnet,Porogadus,accepted,,0,158774,Porogadus,Genus,Porogadus,TRUE,ok,
174485,Anuropus,Genus,Anuropus,11,fathomnet,Anuropus,accepted,,0,174485,Anuropus,Genus,Anuropus,TRUE,ok,
206034,Solanderia,Genus,Solanderia,11,fathomnet,Solanderia,accepted,,0,206034,Solanderia,Genus,Solanderia,TRUE,ok,
265005,Oasisia,Genus,Oasisia,11,fathomnet,Oasisia,accepted,,0,265005,Oasisia,Genus,Oasisia,TRUE,ok,
267946,Victorgorgia,Genus,Victorgorgia,11,fathomnet,Victorgorgia,accepted,,0,267946,Victorgorgia,Genus,Victorgorgia,TRUE,ok,
269264,Grammatonotus,Genus,Grammatonotus,11,fathomnet,Grammatonotus,accepted,,0,269264,Grammatonotus,Genus,Grammatonotus,TRUE,ok,
271952,Ophichthus frontalis,Species,Ophichthus,11,fathomnet,Ophichthus frontalis,accepted,,0,271952,Ophichthus frontalis,Species,Ophichthus,TRUE,ok,
274454,Careproctus ovigerus,Species,Careproctus,11,fathomnet,Careproctus ovigerus,accepted,,0,274454,Careproctus ovigerus,Species,Careproctus,TRUE,ok,
275948,Liopropoma longilepis,Species,Liopropoma,11,fathomnet,Liopropoma longilepis,accepted,,0,275948,Liopropoma longilepis,Species,Liopropoma,TRUE,ok,
288080,Calibelemnon symmetricum,Species,Calibelemnon,11,fathomnet,Calibelemnon symmetricum,accepted,,0,288080,Calibelemnon symmetricum,Species,Calibelemnon,TRUE,ok,
289842,Dromalia alexandri,Species,Dromalia,11,fathomnet,Dromalia alexandri,accepted,,0,289842,Dromalia alexandri,Species,Dromalia,TRUE,ok,
340800,Bathymetrinae,Subfamily,,11,fathomnet,Bathymetrinae,accepted,,0,340800,Bathymetrinae,Subfamily,,TRUE,ok,
342057,Octopoteuthis deletron,Species,Octopoteuthis,11,fathomnet,Octopoteuthis deletron,accepted,,0,342057,Octopoteuthis deletron,Species,Octopoteuthis,TRUE,ok,
413515,Swima bombiviridis,Species,Swima,11,fathomnet,Swima bombiviridis,accepted,,0,413515,Swima bombiviridis,Species,Swima,TRUE,ok,
887866,Bathyceramaster,Genus,Bathyceramaster,11,fathomnet,Bathyceramaster,accepted,,0,887866,Bathyceramaster,Genus,Bathyceramaster,TRUE,ok,
1311238,Hemicorallium abyssale,Species,Hemicorallium,11,fathomnet,Hemicorallium abyssale,accepted,,0,1311238,Hemicorallium abyssale,Species,Hemicorallium,TRUE,ok,
411,Aplacophora,Superclass,,10,fathomnet,Aplacophora,accepted,,0,411,Aplacophora,Superclass,,TRUE,ok,
11774,Cranchiidae,Family,,10,fathomnet,Cranchiidae,accepted,,0,11774,Cranchiidae,Family,,TRUE,ok,
103302,Antipathes,Genus,Antipathes,10,fathomnet,Antipathes,accepted,,0,103302,Antipathes,Genus,Antipathes,TRUE,ok,
106860,Sympagurus,Genus,Sympagurus,10,fathomnet,Sympagurus,accepted,,0,106860,Sympagurus,Genus,Sympagurus,TRUE,ok,
107253,Homarus gammarus,Species,Homarus,10,fathomnet,Homarus gammarus,accepted,,0,107253,Homarus gammarus,Species,Homarus,TRUE,ok,
123146,Phrynocrinidae,Family,,10,fathomnet,Phrynocrinidae,accepted,,0,123146,Phrynocrinidae,Family,,TRUE,ok,
123339,Bathycrinus,Genus,Bathycrinus,10,fathomnet,Bathycrinus,accepted,,0,123339,Bathycrinus,Genus,Bathycrinus,TRUE,ok,
125509,Bathylagidae,Family,,10,fathomnet,Bathylagidae,accepted,,0,125509,Bathylagidae,Family,,TRUE,ok,
128488,Virgulariidae,Family,,10,fathomnet,Virgulariidae,accepted,,0,128488,Virgulariidae,Family,,TRUE,ok,
135356,Chuniphyes,Genus,Chuniphyes,10,fathomnet,Chuniphyes,accepted,,0,135356,Chuniphyes,Genus,Chuniphyes,TRUE,ok,
158993,Diplacanthopoma,Genus,Diplacanthopoma,10,fathomnet,Diplacanthopoma,accepted,,0,158993,Diplacanthopoma,Genus,Diplacanthopoma,TRUE,ok,
171611,Euryplegma,Genus,Euryplegma,10,fathomnet,Euryplegma,accepted,,0,171611,Euryplegma,Genus,Euryplegma,TRUE,ok,
171842,Hyalostylus,Genus,Hyalostylus,10,fathomnet,Hyalostylus,accepted,,0,171842,Hyalostylus,Genus,Hyalostylus,TRUE,ok,
171849,Amphidiscella,Genus,Amphidiscella,10,fathomnet,Amphidiscella,accepted,,0,171849,Amphidiscella,Genus,Amphidiscella,TRUE,ok,
212549,Anyperodon leucogrammicus,Species,Anyperodon,10,ozfish,Anyperodon leucogrammicus,accepted,,0,212549,Anyperodon leucogrammicus,Species,Anyperodon,TRUE,ok,
217950,Sargocentron spiniferum,Species,Sargocentron,10,ozfish,Sargocentron spiniferum,accepted,,0,217950,Sargocentron spiniferum,Species,Sargocentron,TRUE,ok,
218252,Epinephelus quoyanus,Species,Epinephelus,10,ozfish,Epinephelus quoyanus,accepted,,0,218252,Epinephelus quoyanus,Species,Epinephelus,TRUE,ok,
218361,Priacanthus blochii,Species,Priacanthus,10,ozfish,Priacanthus blochii,accepted,,0,218361,Priacanthus blochii,Species,Priacanthus,TRUE,ok,
218545,Plectorhinchus vittatus,Species,Plectorhinchus,10,ozfish,Plectorhinchus vittatus,accepted,,0,218545,Plectorhinchus vittatus,Species,Plectorhinchus,TRUE,ok,
218700,Pempheris oualensis,Species,Pempheris,10,ozfish,Pempheris oualensis,accepted,,0,218700,Pempheris oualensis,Species,Pempheris,TRUE,ok,
218704,Pempheris adusta,Species,Pempheris,10,ozfish,Pempheris adusta,accepted,,0,218704,Pempheris adusta,Species,Pempheris,TRUE,ok,
218713,Platax batavianus,Species,Platax,10,ozfish,Platax batavianus,accepted,,0,218713,Platax batavianus,Species,Platax,TRUE,ok,
218735,Chaetodon bennetti,Species,Chaetodon,10,ozfish,Chaetodon bennetti,accepted,,0,218735,Chaetodon bennetti,Species,Chaetodon,TRUE,ok,
218854,Cirrhitichthys falco,Species,Cirrhitichthys,10,ozfish,Cirrhitichthys falco,accepted,,0,218854,Cirrhitichthys falco,Species,Cirrhitichthys,TRUE,ok,
219052,Pteragogus flagellifer,Species,Pteragogus,10,ozfish,Pteragogus flagellifer,accepted,,0,219052,Pteragogus flagellifer,Species,Pteragogus,TRUE,ok,
219063,Stethojulis interrupta,Species,Stethojulis,10,ozfish,Stethojulis interrupta,accepted,,0,219063,Stethojulis interrupta,Species,Stethojulis,TRUE,ok,
219905,Ostracion meleagris,Species,Ostracion,10,ozfish,Ostracion meleagris,accepted,,0,219905,Ostracion meleagris,Species,Ostracion,TRUE,ok,
220072,Pervagor janthinosoma,Species,Pervagor,10,ozfish,Pervagor janthinosoma,accepted,,0,220072,Pervagor janthinosoma,Species,Pervagor,TRUE,ok,
238010,Thalassocalyce,Genus,Thalassocalyce,10,fathomnet,Thalassocalyce,accepted,,0,238010,Thalassocalyce,Genus,Thalassocalyce,TRUE,ok,
267127,Lycodinae,Subfamily,,10,fathomnet,Lycodinae,accepted,,0,267127,Lycodinae,Subfamily,,TRUE,ok,
267376,Dendropathes,Genus,Dendropathes,10,fathomnet,Dendropathes,accepted,,0,267376,Dendropathes,Genus,Dendropathes,TRUE,ok,
267854,Stauropathes,Genus,Stauropathes,10,fathomnet,Stauropathes,accepted,,0,267854,Stauropathes,Genus,Stauropathes,TRUE,ok,
272331,Coryphaenoides filifer,Species,Coryphaenoides,10,fathomnet,Coryphaenoides filifer,accepted,,0,272331,Coryphaenoides filifer,Species,Coryphaenoides,TRUE,ok,
273904,Serranus psittacinus,Species,Serranus,10,fathomnet,Serranus psittacinus,accepted,,0,273904,Serranus psittacinus,Species,Serranus,TRUE,ok,
274812,Sebastes levis,Species,Sebastes,10,fathomnet,Sebastes levis,accepted,,0,274812,Sebastes levis,Species,Sebastes,TRUE,ok,
274851,Sebastes semicinctus,Species,Sebastes,10,fathomnet,Sebastes semicinctus,accepted,,0,274851,Sebastes semicinctus,Species,Sebastes,TRUE,ok,
275656,Porichthys mimeticus,Species,Porichthys,10,fathomnet,Porichthys mimeticus,accepted,,0,275656,Porichthys mimeticus,Species,Porichthys,TRUE,ok,
276786,Scolopsis lineata,Species,Scolopsis,10,ozfish,Scolopsis lineata,accepted,,0,276786,Scolopsis lineata,Species,Scolopsis,TRUE,ok,
277033,Valenciennea muralis,Species,Valenciennea,10,ozfish,Valenciennea muralis,accepted,,0,277033,Valenciennea muralis,Species,Valenciennea,TRUE,ok,
281318,Leptojulis chrysotaenia,Species,Leptojulis,10,ozfish,Leptojulis chrysotaenia,accepted,,0,281318,Leptojulis chrysotaenia,Species,Leptojulis,TRUE,ok,
282666,Scaevius milii,Species,Scaevius,10,ozfish,Scaevius milii,accepted,,0,282666,Scaevius milii,Species,Scaevius,TRUE,ok,
290947,Ptilosarcus gurneyi,Species,Ptilosarcus,10,fathomnet,Ptilosarcus gurneyi,accepted,,0,290947,Ptilosarcus gurneyi,Species,Ptilosarcus,TRUE,ok,
324627,Ridgeia,Genus,Ridgeia,10,fathomnet,Ridgeia,accepted,,0,324627,Ridgeia,Genus,Ridgeia,TRUE,ok,
509020,Glyptometra lateralis,Species,Glyptometra,10,fathomnet,Glyptometra lateralis,accepted,,0,509020,Glyptometra lateralis,Species,Glyptometra,TRUE,ok,
513562,Stereocidaris hawaiiensis,Species,Stereocidaris,10,fathomnet,Stereocidaris hawaiiensis,accepted,,0,513562,Stereocidaris hawaiiensis,Species,Stereocidaris,TRUE,ok,
719944,Doliolina (Doliolinetta),Subgenus,Doliolina,10,fathomnet,Doliolina (Doliolinetta),accepted,,0,719944,Doliolina (Doliolinetta),Subgenus,Doliolina,TRUE,ok,
1035134,Aeginona,Genus,Aeginona,10,fathomnet,Aeginona,accepted,,0,1035134,Aeginona,Genus,Aeginona,TRUE,ok,
1036229,Synallactida,Order,,10,fathomnet,Synallactida,accepted,,0,1036229,Synallactida,Order,,TRUE,ok,
1310469,Sternostylus,Genus,Sternostylus,10,fathomnet,Sternostylus,accepted,,0,1310469,Sternostylus,Genus,Sternostylus,TRUE,ok,
1803737,Baldwinella eos,Species,Baldwinella,10,fathomnet,Baldwinella eos,accepted,,0,1803737,Baldwinella eos,Species,Baldwinella,TRUE,ok,
135,Eulimidae,Family,,9,fathomnet,Eulimidae,accepted,,0,135,Eulimidae,Family,,TRUE,ok,
103323,Bathypathes patula,Species,Bathypathes,9,fathomnet,Bathypathes patula,accepted,,0,103323,Bathypathes patula,Species,Bathypathes,TRUE,ok,
103483,Ascidia,Genus,Ascidia,9,fathomnet,Ascidia,accepted,,0,103483,Ascidia,Genus,Ascidia,TRUE,ok,
107172,Munidopsis bairdii,Species,Munidopsis,9,fathomnet,Munidopsis bairdii,accepted,,0,107172,Munidopsis bairdii,Species,Munidopsis,TRUE,ok,
123163,Diadematidae,Family,,9,fathomnet,Diadematidae,accepted,,0,123163,Diadematidae,Family,,TRUE,ok,
123190,Deimatidae,Family,,9,fathomnet,Deimatidae,accepted,,0,123190,Deimatidae,Family,,TRUE,ok,
123217,Freyella,Genus,Freyella,9,fathomnet,Freyella,accepted,,0,123217,Freyella,Genus,Freyella,TRUE,ok,
123293,Evoplosoma,Genus,Evoplosoma,9,fathomnet,Evoplosoma,accepted,,0,123293,Evoplosoma,Genus,Evoplosoma,TRUE,ok,
125317,Callogorgia,Genus,Callogorgia,9,fathomnet,Callogorgia,accepted,,0,125317,Callogorgia,Genus,Callogorgia,TRUE,ok,
125576,Bothidae,Family,,9,fathomnet|ozfish,Bothidae,accepted,,0,125576,Bothidae,Family,,TRUE,ok,
125754,Nezumia,Genus,Nezumia,9,fathomnet,Nezumia,accepted,,0,125754,Nezumia,Genus,Nezumia,TRUE,ok,
137752,Creseis,Genus,Creseis,9,fathomnet,Creseis,accepted,,0,137752,Creseis,Genus,Creseis,TRUE,ok,
138074,Histioteuthis,Genus,Histioteuthis,9,fathomnet,Histioteuthis,accepted,,0,138074,Histioteuthis,Genus,Histioteuthis,TRUE,ok,
138580,Tritonia,Genus,Tritonia,9,fathomnet,Tritonia,accepted,,0,138580,Tritonia,Genus,Tritonia,TRUE,ok,
139032,Clio cuspidata,Species,Clio,9,fathomnet,Clio cuspidata,accepted,,0,139032,Clio cuspidata,Species,Clio,TRUE,ok,
159351,Epinephelus adscensionis,Species,Epinephelus,9,fathomnet,Epinephelus adscensionis,accepted,,0,159351,Epinephelus adscensionis,Species,Epinephelus,TRUE,ok,
203953,Bathycongrus,Genus,Bathycongrus,9,fathomnet,Bathycongrus,accepted,,0,203953,Bathycongrus,Genus,Bathycongrus,TRUE,ok,
217452,Sardinops sagax,Species,Sardinops,9,fathomnet,Sardinops sagax,accepted,,0,217452,Sardinops sagax,Species,Sardinops,TRUE,ok,
218219,Epinephelus faveatus,Species,Epinephelus,9,ozfish,Epinephelus faveatus,accepted,,0,218219,Epinephelus faveatus,Species,Epinephelus,TRUE,ok,
233983,Myzostomida,Order,,9,fathomnet,Myzostomida,accepted,,0,233983,Myzostomida,Order,,TRUE,ok,
242196,Euryalida,Order,,9,fathomnet,Euryalida,accepted,,0,242196,Euryalida,Order,,TRUE,ok,
254393,Parophrys vetulus,Species,Parophrys,9,fathomnet,Parophrys vetulus,accepted,,0,254393,Parophrys vetulus,Species,Parophrys,TRUE,ok,
274780,Sebastes caurinus,Species,Sebastes,9,fathomnet,Sebastes caurinus,accepted,,0,274780,Sebastes caurinus,Species,Sebastes,TRUE,ok,
274833,Sebastes paucispinis,Species,Sebastes,9,fathomnet,Sebastes paucispinis,accepted,,0,274833,Sebastes paucispinis,Species,Sebastes,TRUE,ok,
274852,Sebastes serranoides,Species,Sebastes,9,fathomnet,Sebastes serranoides,accepted,,0,274852,Sebastes serranoides,Species,Sebastes,TRUE,ok,
282052,Paralabrax auroguttatus,Species,Paralabrax,9,fathomnet,Paralabrax auroguttatus,accepted,,0,282052,Paralabrax auroguttatus,Species,Paralabrax,TRUE,ok,
286310,Isidella trichotoma,Species,Isidella,9,fathomnet,Isidella trichotoma,accepted,,0,286310,Isidella trichotoma,Species,Isidella,TRUE,ok,
286515,Narella dichotoma,Species,Narella,9,fathomnet,Narella dichotoma,accepted,,0,286515,Narella dichotoma,Species,Narella,TRUE,ok,
287204,Chrysaora colorata,Species,Chrysaora,9,fathomnet,Chrysaora colorata,accepted,,0,287204,Chrysaora colorata,Species,Chrysaora,TRUE,ok,
292713,Heterozonias alternatus,Species,Heterozonias,9,fathomnet,Heterozonias alternatus,accepted,,0,292713,Heterozonias alternatus,Species,Heterozonias,TRUE,ok,
299224,Squalus suckleyi,Species,Squalus,9,fathomnet,Squalus suckleyi,accepted,,0,299224,Squalus suckleyi,Species,Squalus,TRUE,ok,
345790,Agononida,Genus,Agononida,9,fathomnet,Agononida,accepted,,0,345790,Agononida,Genus,Agononida,TRUE,ok,
382180,Calliostomatidae,Family,,9,fathomnet,Calliostomatidae,accepted,,0,382180,Calliostomatidae,Family,,TRUE,ok,
409567,Narella alata,Species,Narella,9,fathomnet,Narella alata,accepted,,0,409567,Narella alata,Species,Narella,TRUE,ok,
411397,Metacrinus,Genus,Metacrinus,9,fathomnet,Metacrinus,accepted,,0,411397,Metacrinus,Genus,Metacrinus,TRUE,ok,
515240,Eualus townsendi,Species,Eualus,9,fathomnet,Eualus townsendi,accepted,,0,515240,Eualus townsendi,Species,Eualus,TRUE,ok,
597812,Tetractinellida,Order,,9,fathomnet,Tetractinellida,accepted,,0,597812,Tetractinellida,Order,,TRUE,ok,
715094,Bullagummizoanthus emilyacadiaarum,Species,Bullagummizoanthus,9,fathomnet,Bullagummizoanthus emilyacadiaarum,accepted,,0,715094,Bullagummizoanthus emilyacadiaarum,Species,Bullagummizoanthus,TRUE,ok,
754493,Phyllochaetopterus gigas,Species,Phyllochaetopterus,9,fathomnet,Phyllochaetopterus gigas,accepted,,0,754493,Phyllochaetopterus gigas,Species,Phyllochaetopterus,TRUE,ok,
1309340,Tiburonicrinus,Genus,Tiburonicrinus,9,fathomnet,Tiburonicrinus,accepted,,0,1309340,Tiburonicrinus,Genus,Tiburonicrinus,TRUE,ok,
1337983,Pandalus dispar,Species,Pandalus,9,fathomnet,Pandalus dispar,accepted,,0,1337983,Pandalus dispar,Species,Pandalus,TRUE,ok,
1338746,Relicanthus daphneae,Species,Relicanthus,9,fathomnet,Relicanthus daphneae,accepted,,0,1338746,Relicanthus daphneae,Species,Relicanthus,TRUE,ok,
1769885,Lithoptilum lithophilum,Species,Lithoptilum,9,fathomnet,Lithoptilum lithophilum,accepted,,0,1769885,Lithoptilum lithophilum,Species,Lithoptilum,TRUE,ok,
1755,Pleurobranchidae,Family,,8,fathomnet,Pleurobranchidae,accepted,,0,1755,Pleurobranchidae,Family,,TRUE,ok,
13552,Leptothecata,Order,,8,fathomnet,Leptothecata,accepted,,0,13552,Leptothecata,Order,,TRUE,ok,
100764,Iosactis,Genus,Iosactis,8,fathomnet,Iosactis,accepted,,0,100764,Iosactis,Genus,Iosactis,TRUE,ok,
103456,Didemnum,Genus,Didemnum,8,fathomnet,Didemnum,accepted,,0,103456,Didemnum,Genus,Didemnum,TRUE,ok,
106738,Paguridae,Family,,8,fathomnet,Paguridae,accepted,,0,106738,Paguridae,Family,,TRUE,ok,
117098,Geryonia,Genus,Geryonia,8,fathomnet,Geryonia,accepted,,0,117098,Geryonia,Genus,Geryonia,TRUE,ok,
123126,Benthopectinidae,Family,,8,fathomnet,Benthopectinidae,accepted,,0,123126,Benthopectinidae,Family,,TRUE,ok,
123402,Sperosoma,Genus,Sperosoma,8,fathomnet,Sperosoma,accepted,,0,123402,Sperosoma,Genus,Sperosoma,TRUE,ok,
126113,Symphurus,Genus,Symphurus,8,fathomnet,Symphurus,accepted,,0,126113,Symphurus,Genus,Symphurus,TRUE,ok,
131690,Tretodictyidae,Family,,8,fathomnet,Tretodictyidae,accepted,,0,131690,Tretodictyidae,Family,,TRUE,ok,
131895,Cladorhiza,Genus,Cladorhiza,8,fathomnet,Cladorhiza,accepted,,0,131895,Cladorhiza,Genus,Cladorhiza,TRUE,ok,
132016,Poecillastra,Genus,Poecillastra,8,fathomnet,Poecillastra,accepted,,0,132016,Poecillastra,Genus,Poecillastra,TRUE,ok,
132109,Auloplax,Genus,Auloplax,8,fathomnet,Auloplax,accepted,,0,132109,Auloplax,Genus,Auloplax,TRUE,ok,
132123,Bathydorus,Genus,Bathydorus,8,fathomnet,Bathydorus,accepted,,0,132123,Bathydorus,Genus,Bathydorus,TRUE,ok,
135108,Balanophyllia,Genus,Balanophyllia,8,fathomnet,Balanophyllia,accepted,,0,135108,Balanophyllia,Genus,Balanophyllia,TRUE,ok,
135414,Crystallophyes amygdalina,Species,Crystallophyes,8,fathomnet,Crystallophyes amygdalina,accepted,,0,135414,Crystallophyes amygdalina,Species,Crystallophyes,TRUE,ok,
137793,Clione,Genus,Clione,8,fathomnet,Clione,accepted,,0,137793,Clione,Genus,Clione,TRUE,ok,
152391,Nemertea,Phylum,,8,fathomnet,Nemertea,accepted,,0,152391,Nemertea,Phylum,,TRUE,ok,
158217,Actinernus nobilis,Species,Actinernus,8,fathomnet,Actinernus nobilis,accepted,,0,158217,Actinernus nobilis,Species,Actinernus,TRUE,ok,
159791,Lutjanus,Genus,Lutjanus,8,fathomnet,Lutjanus,accepted,,0,159791,Lutjanus,Genus,Lutjanus,TRUE,ok,
159799,Lutjanus mahogoni,Species,Lutjanus,8,fathomnet,Lutjanus mahogoni,accepted,,0,159799,Lutjanus mahogoni,Species,Lutjanus,TRUE,ok,
171632,Aphrocallistes vastus,Species,Aphrocallistes,8,fathomnet,Aphrocallistes vastus,accepted,,0,171632,Aphrocallistes vastus,Species,Aphrocallistes,TRUE,ok,
171711,Gymnorete,Genus,Gymnorete,8,fathomnet,Gymnorete,accepted,,0,171711,Gymnorete,Genus,Gymnorete,TRUE,ok,
171955,Lophocalyx,Genus,Lophocalyx,8,fathomnet,Lophocalyx,accepted,,0,171955,Lophocalyx,Genus,Lophocalyx,TRUE,ok,
178069,Astroceramus,Genus,Astroceramus,8,fathomnet,Astroceramus,accepted,,0,178069,Astroceramus,Genus,Astroceramus,TRUE,ok,
206311,Iniistius,Genus,Iniistius,8,ozfish,Iniistius,accepted,,0,206311,Iniistius,Genus,Iniistius,TRUE,ok,
212783,Amphiprion clarkii,Species,Amphiprion,8,ozfish,Amphiprion clarkii,accepted,,0,212783,Amphiprion clarkii,Species,Amphiprion,TRUE,ok,
212859,Plectroglyphidodon johnstonianus,Species,Plectroglyphidodon,8,ozfish,Plectroglyphidodon johnstonianus,accepted,,0,212859,Plectroglyphidodon johnstonianus,Species,Plectroglyphidodon,TRUE,ok,
214615,Ophioplinthaca rudis,Species,Ophioplinthaca,8,fathomnet,Ophioplinthaca rudis,accepted,,0,214615,Ophioplinthaca rudis,Species,Ophioplinthaca,TRUE,ok,
217422,Taeniura lymma,Species,Taeniura,8,ozfish,Taeniura lymma,accepted,,0,217422,Taeniura lymma,Species,Taeniura,TRUE,ok,
218432,Scomberoides commersonnianus,Species,Scomberoides,8,ozfish,Scomberoides commersonnianus,accepted,,0,218432,Scomberoides commersonnianus,Species,Scomberoides,TRUE,ok,
219599,Valenciennea strigata,Species,Valenciennea,8,ozfish,Valenciennea strigata,accepted,,0,219599,Valenciennea strigata,Species,Valenciennea,TRUE,ok,
219692,Siganus stellatus,Species,Siganus,8,ozfish,Siganus stellatus,accepted,,0,219692,Siganus stellatus,Species,Siganus,TRUE,ok,
219937,Canthigaster rivulata,Species,Canthigaster,8,ozfish,Canthigaster rivulata,accepted,,0,219937,Canthigaster rivulata,Species,Canthigaster,TRUE,ok,
220030,Nebrius ferrugineus,Species,Nebrius,8,ozfish,Nebrius ferrugineus,accepted,,0,220030,Nebrius ferrugineus,Species,Nebrius,TRUE,ok,
249481,Zeuxokoma,Genus,Zeuxokoma,8,fathomnet,Zeuxokoma,accepted,,0,249481,Zeuxokoma,Genus,Zeuxokoma,TRUE,ok,
276783,Scolopsis affinis,Species,Scolopsis,8,ozfish,Scolopsis affinis,accepted,,0,276783,Scolopsis affinis,Species,Scolopsis,TRUE,ok,
277161,Pomacentrus nigromanus,Species,Pomacentrus,8,ozfish,Pomacentrus nigromanus,accepted,,0,277161,Pomacentrus nigromanus,Species,Pomacentrus,TRUE,ok,
280875,Glaucostegus typus,Species,Glaucostegus,8,ozfish,Glaucostegus typus,accepted,,0,280875,Glaucostegus typus,Species,Glaucostegus,TRUE,ok,
280938,Grammatonotus laysanus,Species,Grammatonotus,8,fathomnet,Grammatonotus laysanus,accepted,,0,280938,Grammatonotus laysanus,Species,Grammatonotus,TRUE,ok,
282815,Sladenia remiger,Species,Sladenia,8,fathomnet,Sladenia remiger,accepted,,0,282815,Sladenia remiger,Species,Sladenia,TRUE,ok,
286155,Iridogorgia splendens,Species,Iridogorgia,8,fathomnet,Iridogorgia splendens,accepted,,0,286155,Iridogorgia splendens,Species,Iridogorgia,TRUE,ok,
298341,Epimenia,Genus,Epimenia,8,fathomnet,Epimenia,accepted,,0,298341,Epimenia,Genus,Epimenia,TRUE,ok,
368835,Mediaster ornatus,Species,Mediaster,8,fathomnet,Mediaster ornatus,accepted,,0,368835,Mediaster ornatus,Species,Mediaster,TRUE,ok,
382158,Patellogastropoda,Subclass,,8,fathomnet,Patellogastropoda,accepted,,0,382158,Patellogastropoda,Subclass,,TRUE,ok,
382977,Homeryon asper,Species,Homeryon,8,fathomnet,Homeryon asper,accepted,,0,382977,Homeryon asper,Species,Homeryon,TRUE,ok,
414199,Histocidaris variabilis,Species,Histocidaris,8,fathomnet,Histocidaris variabilis,accepted,,0,414199,Histocidaris variabilis,Species,Histocidaris,TRUE,ok,
464349,Ectenagena elongata,Species,Ectenagena,8,fathomnet,Ectenagena elongata,accepted,,0,464349,Ectenagena elongata,Species,Ectenagena,TRUE,ok,
711310,Thaumatocrinus rugosus,Species,Thaumatocrinus,8,fathomnet,Thaumatocrinus rugosus,accepted,,0,711310,Thaumatocrinus rugosus,Species,Thaumatocrinus,TRUE,ok,
826579,Pentanchidae,Family,,8,fathomnet,Pentanchidae,accepted,,0,826579,Pentanchidae,Family,,TRUE,ok,
828389,Paratelecrinus conifer,Species,Paratelecrinus,8,fathomnet,Paratelecrinus conifer,accepted,,0,828389,Paratelecrinus conifer,Species,Paratelecrinus,TRUE,ok,
843618,Umimayanthus,Genus,Umimayanthus,8,fathomnet,Umimayanthus,accepted,,0,843618,Umimayanthus,Genus,Umimayanthus,TRUE,ok,
1317075,Macroprimnoa ornata,Species,Macroprimnoa,8,fathomnet,Macroprimnoa ornata,accepted,,0,1317075,Macroprimnoa ornata,Species,Macroprimnoa,TRUE,ok,
1517259,Vacatina,Suborder,,8,fathomnet,Vacatina,accepted,,0,1517259,Vacatina,Suborder,,TRUE,ok,
141,Calyptraeidae,Family,,7,fathomnet,Calyptraeidae,accepted,,0,141,Calyptraeidae,Family,,TRUE,ok,
1818,Hemichordata,Phylum,,7,fathomnet,Hemichordata,accepted,,0,1818,Hemichordata,Phylum,,TRUE,ok,
105697,Rhinochimaeridae,Family,,7,fathomnet,Rhinochimaeridae,accepted,,0,105697,Rhinochimaeridae,Family,,TRUE,ok,
110344,Bonelliida,Suborder,,7,fathomnet,Bonelliida,accepted,,0,110344,Bonelliida,Suborder,,TRUE,ok,
116998,Aequorea,Genus,Aequorea,7,fathomnet,Aequorea,accepted,,0,116998,Aequorea,Genus,Aequorea,TRUE,ok,
118343,Munnopsurus,Genus,Munnopsurus,7,fathomnet,Munnopsurus,accepted,,0,118343,Munnopsurus,Genus,Munnopsurus,TRUE,ok,
118377,Munnopsis,Genus,Munnopsis,7,fathomnet,Munnopsis,accepted,,0,118377,Munnopsis,Genus,Munnopsis,TRUE,ok,
123158,Cidaridae,Family,,7,fathomnet,Cidaridae,accepted,,0,123158,Cidaridae,Family,,TRUE,ok,
123160,Echinidae,Family,,7,fathomnet,Echinidae,accepted,,0,123160,Echinidae,Family,,TRUE,ok,
123392,Aspidodiadema,Genus,Aspidodiadema,7,fathomnet,Aspidodiadema,accepted,,0,123392,Aspidodiadema,Genus,Aspidodiadema,TRUE,ok,
125318,Candidella,Genus,Candidella,7,fathomnet,Candidella,accepted,,0,125318,Candidella,Genus,Candidella,TRUE,ok,
125654,Ilyophis,Genus,Ilyophis,7,fathomnet,Ilyophis,accepted,,0,125654,Ilyophis,Genus,Ilyophis,TRUE,ok,
126638,Aldrovandia phalacra,Species,Aldrovandia,7,fathomnet,Aldrovandia phalacra,accepted,,0,126638,Aldrovandia phalacra,Species,Aldrovandia,TRUE,ok,
135209,Madrepora oculata,Species,Madrepora,7,fathomnet,Madrepora oculata,accepted,,0,135209,Madrepora oculata,Species,Madrepora,TRUE,ok,
135337,Clausophyidae,Family,,7,fathomnet,Clausophyidae,accepted,,0,135337,Clausophyidae,Family,,TRUE,ok,
171834,Lyssacinosida,Order,,7,fathomnet,Lyssacinosida,accepted,,0,171834,Lyssacinosida,Order,,TRUE,ok,
196677,Gymnopraia,Genus,Gymnopraia,7,fathomnet,Gymnopraia,accepted,,0,196677,Gymnopraia,Genus,Gymnopraia,TRUE,ok,
205380,Calliaster,Genus,Calliaster,7,fathomnet,Calliaster,accepted,,0,205380,Calliaster,Genus,Calliaster,TRUE,ok,
240747,Strongylocentrotus purpuratus,Species,Strongylocentrotus,7,fathomnet,Strongylocentrotus purpuratus,accepted,,0,240747,Strongylocentrotus purpuratus,Species,Strongylocentrotus,TRUE,ok,
254579,Lumpenus sagitta,Species,Lumpenus,7,fathomnet,Lumpenus sagitta,accepted,,0,254579,Lumpenus sagitta,Species,Lumpenus,TRUE,ok,
267706,Parisis,Genus,Parisis,7,fathomnet,Parisis,accepted,,0,267706,Parisis,Genus,Parisis,TRUE,ok,
267907,Thermopalia,Genus,Thermopalia,7,fathomnet,Thermopalia,accepted,,0,267907,Thermopalia,Genus,Thermopalia,TRUE,ok,
271228,Xeneretmus,Genus,Xeneretmus,7,fathomnet,Xeneretmus,accepted,,0,271228,Xeneretmus,Genus,Xeneretmus,TRUE,ok,
272323,Coryphaenoides capito,Species,Coryphaenoides,7,fathomnet,Coryphaenoides capito,accepted,,0,272323,Coryphaenoides capito,Species,Coryphaenoides,TRUE,ok,
273858,Epinephelus labriformis,Species,Epinephelus,7,fathomnet,Epinephelus labriformis,accepted,,0,273858,Epinephelus labriformis,Species,Epinephelus,TRUE,ok,
274798,Sebastes goodei,Species,Sebastes,7,fathomnet,Sebastes goodei,accepted,,0,274798,Sebastes goodei,Species,Sebastes,TRUE,ok,
276853,Sufflamen verres,Species,Sufflamen,7,fathomnet,Sufflamen verres,accepted,,0,276853,Sufflamen verres,Species,Sufflamen,TRUE,ok,
280276,Coelorinchus doryssus,Species,Coelorinchus,7,fathomnet,Coelorinchus doryssus,accepted,,0,280276,Coelorinchus doryssus,Species,Coelorinchus,TRUE,ok,
281083,Hollardia goslinei,Species,Hollardia,7,fathomnet,Hollardia goslinei,accepted,,0,281083,Hollardia goslinei,Species,Hollardia,TRUE,ok,
281610,Myroconger seychellensis,Species,Myroconger,7,fathomnet,Myroconger seychellensis,accepted,,0,281610,Myroconger seychellensis,Species,Myroconger,TRUE,ok,
286119,Chrysogorgia flavescens,Species,Chrysogorgia,7,fathomnet,Chrysogorgia flavescens,accepted,,0,286119,Chrysogorgia flavescens,Species,Chrysogorgia,TRUE,ok,
286512,Narella bowersi,Species,Narella,7,fathomnet,Narella bowersi,accepted,,0,286512,Narella bowersi,Species,Narella,TRUE,ok,
290193,Isactinernus quadrilobatus,Species,Isactinernus,7,fathomnet,Isactinernus quadrilobatus,accepted,,0,290193,Isactinernus quadrilobatus,Species,Isactinernus,TRUE,ok,
325342,Decapodiformes,Superorder,,7,fathomnet,Decapodiformes,accepted,,0,325342,Decapodiformes,Superorder,,TRUE,ok,
368837,Mediaster tenellus,Species,Mediaster,7,fathomnet,Mediaster tenellus,accepted,,0,368837,Mediaster tenellus,Species,Mediaster,TRUE,ok,
369134,Henricia pauperrima,Species,Henricia,7,fathomnet,Henricia pauperrima,accepted,,0,369134,Henricia pauperrima,Species,Henricia,TRUE,ok,
382131,Patiria miniata,Species,Patiria,7,fathomnet,Patiria miniata,accepted,,0,382131,Patiria miniata,Species,Patiria,TRUE,ok,
392592,Munidopsis recta,Species,Munidopsis,7,fathomnet,Munidopsis recta,accepted,,0,392592,Munidopsis recta,Species,Munidopsis,TRUE,ok,
409564,Narella muzikae,Species,Narella,7,fathomnet,Narella muzikae,accepted,,0,409564,Narella muzikae,Species,Narella,TRUE,ok,
423554,Neptunea amianta,Species,Neptunea,7,fathomnet,Neptunea amianta,accepted,,0,423554,Neptunea amianta,Species,Neptunea,TRUE,ok,
440187,Lamoha longirostris,Species,Lamoha,7,fathomnet,Lamoha longirostris,accepted,,0,440187,Lamoha longirostris,Species,Lamoha,TRUE,ok,
442169,Macroregonia macrochira,Species,Macroregonia,7,fathomnet,Macroregonia macrochira,accepted,,0,442169,Macroregonia macrochira,Species,Macroregonia,TRUE,ok,
513130,Aspidodiadema hawaiiense,Species,Aspidodiadema,7,fathomnet,Aspidodiadema hawaiiense,accepted,,0,513130,Aspidodiadema hawaiiense,Species,Aspidodiadema,TRUE,ok,
534844,Alcockianum,Genus,Alcockianum,7,fathomnet,Alcockianum,accepted,,0,534844,Alcockianum,Genus,Alcockianum,TRUE,ok,
562583,Chirostyloidea,Superfamily,,7,fathomnet,Chirostyloidea,accepted,,0,562583,Chirostyloidea,Superfamily,,TRUE,ok,
723579,Bathycrinus complanatus,Species,Bathycrinus,7,fathomnet,Bathycrinus complanatus,accepted,,0,723579,Bathycrinus complanatus,Species,Bathycrinus,TRUE,ok,
845453,Paulasterias,Genus,Paulasterias,7,fathomnet,Paulasterias,accepted,,0,845453,Paulasterias,Genus,Paulasterias,TRUE,ok,
883729,Calyptrophora pileata,Species,Calyptrophora,7,fathomnet,Calyptrophora pileata,accepted,,0,883729,Calyptrophora pileata,Species,Calyptrophora,TRUE,ok,
994319,Alternatipathes alternata,Species,Alternatipathes,7,fathomnet,Alternatipathes alternata,accepted,,0,994319,Alternatipathes alternata,Species,Alternatipathes,TRUE,ok,
1288564,Paracalyptrophora hawaiiensis,Species,Paracalyptrophora,7,fathomnet,Paracalyptrophora hawaiiensis,accepted,,0,1288564,Paracalyptrophora hawaiiensis,Species,Paracalyptrophora,TRUE,ok,
1379631,Ptilella inflata,Species,Ptilella,7,fathomnet,Ptilella inflata,accepted,,0,1379631,Ptilella inflata,Species,Ptilella,TRUE,ok,
1444250,Ctenophoricola,Genus,Ctenophoricola,7,fathomnet,Ctenophoricola,accepted,,0,1444250,Ctenophoricola,Genus,Ctenophoricola,TRUE,ok,
104,Scaphopoda,Class,,6,fathomnet,Scaphopoda,accepted,,0,104,Scaphopoda,Class,,TRUE,ok,
10313,Gadiformes,Order,,6,fathomnet,Gadiformes,accepted,,0,10313,Gadiformes,Order,,TRUE,ok,
13794,Asellota,Suborder,,6,fathomnet,Asellota,accepted,,0,13794,Asellota,Suborder,,TRUE,ok,
100665,Edwardsiidae,Family,,6,fathomnet,Edwardsiidae,accepted,,0,100665,Edwardsiidae,Family,,TRUE,ok,
101804,Phronima,Genus,Phronima,6,fathomnet,Phronima,accepted,,0,101804,Phronima,Genus,Phronima,TRUE,ok,
101810,Scina,Genus,Scina,6,fathomnet,Scina,accepted,,0,101810,Scina,Genus,Scina,TRUE,ok,
106095,Heteralepas,Genus,Heteralepas,6,fathomnet,Heteralepas,accepted,,0,106095,Heteralepas,Genus,Heteralepas,TRUE,ok,
106684,Sergestoidea,Superfamily,,6,fathomnet,Sergestoidea,accepted,,0,106684,Sergestoidea,Superfamily,,TRUE,ok,
106700,Majoidea,Superfamily,,6,fathomnet,Majoidea,accepted,,0,106700,Majoidea,Superfamily,,TRUE,ok,
106807,Aristeus,Genus,Aristeus,6,fathomnet,Aristeus,accepted,,0,106807,Aristeus,Genus,Aristeus,TRUE,ok,
107015,Nematocarcinus,Genus,Nematocarcinus,6,fathomnet,Nematocarcinus,accepted,,0,107015,Nematocarcinus,Genus,Nematocarcinus,TRUE,ok,
111592,Watersipora subtorquata,Species,Watersipora,6,fathomnet,Watersipora subtorquata,accepted,,0,111592,Watersipora subtorquata,Species,Watersipora,TRUE,ok,
118342,Munneurycope,Genus,Munneurycope,6,fathomnet,Munneurycope,accepted,,0,118342,Munneurycope,Genus,Munneurycope,TRUE,ok,
123362,Pentametrocrinus,Genus,Pentametrocrinus,6,fathomnet,Pentametrocrinus,accepted,,0,123362,Pentametrocrinus,Genus,Pentametrocrinus,TRUE,ok,
123374,Habrocidaris,Genus,Habrocidaris,6,fathomnet,Habrocidaris,accepted,,0,123374,Habrocidaris,Genus,Habrocidaris,TRUE,ok,
124002,Tremaster mirabilis,Species,Tremaster,6,fathomnet,Tremaster mirabilis,accepted,,0,124002,Tremaster mirabilis,Species,Tremaster,TRUE,ok,
124774,Psychropotes depressa,Species,Psychropotes,6,fathomnet,Psychropotes depressa,accepted,,0,124774,Psychropotes depressa,Species,Psychropotes,TRUE,ok,
125284,Alcyonium,Genus,Alcyonium,6,fathomnet,Alcyonium,accepted,,0,125284,Alcyonium,Genus,Alcyonium,TRUE,ok,
125474,Moridae,Family,,6,fathomnet,Moridae,accepted,,0,125474,Moridae,Family,,TRUE,ok,
125507,Alepocephalidae,Family,,6,fathomnet,Alepocephalidae,accepted,,0,125507,Alepocephalidae,Family,,TRUE,ok,
125519,Blenniidae,Family,,6,ozfish,Blenniidae,accepted,,0,125519,Blenniidae,Family,,TRUE,ok,
125538,Haemulidae,Family,,6,fathomnet,Haemulidae,accepted,,0,125538,Haemulidae,Family,,TRUE,ok,
125643,Venefica,Genus,Venefica,6,fathomnet,Venefica,accepted,,0,125643,Venefica,Genus,Venefica,TRUE,ok,
125681,Benthalbella,Genus,Benthalbella,6,fathomnet,Benthalbella,accepted,,0,125681,Benthalbella,Genus,Benthalbella,TRUE,ok,
125796,Chaunax,Genus,Chaunax,6,fathomnet,Chaunax,accepted,,0,125796,Chaunax,Genus,Chaunax,TRUE,ok,
126187,Cyclothone,Genus,Cyclothone,6,fathomnet,Cyclothone,accepted,,0,126187,Cyclothone,Genus,Cyclothone,TRUE,ok,
126242,Antigonia,Genus,Antigonia,6,fathomnet,Antigonia,accepted,,0,126242,Antigonia,Genus,Antigonia,TRUE,ok,
126805,Caranx lugubris,Species,Caranx,6,ozfish,Caranx lugubris,accepted,,0,126805,Caranx lugubris,Species,Caranx,TRUE,ok,
126813,Selar boops,Species,Selar,6,ozfish,Selar boops,accepted,,0,126813,Selar boops,Species,Selar,TRUE,ok,
128503,Virgularia,Genus,Virgularia,6,fathomnet,Virgularia,accepted,,0,128503,Virgularia,Genus,Virgularia,TRUE,ok,
131685,Pheronematidae,Family,,6,fathomnet,Pheronematidae,accepted,,0,131685,Pheronematidae,Family,,TRUE,ok,
135365,Lensia,Genus,Lensia,6,fathomnet,Lensia,accepted,,0,135365,Lensia,Genus,Lensia,TRUE,ok,
137212,Doliolida,Order,,6,fathomnet,Doliolida,accepted,,0,137212,Doliolida,Order,,TRUE,ok,
137237,Thetys,Genus,Thetys,6,fathomnet,Thetys,accepted,,0,137237,Thetys,Genus,Thetys,TRUE,ok,
138257,Notobranchaea,Genus,Notobranchaea,6,fathomnet,Notobranchaea,accepted,,0,138257,Notobranchaea,Genus,Notobranchaea,TRUE,ok,
138366,Pneumodermopsis,Genus,Pneumodermopsis,6,fathomnet,Pneumodermopsis,accepted,,0,138366,Pneumodermopsis,Genus,Pneumodermopsis,TRUE,ok,
156705,Kumba,Genus,Kumba,6,fathomnet,Kumba,accepted,,0,156705,Kumba,Genus,Kumba,TRUE,ok,
159133,Lamprogrammus brunswigi,Species,Lamprogrammus,6,fathomnet,Lamprogrammus brunswigi,accepted,,0,159133,Lamprogrammus brunswigi,Species,Lamprogrammus,TRUE,ok,
171845,Saccocalyx pedunculatus,Species,Saccocalyx,6,fathomnet,Saccocalyx pedunculatus,accepted,,0,171845,Saccocalyx pedunculatus,Species,Saccocalyx,TRUE,ok,
177050,Eurytheneidae,Family,,6,fathomnet,Eurytheneidae,accepted,,0,177050,Eurytheneidae,Family,,TRUE,ok,
184559,Abyssocladia,Genus,Abyssocladia,6,fathomnet,Abyssocladia,accepted,,0,184559,Abyssocladia,Genus,Abyssocladia,TRUE,ok,
205515,Pseudochromis,Genus,Pseudochromis,6,ozfish,Pseudochromis,accepted,,0,205515,Pseudochromis,Genus,Pseudochromis,TRUE,ok,
205817,Lophiodes,Genus,Lophiodes,6,fathomnet,Lophiodes,accepted,,0,205817,Lophiodes,Genus,Lophiodes,TRUE,ok,
206516,Amblyeleotris,Genus,Amblyeleotris,6,ozfish,Amblyeleotris,accepted,,0,206516,Amblyeleotris,Genus,Amblyeleotris,TRUE,ok,
218232,Epinephelus hexagonatus,Species,Epinephelus,6,ozfish,Epinephelus hexagonatus,accepted,,0,218232,Epinephelus hexagonatus,Species,Epinephelus,TRUE,ok,
218549,Plectorhinchus flavomaculatus,Species,Plectorhinchus,6,ozfish,Plectorhinchus flavomaculatus,accepted,,0,218549,Plectorhinchus flavomaculatus,Species,Plectorhinchus,TRUE,ok,
218837,Neopomacentrus azysron,Species,Neopomacentrus,6,ozfish,Neopomacentrus azysron,accepted,,0,218837,Neopomacentrus azysron,Species,Neopomacentrus,TRUE,ok,
218855,Cirrhitichthys aprinus,Species,Cirrhitichthys,6,ozfish,Cirrhitichthys aprinus,accepted,,0,218855,Cirrhitichthys aprinus,Species,Cirrhitichthys,TRUE,ok,
219016,Labropsis xanthonota,Species,Labropsis,6,ozfish,Labropsis xanthonota,accepted,,0,219016,Labropsis xanthonota,Species,Labropsis,TRUE,ok,
219061,Stethojulis strigiventer,Species,Stethojulis,6,ozfish,Stethojulis strigiventer,accepted,,0,219061,Stethojulis strigiventer,Species,Stethojulis,TRUE,ok,
219608,Gunnellichthys curiosus,Species,Gunnellichthys,6,ozfish,Gunnellichthys curiosus,accepted,,0,219608,Gunnellichthys curiosus,Species,Gunnellichthys,TRUE,ok,
219622,Ptereleotris evides,Species,Ptereleotris,6,ozfish,Ptereleotris evides,accepted,,0,219622,Ptereleotris evides,Species,Ptereleotris,TRUE,ok,
243708,Ophioleuce brevispinum,Species,Ophioleuce,6,fathomnet,Ophioleuce brevispinum,accepted,,0,243708,Ophioleuce brevispinum,Species,Ophioleuce,TRUE,ok,
248361,Acanthamunnopsis,Genus,Acanthamunnopsis,6,fathomnet,Acanthamunnopsis,accepted,,0,248361,Acanthamunnopsis,Genus,Acanthamunnopsis,TRUE,ok,
254862,Novodinia pacifica,Species,Novodinia,6,fathomnet,Novodinia pacifica,accepted,,0,254862,Novodinia pacifica,Species,Novodinia,TRUE,ok,
267263,Bellonella,Genus,Bellonella,6,fathomnet,Bellonella,accepted,,0,267263,Bellonella,Genus,Bellonella,TRUE,ok,
267484,Hexapathes,Genus,Hexapathes,6,fathomnet,Hexapathes,accepted,,0,267484,Hexapathes,Genus,Hexapathes,TRUE,ok,
267656,Orstomisis,Genus,Orstomisis,6,fathomnet,Orstomisis,accepted,,0,267656,Orstomisis,Genus,Orstomisis,TRUE,ok,
268809,Coelorinchus,Genus,Coelorinchus,6,fathomnet,Coelorinchus,accepted,,0,268809,Coelorinchus,Genus,Coelorinchus,TRUE,ok,
269476,Icelinus,Genus,Icelinus,6,fathomnet,Icelinus,accepted,,0,269476,Icelinus,Genus,Icelinus,TRUE,ok,
271342,Apristurus kampae,Species,Apristurus,6,fathomnet,Apristurus kampae,accepted,,0,271342,Apristurus kampae,Species,Apristurus,TRUE,ok,
272290,Bregmaceros bathymaster,Species,Bregmaceros,6,fathomnet,Bregmaceros bathymaster,accepted,,0,272290,Bregmaceros bathymaster,Species,Bregmaceros,TRUE,ok,
272849,Alepocephalus tenebrosus,Species,Alepocephalus,6,fathomnet,Alepocephalus tenebrosus,accepted,,0,272849,Alepocephalus tenebrosus,Species,Alepocephalus,TRUE,ok,
273374,Prognathodes falcifer,Species,Prognathodes,6,fathomnet,Prognathodes falcifer,accepted,,0,273374,Prognathodes falcifer,Species,Prognathodes,TRUE,ok,
273483,Plectorhinchus chaetodonoides,Species,Plectorhinchus,6,ozfish,Plectorhinchus chaetodonoides,accepted,,0,273483,Plectorhinchus chaetodonoides,Species,Plectorhinchus,TRUE,ok,
273860,Epinephelus maculatus,Species,Epinephelus,6,ozfish,Epinephelus maculatus,accepted,,0,273860,Epinephelus maculatus,Species,Epinephelus,TRUE,ok,
274264,Symphurus oligomerus,Species,Symphurus,6,fathomnet,Symphurus oligomerus,accepted,,0,274264,Symphurus oligomerus,Species,Symphurus,TRUE,ok,
274437,Careproctus longifilis,Species,Careproctus,6,fathomnet,Careproctus longifilis,accepted,,0,274437,Careproctus longifilis,Species,Careproctus,TRUE,ok,
276065,Scarus xanthopleura,Species,Scarus,6,ozfish,Scarus xanthopleura,accepted,,0,276065,Scarus xanthopleura,Species,Scarus,TRUE,ok,
277504,Chlorurus bleekeri,Species,Chlorurus,6,ozfish,Chlorurus bleekeri,accepted,,0,277504,Chlorurus bleekeri,Species,Chlorurus,TRUE,ok,
277833,Chiloscyllium punctatum,Species,Chiloscyllium,6,ozfish,Chiloscyllium punctatum,accepted,,0,277833,Chiloscyllium punctatum,Species,Chiloscyllium,TRUE,ok,
278008,Naso mcdadei,Species,Naso,6,ozfish,Naso mcdadei,accepted,,0,278008,Naso mcdadei,Species,Naso,TRUE,ok,
278689,Labroides pectoralis,Species,Labroides,6,ozfish,Labroides pectoralis,accepted,,0,278689,Labroides pectoralis,Species,Labroides,TRUE,ok,
278836,Centropyge flavissima,Species,Centropyge,6,ozfish,Centropyge flavissima,accepted,,0,278836,Centropyge flavissima,Species,Centropyge,TRUE,ok,
280146,Chilara taylori,Species,Chilara,6,fathomnet,Chilara taylori,accepted,,0,280146,Chilara taylori,Species,Chilara,TRUE,ok,
280176,Chrionema chryseres,Species,Chrionema,6,fathomnet,Chrionema chryseres,accepted,,0,280176,Chrionema chryseres,Species,Chrionema,TRUE,ok,
280730,Eubalichthys caeruleoguttatus,Species,Eubalichthys,6,ozfish,Eubalichthys caeruleoguttatus,accepted,,0,280730,Eubalichthys caeruleoguttatus,Species,Eubalichthys,TRUE,ok,
283832,Corallimorphus rigidus,Species,Corallimorphus,6,fathomnet,Corallimorphus rigidus,accepted,,0,283832,Corallimorphus rigidus,Species,Corallimorphus,TRUE,ok,
290839,Polymyces wellsi,Species,Polymyces,6,fathomnet,Polymyces wellsi,accepted,,0,290839,Polymyces wellsi,Species,Polymyces,TRUE,ok,
307139,Canthigaster axiologus,Species,Canthigaster,6,ozfish,Canthigaster axiologus,accepted,,0,307139,Canthigaster axiologus,Species,Canthigaster,TRUE,ok,
381753,Hymenodiscus,Genus,Hymenodiscus,6,fathomnet,Hymenodiscus,accepted,,0,381753,Hymenodiscus,Genus,Hymenodiscus,TRUE,ok,
387272,Kephyes,Genus,Kephyes,6,fathomnet,Kephyes,accepted,,0,387272,Kephyes,Genus,Kephyes,TRUE,ok,
387338,Pterotracheoidea,Superfamily,,6,fathomnet,Pterotracheoidea,accepted,,0,387338,Pterotracheoidea,Superfamily,,TRUE,ok,
440191,Lamoha williamsi,Species,Lamoha,6,fathomnet,Lamoha williamsi,accepted,,0,440191,Lamoha williamsi,Species,Lamoha,TRUE,ok,
440289,Bythograea thermydron,Species,Bythograea,6,fathomnet,Bythograea thermydron,accepted,,0,440289,Bythograea thermydron,Species,Bythograea,TRUE,ok,
465573,Akoya,Genus,Akoya,6,fathomnet,Akoya,accepted,,0,465573,Akoya,Genus,Akoya,TRUE,ok,
512435,Micropyga,Genus,Micropyga,6,fathomnet,Micropyga,accepted,,0,512435,Micropyga,Genus,Micropyga,TRUE,ok,
513621,Tromikosoma hispidum,Species,Tromikosoma,6,fathomnet,Tromikosoma hispidum,accepted,,0,513621,Tromikosoma hispidum,Species,Tromikosoma,TRUE,ok,
529029,Hansenothuria benti,Species,Hansenothuria,6,fathomnet,Hansenothuria benti,accepted,,0,529029,Hansenothuria benti,Species,Hansenothuria,TRUE,ok,
536746,Rubyspira,Genus,Rubyspira,6,fathomnet,Rubyspira,accepted,,0,536746,Rubyspira,Genus,Rubyspira,TRUE,ok,
710164,Chondrocladia (Symmetrocladia) lyra,Species,Chondrocladia,6,fathomnet,Chondrocladia (Symmetrocladia) lyra,accepted,,0,710164,Chondrocladia (Symmetrocladia) lyra,Species,Chondrocladia,TRUE,ok,
712972,Taeniurops meyeni,Species,Taeniurops,6,ozfish,Taeniurops meyeni,accepted,,0,712972,Taeniurops meyeni,Species,Taeniurops,TRUE,ok,
715097,Kulamanamana haumeaae,Species,Kulamanamana,6,fathomnet,Kulamanamana haumeaae,accepted,,0,715097,Kulamanamana haumeaae,Species,Kulamanamana,TRUE,ok,
723294,Heteropathes americana,Species,Heteropathes,6,fathomnet,Heteropathes americana,accepted,,0,723294,Heteropathes americana,Species,Heteropathes,TRUE,ok,
883738,Bathygorgia,Genus,Bathygorgia,6,fathomnet,Bathygorgia,accepted,,0,883738,Bathygorgia,Genus,Bathygorgia,TRUE,ok,
1311247,Hemicorallium ducale,Species,Hemicorallium,6,fathomnet,Hemicorallium ducale,accepted,,0,1311247,Hemicorallium ducale,Species,Hemicorallium,TRUE,ok,
1317072,Calyptrophora distolos,Species,Calyptrophora,6,fathomnet,Calyptrophora distolos,accepted,,0,1317072,Calyptrophora distolos,Species,Calyptrophora,TRUE,ok,
1317082,Narella virgosa,Species,Narella,6,fathomnet,Narella virgosa,accepted,,0,1317082,Narella virgosa,Species,Narella,TRUE,ok,
1423917,Catherinum proximum,Species,Catherinum,6,fathomnet,Catherinum proximum,accepted,,0,1423917,Catherinum proximum,Species,Catherinum,TRUE,ok,
1446846,Advhena magnifica,Species,Advhena,6,fathomnet,Advhena magnifica,accepted,,0,1446846,Advhena magnifica,Species,Advhena,TRUE,ok,
1476377,Iridogorgia superba,Species,Iridogorgia,6,fathomnet,Iridogorgia superba,accepted,,0,1476377,Iridogorgia superba,Species,Iridogorgia,TRUE,ok,
1593535,Atheraster arandae,Species,Atheraster,6,fathomnet,Atheraster arandae,accepted,,0,1593535,Atheraster arandae,Species,Atheraster,TRUE,ok,
1671474,Parachrysogorgia stellata,Species,Parachrysogorgia,6,fathomnet,Parachrysogorgia stellata,accepted,,0,1671474,Parachrysogorgia stellata,Species,Parachrysogorgia,TRUE,ok,
113,Patellidae,Family,,5,fathomnet,Patellidae,accepted,,0,113,Patellidae,Family,,TRUE,ok,
900,Terebellida,Order,,5,fathomnet,Terebellida,accepted,,0,900,Terebellida,Order,,TRUE,ok,
960,Amphinomidae,Family,,5,fathomnet,Amphinomidae,accepted,,0,960,Amphinomidae,Family,,TRUE,ok,
1065,Arthropoda,Phylum,,5,fathomnet,Arthropoda,accepted,,0,1065,Arthropoda,Phylum,,TRUE,ok,
1107,Thoracica,Infraclass,,5,fathomnet,Thoracica,accepted,,0,1107,Thoracica,Infraclass,,TRUE,ok,
10314,Ophidiiformes,Order,,5,fathomnet,Ophidiiformes,accepted,,0,10314,Ophidiiformes,Order,,TRUE,ok,
14665,Mitrocomidae,Family,,5,fathomnet,Mitrocomidae,accepted,,0,14665,Mitrocomidae,Family,,TRUE,ok,
100690,Zoanthidae,Family,,5,fathomnet,Zoanthidae,accepted,,0,100690,Zoanthidae,Family,,TRUE,ok,
101378,Dexaminidae,Family,,5,fathomnet,Dexaminidae,accepted,,0,101378,Dexaminidae,Family,,TRUE,ok,
101793,Cystisoma,Genus,Cystisoma,5,fathomnet,Cystisoma,accepted,,0,101793,Cystisoma,Genus,Cystisoma,TRUE,ok,
103305,Leiopathes,Genus,Leiopathes,5,fathomnet,Leiopathes,accepted,,0,103305,Leiopathes,Genus,Leiopathes,TRUE,ok,
103358,Fritillaria,Genus,Fritillaria,5,fathomnet,Fritillaria,accepted,,0,103358,Fritillaria,Genus,Fritillaria,TRUE,ok,
103450,Styelidae,Family,,5,fathomnet,Styelidae,accepted,,0,103450,Styelidae,Family,,TRUE,ok,
105734,Hydrolagus,Genus,Hydrolagus,5,fathomnet,Hydrolagus,accepted,,0,105734,Hydrolagus,Genus,Hydrolagus,TRUE,ok,
106038,Scalpellomorpha,Order,,5,fathomnet,Scalpellomorpha,accepted,,0,106038,Scalpellomorpha,Order,,TRUE,ok,
106736,Diogenidae,Family,,5,fathomnet,Diogenidae,accepted,,0,106736,Diogenidae,Family,,TRUE,ok,
106917,Chaceon,Genus,Chaceon,5,fathomnet,Chaceon,accepted,,0,106917,Chaceon,Genus,Chaceon,TRUE,ok,
107004,Bathypalaemonella,Genus,Bathypalaemonella,5,fathomnet,Bathypalaemonella,accepted,,0,107004,Bathypalaemonella,Genus,Bathypalaemonella,TRUE,ok,
107646,Heterocarpus laevigatus,Species,Heterocarpus,5,fathomnet,Heterocarpus laevigatus,accepted,,0,107646,Heterocarpus laevigatus,Species,Heterocarpus,TRUE,ok,
117058,Branchiocerianthus,Genus,Branchiocerianthus,5,fathomnet,Branchiocerianthus,accepted,,0,117058,Branchiocerianthus,Genus,Branchiocerianthus,TRUE,ok,
117246,Stylaster,Genus,Stylaster,5,fathomnet,Stylaster,accepted,,0,117246,Stylaster,Genus,Stylaster,TRUE,ok,
117612,Hydrodendron gorgonoide,Species,Hydrodendron,5,fathomnet,Hydrodendron gorgonoide,accepted,,0,117612,Hydrodendron gorgonoide,Species,Hydrodendron,TRUE,ok,
118280,Arcturidae,Family,,5,fathomnet,Arcturidae,accepted,,0,118280,Arcturidae,Family,,TRUE,ok,
123151,Pentametrocrinidae,Family,,5,fathomnet,Pentametrocrinidae,accepted,,0,123151,Pentametrocrinidae,Family,,TRUE,ok,
123200,Ophiuridae,Family,,5,fathomnet,Ophiuridae,accepted,,0,123200,Ophiuridae,Family,,TRUE,ok,
123240,Cheiraster,Genus,Cheiraster,5,fathomnet,Cheiraster,accepted,,0,123240,Cheiraster,Genus,Cheiraster,TRUE,ok,
125299,Nicella,Genus,Nicella,5,fathomnet,Nicella,accepted,,0,125299,Nicella,Genus,Nicella,TRUE,ok,
125588,Agonidae,Family,,5,fathomnet,Agonidae,accepted,,0,125588,Agonidae,Family,,TRUE,ok,
125664,Chlorophthalmus,Genus,Chlorophthalmus,5,fathomnet,Chlorophthalmus,accepted,,0,125664,Chlorophthalmus,Genus,Chlorophthalmus,TRUE,ok,
126343,Bathypterois grallator,Species,Bathypterois,5,fathomnet,Bathypterois grallator,accepted,,0,126343,Bathypterois grallator,Species,Bathypterois,TRUE,ok,
126804,Caranx latus,Species,Caranx,5,fathomnet,Caranx latus,accepted,,0,126804,Caranx latus,Species,Caranx,TRUE,ok,
132005,Geodia,Genus,Geodia,5,fathomnet,Geodia,accepted,,0,132005,Geodia,Genus,Geodia,TRUE,ok,
132105,Periphragella,Genus,Periphragella,5,fathomnet,Periphragella,accepted,,0,132105,Periphragella,Genus,Periphragella,TRUE,ok,
132125,Lanuginella,Genus,Lanuginella,5,fathomnet,Lanuginella,accepted,,0,132125,Lanuginella,Genus,Lanuginella,TRUE,ok,
137206,Chelonia mydas,Species,Chelonia,5,fathomnet,Chelonia mydas,accepted,,0,137206,Chelonia mydas,Species,Chelonia,TRUE,ok,
137207,Eretmochelys imbricata,Species,Eretmochelys,5,fathomnet,Eretmochelys imbricata,accepted,,0,137207,Eretmochelys imbricata,Species,Eretmochelys,TRUE,ok,
137777,Chiroteuthis,Genus,Chiroteuthis,5,fathomnet,Chiroteuthis,accepted,,0,137777,Chiroteuthis,Genus,Chiroteuthis,TRUE,ok,
160752,Pilematechinus,Genus,Pilematechinus,5,fathomnet,Pilematechinus,accepted,,0,160752,Pilematechinus,Genus,Pilematechinus,TRUE,ok,
171779,Lonchiphora,Genus,Lonchiphora,5,fathomnet,Lonchiphora,accepted,,0,171779,Lonchiphora,Genus,Lonchiphora,TRUE,ok,
171860,Dictyocalyx,Genus,Dictyocalyx,5,fathomnet,Dictyocalyx,accepted,,0,171860,Dictyocalyx,Genus,Dictyocalyx,TRUE,ok,
196143,Epialtidae,Family,,5,fathomnet,Epialtidae,accepted,,0,196143,Epialtidae,Family,,TRUE,ok,
205464,Astrophiura,Genus,Astrophiura,5,fathomnet,Astrophiura,accepted,,0,205464,Astrophiura,Genus,Astrophiura,TRUE,ok,
205984,Orphnurgus,Genus,Orphnurgus,5,fathomnet,Orphnurgus,accepted,,0,205984,Orphnurgus,Genus,Orphnurgus,TRUE,ok,
221130,Pennatula murrayi,Species,Pennatula,5,fathomnet,Pennatula murrayi,accepted,,0,221130,Pennatula murrayi,Species,Pennatula,TRUE,ok,
221394,Bathypterois atricolor,Species,Bathypterois,5,fathomnet,Bathypterois atricolor,accepted,,0,221394,Bathypterois atricolor,Species,Bathypterois,TRUE,ok,
246674,Hyocrinida,Order,,5,fathomnet,Hyocrinida,accepted,,0,246674,Hyocrinida,Order,,TRUE,ok,
267431,Exocoelactis,Genus,Exocoelactis,5,fathomnet,Exocoelactis,accepted,,0,267431,Exocoelactis,Genus,Exocoelactis,TRUE,ok,
267758,Polymyces,Genus,Polymyces,5,fathomnet,Polymyces,accepted,,0,267758,Polymyces,Genus,Polymyces,TRUE,ok,
272335,Coryphaenoides longicirrhus,Species,Coryphaenoides,5,fathomnet,Coryphaenoides longicirrhus,accepted,,0,272335,Coryphaenoides longicirrhus,Species,Coryphaenoides,TRUE,ok,
272421,Nezumia obliquata,Species,Nezumia,5,fathomnet,Nezumia obliquata,accepted,,0,272421,Nezumia obliquata,Species,Nezumia,TRUE,ok,
272520,Urophycis cirrata,Species,Urophycis,5,fathomnet,Urophycis cirrata,accepted,,0,272520,Urophycis cirrata,Species,Urophycis,TRUE,ok,
274773,Sebastes auriculatus,Species,Sebastes,5,fathomnet,Sebastes auriculatus,accepted,,0,274773,Sebastes auriculatus,Species,Sebastes,TRUE,ok,
274785,Sebastes crameri,Species,Sebastes,5,fathomnet,Sebastes crameri,accepted,,0,274785,Sebastes crameri,Species,Sebastes,TRUE,ok,
274790,Sebastes ensifer,Species,Sebastes,5,fathomnet,Sebastes ensifer,accepted,,0,274790,Sebastes ensifer,Species,Sebastes,TRUE,ok,
274830,Sebastes ovalis,Species,Sebastes,5,fathomnet,Sebastes ovalis,accepted,,0,274830,Sebastes ovalis,Species,Sebastes,TRUE,ok,
286025,Clavularia grandiflora,Species,Clavularia,5,fathomnet,Clavularia grandiflora,accepted,,0,286025,Clavularia grandiflora,Species,Clavularia,TRUE,ok,
286487,Callogorgia formosa,Species,Callogorgia,5,fathomnet,Callogorgia formosa,accepted,,0,286487,Callogorgia formosa,Species,Callogorgia,TRUE,ok,
286488,Callogorgia gilberti,Species,Callogorgia,5,fathomnet,Callogorgia gilberti,accepted,,0,286488,Callogorgia gilberti,Species,Callogorgia,TRUE,ok,
369050,Pteraster reticulatus,Species,Pteraster,5,fathomnet,Pteraster reticulatus,accepted,,0,369050,Pteraster reticulatus,Species,Pteraster,TRUE,ok,
378083,Munidopsis albatrossae,Species,Munidopsis,5,fathomnet,Munidopsis albatrossae,accepted,,0,378083,Munidopsis albatrossae,Species,Munidopsis,TRUE,ok,
392590,Munidopsis quadrata,Species,Munidopsis,5,fathomnet,Munidopsis quadrata,accepted,,0,392590,Munidopsis quadrata,Species,Munidopsis,TRUE,ok,
398481,Odontanthias katayamai,Species,Odontanthias,5,fathomnet,Odontanthias katayamai,accepted,,0,398481,Odontanthias katayamai,Species,Odontanthias,TRUE,ok,
411386,Histocidaris,Genus,Histocidaris,5,fathomnet,Histocidaris,accepted,,0,411386,Histocidaris,Genus,Histocidaris,TRUE,ok,
415541,Lamoha,Genus,Lamoha,5,fathomnet,Lamoha,accepted,,0,415541,Lamoha,Genus,Lamoha,TRUE,ok,
439381,Gordonopsis,Genus,Gordonopsis,5,fathomnet,Gordonopsis,accepted,,0,439381,Gordonopsis,Genus,Gordonopsis,TRUE,ok,
441893,Cyrtomaia smithi,Species,Cyrtomaia,5,fathomnet,Cyrtomaia smithi,accepted,,0,441893,Cyrtomaia smithi,Species,Cyrtomaia,TRUE,ok,
456763,Caenopedina pulchella,Species,Caenopedina,5,fathomnet,Caenopedina pulchella,accepted,,0,456763,Caenopedina pulchella,Species,Caenopedina,TRUE,ok,
476496,Fusitriton oregonensis,Species,Fusitriton,5,fathomnet,Fusitriton oregonensis,accepted,,0,476496,Fusitriton oregonensis,Species,Fusitriton,TRUE,ok,
531388,Bathydoris aioca,Species,Bathydoris,5,fathomnet,Bathydoris aioca,accepted,,0,531388,Bathydoris aioca,Species,Bathydoris,TRUE,ok,
574228,Plumarella circumoperculum,Species,Plumarella,5,fathomnet,Plumarella circumoperculum,accepted,,0,574228,Plumarella circumoperculum,Species,Plumarella,TRUE,ok,
578127,Earleria corachloeae,Species,Earleria,5,fathomnet,Earleria corachloeae,accepted,,0,578127,Earleria corachloeae,Species,Earleria,TRUE,ok,
707675,Guillecrinus,Genus,Guillecrinus,5,fathomnet,Guillecrinus,accepted,,0,707675,Guillecrinus,Genus,Guillecrinus,TRUE,ok,
719492,Calyptrophora diaphana,Species,Calyptrophora,5,fathomnet,Calyptrophora diaphana,accepted,,0,719492,Calyptrophora diaphana,Species,Calyptrophora,TRUE,ok,
723306,Heteropathes pacifica,Species,Heteropathes,5,fathomnet,Heteropathes pacifica,accepted,,0,723306,Heteropathes pacifica,Species,Heteropathes,TRUE,ok,
723462,Democrinus japonicus,Species,Democrinus,5,fathomnet,Democrinus japonicus,accepted,,0,723462,Democrinus japonicus,Species,Democrinus,TRUE,ok,
751756,Paratelecrinus,Genus,Paratelecrinus,5,fathomnet,Paratelecrinus,accepted,,0,751756,Paratelecrinus,Genus,Paratelecrinus,TRUE,ok,
882825,Pseudochrysogorgia,Genus,Pseudochrysogorgia,5,fathomnet,Pseudochrysogorgia,accepted,,0,882825,Pseudochrysogorgia,Genus,Pseudochrysogorgia,TRUE,ok,
883737,Chrysogorgia tricaulis,Species,Chrysogorgia,5,fathomnet,Chrysogorgia tricaulis,accepted,,0,883737,Chrysogorgia tricaulis,Species,Chrysogorgia,TRUE,ok,
883967,Thoridae,Family,,5,fathomnet,Thoridae,accepted,,0,883967,Thoridae,Family,,TRUE,ok,
884132,Antipathes leptocrada,Species,Antipathes,5,fathomnet,Antipathes leptocrada,accepted,,0,884132,Antipathes leptocrada,Species,Antipathes,TRUE,ok,
892593,Siphonophora,Genus,Siphonophora,5,fathomnet,Siphonophora,accepted,,0,892593,Siphonophora,Genus,Siphonophora,TRUE,ok,
1048819,Spongiactis,Genus,Spongiactis,5,fathomnet,Spongiactis,accepted,,0,1048819,Spongiactis,Genus,Spongiactis,TRUE,ok,
1311286,Pleurocorallium porcellanum,Species,Pleurocorallium,5,fathomnet,Pleurocorallium porcellanum,accepted,,0,1311286,Pleurocorallium porcellanum,Species,Pleurocorallium,TRUE,ok,
1317085,Narella aurantiaca,Species,Narella,5,fathomnet,Narella aurantiaca,accepted,,0,1317085,Narella aurantiaca,Species,Narella,TRUE,ok,
152,Turridae,Family,,4,fathomnet,Turridae,accepted,,0,152,Turridae,Family,,TRUE,ok,
1595,Candelabridae,Family,,4,fathomnet,Candelabridae,accepted,,0,1595,Candelabridae,Family,,TRUE,ok,
1778,Limidae,Family,,4,fathomnet,Limidae,accepted,,0,1778,Limidae,Family,,TRUE,ok,
14355,Stomatopoda,Order,,4,fathomnet,Stomatopoda,accepted,,0,14355,Stomatopoda,Order,,TRUE,ok,
100682,Arachnactidae,Family,,4,fathomnet,Arachnactidae,accepted,,0,100682,Arachnactidae,Family,,TRUE,ok,
100720,Alicia,Genus,Alicia,4,fathomnet,Alicia,accepted,,0,100720,Alicia,Genus,Alicia,TRUE,ok,
100757,Hormathia,Genus,Hormathia,4,fathomnet,Hormathia,accepted,,0,100757,Hormathia,Genus,Hormathia,TRUE,ok,
101405,Podoceridae,Family,,4,fathomnet,Podoceridae,accepted,,0,101405,Podoceridae,Family,,TRUE,ok,
101444,Amathillopsis,Genus,Amathillopsis,4,fathomnet,Amathillopsis,accepted,,0,101444,Amathillopsis,Genus,Amathillopsis,TRUE,ok,
105415,Eukrohnia fowleri,Species,Eukrohnia,4,fathomnet,Eukrohnia fowleri,accepted,,0,105415,Eukrohnia fowleri,Species,Eukrohnia,TRUE,ok,
105727,Apristurus,Genus,Apristurus,4,fathomnet,Apristurus,accepted,,0,105727,Apristurus,Genus,Apristurus,TRUE,ok,
105833,Hexanchus griseus,Species,Hexanchus,4,fathomnet,Hexanchus griseus,accepted,,0,105833,Hexanchus griseus,Species,Hexanchus,TRUE,ok,
105844,Odontaspis ferox,Species,Odontaspis,4,fathomnet,Odontaspis ferox,accepted,,0,105844,Odontaspis ferox,Species,Odontaspis,TRUE,ok,
105863,Amblyraja hyperborea,Species,Amblyraja,4,fathomnet,Amblyraja hyperborea,accepted,,0,105863,Amblyraja hyperborea,Species,Amblyraja,TRUE,ok,
106669,Dendrobranchiata,Suborder,,4,fathomnet,Dendrobranchiata,accepted,,0,106669,Dendrobranchiata,Suborder,,TRUE,ok,
106811,Benthesicymus,Genus,Benthesicymus,4,fathomnet,Benthesicymus,accepted,,0,106811,Benthesicymus,Genus,Benthesicymus,TRUE,ok,
106845,Lithodes,Genus,Lithodes,4,fathomnet,Lithodes,accepted,,0,106845,Lithodes,Genus,Lithodes,TRUE,ok,
116996,Aeginura,Genus,Aeginura,4,fathomnet,Aeginura,accepted,,0,116996,Aeginura,Genus,Aeginura,TRUE,ok,
117070,Sarsia,Genus,Sarsia,4,fathomnet,Sarsia,accepted,,0,117070,Sarsia,Genus,Sarsia,TRUE,ok,
117105,Hydrodendron,Genus,Hydrodendron,4,fathomnet,Hydrodendron,accepted,,0,117105,Hydrodendron,Genus,Hydrodendron,TRUE,ok,
117152,Melicertum,Genus,Melicertum,4,fathomnet,Melicertum,accepted,,0,117152,Melicertum,Genus,Melicertum,TRUE,ok,
117799,Pandea rubra,Species,Pandea,4,fathomnet,Pandea rubra,accepted,,0,117799,Pandea rubra,Species,Pandea,TRUE,ok,
118283,Idoteidae,Family,,4,fathomnet,Idoteidae,accepted,,0,118283,Idoteidae,Family,,TRUE,ok,
123232,Coronaster,Genus,Coronaster,4,fathomnet,Coronaster,accepted,,0,123232,Coronaster,Genus,Coronaster,TRUE,ok,
123288,Nepanthia,Genus,Nepanthia,4,fathomnet,Nepanthia,accepted,,0,123288,Nepanthia,Genus,Nepanthia,TRUE,ok,
123465,Mesothuria,Genus,Mesothuria,4,fathomnet,Mesothuria,accepted,,0,123465,Mesothuria,Genus,Mesothuria,TRUE,ok,
123526,Enypniastes,Genus,Enypniastes,4,fathomnet,Enypniastes,accepted,,0,123526,Enypniastes,Genus,Enypniastes,TRUE,ok,
124757,Laetmogone wyvillethomsoni,Species,Laetmogone,4,fathomnet,Laetmogone wyvillethomsoni,accepted,,0,124757,Laetmogone wyvillethomsoni,Species,Laetmogone,TRUE,ok,
124778,Psychropotes longicauda,Species,Psychropotes,4,fathomnet,Psychropotes longicauda,accepted,,0,124778,Psychropotes longicauda,Species,Psychropotes,TRUE,ok,
124779,Psychropotes semperiana,Species,Psychropotes,4,fathomnet,Psychropotes semperiana,accepted,,0,124779,Psychropotes semperiana,Species,Psychropotes,TRUE,ok,
124913,Ophiura albida,Species,Ophiura,4,yolo-bruv,Ophiura albida,accepted,,0,124913,Ophiura albida,Species,Ophiura,TRUE,ok,
125269,Alcyoniidae,Family,,4,fathomnet,Alcyoniidae,accepted,,0,125269,Alcyoniidae,Family,,TRUE,ok,
125300,Viminella,Genus,Viminella,4,fathomnet,Viminella,accepted,,0,125300,Viminella,Genus,Viminella,TRUE,ok,
125413,Thouarella (Euthouarella) hilgendorfi,Species,Thouarella,4,fathomnet,Thouarella (Euthouarella) hilgendorfi,accepted,,0,125413,Thouarella (Euthouarella) hilgendorfi,Species,Thouarella,TRUE,ok,
125500,Halosauridae,Family,,4,fathomnet,Halosauridae,accepted,,0,125500,Halosauridae,Family,,TRUE,ok,
125650,Serrivomer,Genus,Serrivomer,4,fathomnet,Serrivomer,accepted,,0,125650,Serrivomer,Genus,Serrivomer,TRUE,ok,
125750,Gadomus,Genus,Gadomus,4,fathomnet,Gadomus,accepted,,0,125750,Gadomus,Genus,Gadomus,TRUE,ok,
126071,Siganus,Genus,Siganus,4,ozfish,Siganus,accepted,,0,126071,Siganus,Genus,Siganus,TRUE,ok,
126394,Beryx decadactylus,Species,Beryx,4,fathomnet,Beryx decadactylus,accepted,,0,126394,Beryx decadactylus,Species,Beryx,TRUE,ok,
126438,Merlangius merlangus,Species,Merlangius,4,yolo-bruv,Merlangius merlangus,accepted,,0,126438,Merlangius merlangus,Species,Merlangius,TRUE,ok,
126461,Molva molva,Species,Molva,4,yolo-bruv,Molva molva,accepted,,0,126461,Molva molva,Species,Molva,TRUE,ok,
127403,Diodon hystrix,Species,Diodon,4,ozfish,Diodon hystrix,accepted,,0,127403,Diodon hystrix,Species,Diodon,TRUE,ok,
128480,Anthoptilidae,Family,,4,fathomnet,Anthoptilidae,accepted,,0,128480,Anthoptilidae,Family,,TRUE,ok,
128484,Pennatulidae,Family,,4,fathomnet,Pennatulidae,accepted,,0,128484,Pennatulidae,Family,,TRUE,ok,
129187,Hermodice,Genus,Hermodice,4,fathomnet,Hermodice,accepted,,0,129187,Hermodice,Genus,Hermodice,TRUE,ok,
131664,Geodiidae,Family,,4,fathomnet,Geodiidae,accepted,,0,131664,Geodiidae,Family,,TRUE,ok,
135344,Agalmatidae,Family,,4,fathomnet,Agalmatidae,accepted,,0,135344,Agalmatidae,Family,,TRUE,ok,
135358,Crystallophyes,Genus,Crystallophyes,4,fathomnet,Crystallophyes,accepted,,0,135358,Crystallophyes,Genus,Crystallophyes,TRUE,ok,
135398,Bargmannia,Genus,Bargmannia,4,fathomnet,Bargmannia,accepted,,0,135398,Bargmannia,Genus,Bargmannia,TRUE,ok,
136999,Cheloniidae,Family,,4,fathomnet,Cheloniidae,accepted,,0,136999,Cheloniidae,Family,,TRUE,ok,
137848,Galiteuthis,Genus,Galiteuthis,4,fathomnet,Galiteuthis,accepted,,0,137848,Galiteuthis,Genus,Galiteuthis,TRUE,ok,
138214,Bathymodiolus,Genus,Bathymodiolus,4,fathomnet,Bathymodiolus,accepted,,0,138214,Bathymodiolus,Genus,Bathymodiolus,TRUE,ok,
138849,Japetella diaphana,Species,Japetella,4,fathomnet,Japetella diaphana,accepted,,0,138849,Japetella diaphana,Species,Japetella,TRUE,ok,
151826,Ilyophinae,Subfamily,,4,fathomnet,Ilyophinae,accepted,,0,151826,Ilyophinae,Subfamily,,TRUE,ok,
154247,Scorpaenoidei,Suborder,,4,fathomnet,Scorpaenoidei,accepted,,0,154247,Scorpaenoidei,Suborder,,TRUE,ok,
158665,Synaphobranchus affinis,Species,Synaphobranchus,4,fathomnet,Synaphobranchus affinis,accepted,,0,158665,Synaphobranchus affinis,Species,Synaphobranchus,TRUE,ok,
158763,Luciobrotula,Genus,Luciobrotula,4,fathomnet,Luciobrotula,accepted,,0,158763,Luciobrotula,Genus,Luciobrotula,TRUE,ok,
171644,Stereochlamis,Genus,Stereochlamis,4,fathomnet,Stereochlamis,accepted,,0,171644,Stereochlamis,Genus,Stereochlamis,TRUE,ok,
172068,Crateromorpha,Genus,Crateromorpha,4,fathomnet,Crateromorpha,accepted,,0,172068,Crateromorpha,Genus,Crateromorpha,TRUE,ok,
204022,Pycnocraspedum,Genus,Pycnocraspedum,4,fathomnet,Pycnocraspedum,accepted,,0,204022,Pycnocraspedum,Genus,Pycnocraspedum,TRUE,ok,
204781,Ecsenius,Genus,Ecsenius,4,ozfish,Ecsenius,accepted,,0,204781,Ecsenius,Genus,Ecsenius,TRUE,ok,
205227,Oxycheilinus,Genus,Oxycheilinus,4,ozfish,Oxycheilinus,accepted,,0,205227,Oxycheilinus,Genus,Oxycheilinus,TRUE,ok,
205324,Scleronephthya,Genus,Scleronephthya,4,fathomnet,Scleronephthya,accepted,,0,205324,Scleronephthya,Genus,Scleronephthya,TRUE,ok,
212545,Etelis carbunculus,Species,Etelis,4,fathomnet,Etelis carbunculus,accepted,,0,212545,Etelis carbunculus,Species,Etelis,TRUE,ok,
217960,Neocyttus acanthorhynchus,Species,Neocyttus,4,fathomnet,Neocyttus acanthorhynchus,accepted,,0,217960,Neocyttus acanthorhynchus,Species,Neocyttus,TRUE,ok,
218350,Terapon jarbua,Species,Terapon,4,ozfish,Terapon jarbua,accepted,,0,218350,Terapon jarbua,Species,Terapon,TRUE,ok,
218374,Hoplolatilus cuniculus,Species,Hoplolatilus,4,ozfish,Hoplolatilus cuniculus,accepted,,0,218374,Hoplolatilus cuniculus,Species,Hoplolatilus,TRUE,ok,
218377,Malacanthus latovittatus,Species,Malacanthus,4,ozfish,Malacanthus latovittatus,accepted,,0,218377,Malacanthus latovittatus,Species,Malacanthus,TRUE,ok,
218440,Trachinotus baillonii,Species,Trachinotus,4,ozfish,Trachinotus baillonii,accepted,,0,218440,Trachinotus baillonii,Species,Trachinotus,TRUE,ok,
218731,Chaetodon madagaskariensis,Species,Chaetodon,4,ozfish,Chaetodon madagaskariensis,accepted,,0,218731,Chaetodon madagaskariensis,Species,Chaetodon,TRUE,ok,
218749,Chaetodon selene,Species,Chaetodon,4,ozfish,Chaetodon selene,accepted,,0,218749,Chaetodon selene,Species,Chaetodon,TRUE,ok,
218853,Cirrhitichthys oxycephalus,Species,Cirrhitichthys,4,ozfish,Cirrhitichthys oxycephalus,accepted,,0,218853,Cirrhitichthys oxycephalus,Species,Cirrhitichthys,TRUE,ok,
218947,Cheilinus oxycephalus,Species,Cheilinus,4,ozfish,Cheilinus oxycephalus,accepted,,0,218947,Cheilinus oxycephalus,Species,Cheilinus,TRUE,ok,
219637,Acanthurus bariene,Species,Acanthurus,4,ozfish,Acanthurus bariene,accepted,,0,219637,Acanthurus bariene,Species,Acanthurus,TRUE,ok,
219655,Ctenochaetus binotatus,Species,Ctenochaetus,4,ozfish,Ctenochaetus binotatus,accepted,,0,219655,Ctenochaetus binotatus,Species,Ctenochaetus,TRUE,ok,
219876,Balistoides conspicillum,Species,Balistoides,4,ozfish,Balistoides conspicillum,accepted,,0,219876,Balistoides conspicillum,Species,Balistoides,TRUE,ok,
220055,Cantherhines fronticinctus,Species,Cantherhines,4,ozfish,Cantherhines fronticinctus,accepted,,0,220055,Cantherhines fronticinctus,Species,Cantherhines,TRUE,ok,
240764,Pycnopodia helianthoides,Species,Pycnopodia,4,fathomnet,Pycnopodia helianthoides,accepted,,0,240764,Pycnopodia helianthoides,Species,Pycnopodia,TRUE,ok,
241882,Holothuria (Vaneyothuria) zacae,Species,Holothuria,4,fathomnet,Holothuria (Vaneyothuria) zacae,accepted,,0,241882,Holothuria (Vaneyothuria) zacae,Species,Holothuria,TRUE,ok,
242444,Astroceras,Genus,Astroceras,4,fathomnet,Astroceras,accepted,,0,242444,Astroceras,Genus,Astroceras,TRUE,ok,
243962,Ophioplinthaca defensor,Species,Ophioplinthaca,4,fathomnet,Ophioplinthaca defensor,accepted,,0,243962,Ophioplinthaca defensor,Species,Ophioplinthaca,TRUE,ok,
254363,Stenobrachius leucopsarus,Species,Stenobrachius,4,fathomnet,Stenobrachius leucopsarus,accepted,,0,254363,Stenobrachius leucopsarus,Species,Stenobrachius,TRUE,ok,
254595,Lycodes brevipes,Species,Lycodes,4,fathomnet,Lycodes brevipes,accepted,,0,254595,Lycodes brevipes,Species,Lycodes,TRUE,ok,
254812,Circeaster sandrae,Species,Circeaster,4,fathomnet,Circeaster sandrae,accepted,,0,254812,Circeaster sandrae,Species,Circeaster,TRUE,ok,
267466,Halcurias,Genus,Halcurias,4,fathomnet,Halcurias,accepted,,0,267466,Halcurias,Genus,Halcurias,TRUE,ok,
267578,Marianactis,Genus,Marianactis,4,fathomnet,Marianactis,accepted,,0,267578,Marianactis,Genus,Marianactis,TRUE,ok,
267934,Tylopathes,Genus,Tylopathes,4,fathomnet,Tylopathes,accepted,,0,267934,Tylopathes,Genus,Tylopathes,TRUE,ok,
272130,Synodus lacertinus,Species,Synodus,4,fathomnet,Synodus lacertinus,accepted,,0,272130,Synodus lacertinus,Species,Synodus,TRUE,ok,
272225,Hoplostethus crassispinus,Species,Hoplostethus,4,fathomnet,Hoplostethus crassispinus,accepted,,0,272225,Hoplostethus crassispinus,Species,Hoplostethus,TRUE,ok,
272767,Cataetyx rubrirostris,Species,Cataetyx,4,fathomnet,Cataetyx rubrirostris,accepted,,0,272767,Cataetyx rubrirostris,Species,Cataetyx,TRUE,ok,
273343,Chaetodon humeralis,Species,Chaetodon,4,fathomnet,Chaetodon humeralis,accepted,,0,273343,Chaetodon humeralis,Species,Chaetodon,TRUE,ok,
273844,Epinephelus corallicola,Species,Epinephelus,4,ozfish,Epinephelus corallicola,accepted,,0,273844,Epinephelus corallicola,Species,Epinephelus,TRUE,ok,
274608,Paraliparis rosaceus,Species,Paraliparis,4,fathomnet,Paraliparis rosaceus,accepted,,0,274608,Paraliparis rosaceus,Species,Paraliparis,TRUE,ok,
274823,Sebastes mystinus,Species,Sebastes,4,fathomnet,Sebastes mystinus,accepted,,0,274823,Sebastes mystinus,Species,Sebastes,TRUE,ok,
274835,Sebastes phillipsi,Species,Sebastes,4,fathomnet,Sebastes phillipsi,accepted,,0,274835,Sebastes phillipsi,Species,Sebastes,TRUE,ok,
275752,Halichoeres biocellatus,Species,Halichoeres,4,ozfish,Halichoeres biocellatus,accepted,,0,275752,Halichoeres biocellatus,Species,Halichoeres,TRUE,ok,
275758,Halichoeres chloropterus,Species,Halichoeres,4,ozfish,Halichoeres chloropterus,accepted,,0,275758,Halichoeres chloropterus,Species,Halichoeres,TRUE,ok,
275759,Halichoeres chrysus,Species,Halichoeres,4,ozfish,Halichoeres chrysus,accepted,,0,275759,Halichoeres chrysus,Species,Halichoeres,TRUE,ok,
276016,Holacanthus passer,Species,Holacanthus,4,fathomnet,Holacanthus passer,accepted,,0,276016,Holacanthus passer,Species,Holacanthus,TRUE,ok,
276037,Pristigenys serrula,Species,Pristigenys,4,fathomnet,Pristigenys serrula,accepted,,0,276037,Pristigenys serrula,Species,Pristigenys,TRUE,ok,
277097,Paracirrhites hemistictus,Species,Paracirrhites,4,ozfish,Paracirrhites hemistictus,accepted,,0,277097,Paracirrhites hemistictus,Species,Paracirrhites,TRUE,ok,
277427,Hemipristis elongata,Species,Hemipristis,4,ozfish,Hemipristis elongata,accepted,,0,277427,Hemipristis elongata,Species,Hemipristis,TRUE,ok,
277597,Amblyglyphidodon curacao,Species,Amblyglyphidodon,4,ozfish,Amblyglyphidodon curacao,accepted,,0,277597,Amblyglyphidodon curacao,Species,Amblyglyphidodon,TRUE,ok,
278010,Naso tonganus,Species,Naso,4,ozfish,Naso tonganus,accepted,,0,278010,Naso tonganus,Species,Naso,TRUE,ok,
278853,Centropyge vrolikii,Species,Centropyge,4,ozfish,Centropyge vrolikii,accepted,,0,278853,Centropyge vrolikii,Species,Centropyge,TRUE,ok,
279191,Glaucosoma magnificum,Species,Glaucosoma,4,ozfish,Glaucosoma magnificum,accepted,,0,279191,Glaucosoma magnificum,Species,Glaucosoma,TRUE,ok,
280112,Chaetodermis penicilligerus,Species,Chaetodermis,4,ozfish,Chaetodermis penicilligerus,accepted,,0,280112,Chaetodermis penicilligerus,Species,Chaetodermis,TRUE,ok,
282914,Symphorichthys spilurus,Species,Symphorichthys,4,ozfish,Symphorichthys spilurus,accepted,,0,282914,Symphorichthys spilurus,Species,Symphorichthys,TRUE,ok,
283209,Zaniolepis latipinnis,Species,Zaniolepis,4,fathomnet,Zaniolepis latipinnis,accepted,,0,283209,Zaniolepis latipinnis,Species,Zaniolepis,TRUE,ok,
286506,Candidella helminthophora,Species,Candidella,4,fathomnet,Candidella helminthophora,accepted,,0,286506,Candidella helminthophora,Species,Candidella,TRUE,ok,
286983,Eguchipsammia fistula,Species,Eguchipsammia,4,fathomnet,Eguchipsammia fistula,accepted,,0,286983,Eguchipsammia fistula,Species,Eguchipsammia,TRUE,ok,
286988,Enallopsammia pusilla,Species,Enallopsammia,4,fathomnet,Enallopsammia pusilla,accepted,,0,286988,Enallopsammia pusilla,Species,Enallopsammia,TRUE,ok,
287244,Clausophyes tropica,Species,Clausophyes,4,fathomnet,Clausophyes tropica,accepted,,0,287244,Clausophyes tropica,Species,Clausophyes,TRUE,ok,
291113,Stauropathes staurocrada,Species,Stauropathes,4,fathomnet,Stauropathes staurocrada,accepted,,0,291113,Stauropathes staurocrada,Species,Stauropathes,TRUE,ok,
291245,Trissopathes tristicha,Species,Trissopathes,4,fathomnet,Trissopathes tristicha,accepted,,0,291245,Trissopathes tristicha,Species,Trissopathes,TRUE,ok,
291268,Umbellapathes helioanthes,Species,Umbellapathes,4,fathomnet,Umbellapathes helioanthes,accepted,,0,291268,Umbellapathes helioanthes,Species,Umbellapathes,TRUE,ok,
292746,Peribolaster biserialis,Species,Peribolaster,4,fathomnet,Peribolaster biserialis,accepted,,0,292746,Peribolaster biserialis,Species,Peribolaster,TRUE,ok,
313514,Leuroglossus stilbius,Species,Leuroglossus,4,fathomnet,Leuroglossus stilbius,accepted,,0,313514,Leuroglossus stilbius,Species,Leuroglossus,TRUE,ok,
340804,Tonrometra,Genus,Tonrometra,4,fathomnet,Tonrometra,accepted,,0,340804,Tonrometra,Genus,Tonrometra,TRUE,ok,
342051,Pteroctopus hoylei,Species,Pteroctopus,4,fathomnet,Pteroctopus hoylei,accepted,,0,342051,Pteroctopus hoylei,Species,Pteroctopus,TRUE,ok,
342465,Mesochordaeus erythrocephalus,Species,Mesochordaeus,4,fathomnet,Mesochordaeus erythrocephalus,accepted,,0,342465,Mesochordaeus erythrocephalus,Species,Mesochordaeus,TRUE,ok,
367971,Calyptogena,Genus,Calyptogena,4,fathomnet,Calyptogena,accepted,,0,367971,Calyptogena,Genus,Calyptogena,TRUE,ok,
369019,Hymenaster koehleri,Species,Hymenaster,4,fathomnet,Hymenaster koehleri,accepted,,0,369019,Hymenaster koehleri,Species,Hymenaster,TRUE,ok,
380747,Benthopecten claviger,Species,Benthopecten,4,fathomnet,Benthopecten claviger,accepted,,0,380747,Benthopecten claviger,Species,Benthopecten,TRUE,ok,
398703,Symphurus thermophilus,Species,Symphurus,4,fathomnet,Symphurus thermophilus,accepted,,0,398703,Symphurus thermophilus,Species,Symphurus,TRUE,ok,
409566,Narella macrocalyx,Species,Narella,4,fathomnet,Narella macrocalyx,accepted,,0,409566,Narella macrocalyx,Species,Narella,TRUE,ok,
449947,Alviniconcha hessleri,Species,Alviniconcha,4,fathomnet,Alviniconcha hessleri,accepted,,0,449947,Alviniconcha hessleri,Species,Alviniconcha,TRUE,ok,
512110,Bathybembix bairdii,Species,Bathybembix,4,fathomnet,Bathybembix bairdii,accepted,,0,512110,Bathybembix bairdii,Species,Bathybembix,TRUE,ok,
513587,Stylocidaris rufa,Species,Stylocidaris,4,fathomnet,Stylocidaris rufa,accepted,,0,513587,Stylocidaris rufa,Species,Stylocidaris,TRUE,ok,
528604,Psychronaetes,Genus,Psychronaetes,4,fathomnet,Psychronaetes,accepted,,0,528604,Psychronaetes,Genus,Psychronaetes,TRUE,ok,
550629,Lithodes longispina,Species,Lithodes,4,fathomnet,Lithodes longispina,accepted,,0,550629,Lithodes longispina,Species,Lithodes,TRUE,ok,
556104,Teuthidodrilus,Genus,Teuthidodrilus,4,fathomnet,Teuthidodrilus,accepted,,0,556104,Teuthidodrilus,Genus,Teuthidodrilus,TRUE,ok,
589657,Bathypathes conferta,Species,Bathypathes,4,fathomnet,Bathypathes conferta,accepted,,0,589657,Bathypathes conferta,Species,Bathypathes,TRUE,ok,
708677,Yoda purpurata,Species,Yoda,4,fathomnet,Yoda purpurata,accepted,,0,708677,Yoda purpurata,Species,Yoda,TRUE,ok,
712364,Scalicus,Genus,Scalicus,4,fathomnet,Scalicus,accepted,,0,712364,Scalicus,Genus,Scalicus,TRUE,ok,
712513,Halicmetus niger,Species,Halicmetus,4,fathomnet,Halicmetus niger,accepted,,0,712513,Halicmetus niger,Species,Halicmetus,TRUE,ok,
724717,Bathyalcyon,Genus,Bathyalcyon,4,fathomnet,Bathyalcyon,accepted,,0,724717,Bathyalcyon,Genus,Bathyalcyon,TRUE,ok,
736596,Anchinothria fissurata,Species,Anchinothria,4,fathomnet,Anchinothria fissurata,accepted,,0,736596,Anchinothria fissurata,Species,Anchinothria,TRUE,ok,
851649,Coronatae,Order,,4,fathomnet,Coronatae,accepted,,0,851649,Coronatae,Order,,TRUE,ok,
1014961,Carcharhinus coatesi,Species,Carcharhinus,4,ozfish,Carcharhinus coatesi,accepted,,0,1014961,Carcharhinus coatesi,Species,Carcharhinus,TRUE,ok,
1035143,Solmundaegina nematophora,Species,Solmundaegina,4,fathomnet,Solmundaegina nematophora,accepted,,0,1035143,Solmundaegina nematophora,Species,Solmundaegina,TRUE,ok,
1317063,Callogorgia cracentis,Species,Callogorgia,4,fathomnet,Callogorgia cracentis,accepted,,0,1317063,Callogorgia cracentis,Species,Callogorgia,TRUE,ok,
1317089,Paracalyptrophora spiralis,Species,Paracalyptrophora,4,fathomnet,Paracalyptrophora spiralis,accepted,,0,1317089,Paracalyptrophora spiralis,Species,Paracalyptrophora,TRUE,ok,
1338745,Relicanthus,Genus,Relicanthus,4,fathomnet,Relicanthus,accepted,,0,1338745,Relicanthus,Genus,Relicanthus,TRUE,ok,
1423588,Ijimalophus,Genus,Ijimalophus,4,fathomnet,Ijimalophus,accepted,,0,1423588,Ijimalophus,Genus,Ijimalophus,TRUE,ok,
1467969,Narella hawaiiensis,Species,Narella,4,fathomnet,Narella hawaiiensis,accepted,corrected spelling,0,1467969,Narella hawaiiensis,Species,Narella,TRUE,ok,
1595369,Tanyostea,Genus,Tanyostea,4,fathomnet,Tanyostea,accepted,,0,1595369,Tanyostea,Genus,Tanyostea,TRUE,ok,
1779672,Bathydevius,Genus,Bathydevius,4,fathomnet,Bathydevius,accepted,,0,1779672,Bathydevius,Genus,Bathydevius,TRUE,ok,
1782267,Paraerrina hebetis,Species,Paraerrina,4,fathomnet,Paraerrina hebetis,accepted,,0,1782267,Paraerrina hebetis,Species,Paraerrina,TRUE,ok,
146,Neogastropoda,Order,,3,fathomnet,Neogastropoda,accepted,,0,146,Neogastropoda,Order,,TRUE,ok,
164,Gymnosomata,Suborder,,3,fathomnet,Gymnosomata,accepted,,0,164,Gymnosomata,Suborder,,TRUE,ok,
1078,Ostracoda,Class,,3,fathomnet,Ostracoda,accepted,,0,1078,Ostracoda,Class,,TRUE,ok,
1598,Corymorphidae,Family,,3,fathomnet,Corymorphidae,accepted,,0,1598,Corymorphidae,Family,,TRUE,ok,
10304,Osmeriformes,Order,,3,fathomnet,Osmeriformes,accepted,,0,10304,Osmeriformes,Order,,TRUE,ok,
10316,Lophiiformes,Order,,3,fathomnet,Lophiiformes,accepted,,0,10316,Lophiiformes,Order,,TRUE,ok,
11743,Gonatidae,Family,,3,fathomnet,Gonatidae,accepted,,0,11743,Gonatidae,Family,,TRUE,ok,
103303,Aphanipathes,Genus,Aphanipathes,3,fathomnet,Aphanipathes,accepted,,0,103303,Aphanipathes,Genus,Aphanipathes,TRUE,ok,
103307,Schizopathes,Genus,Schizopathes,3,fathomnet,Schizopathes,accepted,,0,103307,Schizopathes,Genus,Schizopathes,TRUE,ok,
103328,Parantipathes larix,Species,Parantipathes,3,fathomnet,Parantipathes larix,accepted,,0,103328,Parantipathes larix,Species,Parantipathes,TRUE,ok,
103449,Pyuridae,Family,,3,fathomnet,Pyuridae,accepted,,0,103449,Pyuridae,Family,,TRUE,ok,
103501,Octacnemus,Genus,Octacnemus,3,fathomnet,Octacnemus,accepted,,0,103501,Octacnemus,Genus,Octacnemus,TRUE,ok,
104298,Euchirella bitumida,Species,Euchirella,3,fathomnet,Euchirella bitumida,accepted,,0,104298,Euchirella bitumida,Species,Euchirella,TRUE,ok,
105693,Scyliorhinidae,Family,,3,fathomnet,Scyliorhinidae,accepted,,0,105693,Scyliorhinidae,Family,,TRUE,ok,
106344,Hormiphora,Genus,Hormiphora,3,fathomnet,Hormiphora,accepted,,0,106344,Hormiphora,Genus,Hormiphora,TRUE,ok,
106353,Deiopea,Genus,Deiopea,3,fathomnet,Deiopea,accepted,,0,106353,Deiopea,Genus,Deiopea,TRUE,ok,
106913,Rochinia,Genus,Rochinia,3,fathomnet,Rochinia,accepted,,0,106913,Rochinia,Genus,Rochinia,TRUE,ok,
107025,Notostomus,Genus,Notostomus,3,fathomnet,Notostomus,accepted,,0,107025,Notostomus,Genus,Notostomus,TRUE,ok,
118378,Paramunnopsis,Genus,Paramunnopsis,3,fathomnet,Paramunnopsis,accepted,,0,118378,Paramunnopsis,Genus,Paramunnopsis,TRUE,ok,
118632,Munneurycope murrayi,Species,Munneurycope,3,fathomnet,Munneurycope murrayi,accepted,,0,118632,Munneurycope murrayi,Species,Munneurycope,TRUE,ok,
123121,Asteriidae,Family,,3,fathomnet,Asteriidae,accepted,,0,123121,Asteriidae,Family,,TRUE,ok,
123184,Stichopodidae,Family,,3,fathomnet,Stichopodidae,accepted,,0,123184,Stichopodidae,Family,,TRUE,ok,
123194,Psychropotidae,Family,,3,fathomnet,Psychropotidae,accepted,,0,123194,Psychropotidae,Family,,TRUE,ok,
123198,Ophioleucidae,Family,,3,fathomnet,Ophioleucidae,accepted,,0,123198,Ophioleucidae,Family,,TRUE,ok,
123347,Porphyrocrinus,Genus,Porphyrocrinus,3,fathomnet,Porphyrocrinus,accepted,,0,123347,Porphyrocrinus,Genus,Porphyrocrinus,TRUE,ok,
123363,Thaumatocrinus,Genus,Thaumatocrinus,3,fathomnet,Thaumatocrinus,accepted,,0,123363,Thaumatocrinus,Genus,Thaumatocrinus,TRUE,ok,
124723,Amperima rosea,Species,Amperima,3,fathomnet,Amperima rosea,accepted,,0,124723,Amperima rosea,Species,Amperima,TRUE,ok,
125274,Ellisellidae,Family,,3,fathomnet,Ellisellidae,accepted,,0,125274,Ellisellidae,Family,,TRUE,ok,
125301,Eunicella,Genus,Eunicella,3,fathomnet,Eunicella,accepted,,0,125301,Eunicella,Genus,Eunicella,TRUE,ok,
125447,Paralepididae,Family,,3,fathomnet,Paralepididae,accepted,,0,125447,Paralepididae,Family,,TRUE,ok,
125594,Psychrolutidae,Family,,3,fathomnet,Psychrolutidae,accepted,,0,125594,Psychrolutidae,Family,,TRUE,ok,
125621,Chlopsis,Genus,Chlopsis,3,fathomnet,Chlopsis,accepted,,0,125621,Chlopsis,Genus,Chlopsis,TRUE,ok,
125843,Barathronus,Genus,Barathronus,3,fathomnet,Barathronus,accepted,,0,125843,Barathronus,Genus,Barathronus,TRUE,ok,
125861,Lamprogrammus,Genus,Lamprogrammus,3,fathomnet,Lamprogrammus,accepted,,0,125861,Lamprogrammus,Genus,Lamprogrammus,TRUE,ok,
125862,Monomitopus,Genus,Monomitopus,3,fathomnet,Monomitopus,accepted,,0,125862,Monomitopus,Genus,Monomitopus,TRUE,ok,
125865,Spectrunculus,Genus,Spectrunculus,3,fathomnet,Spectrunculus,accepted,,0,125865,Spectrunculus,Genus,Spectrunculus,TRUE,ok,
126140,Oncorhynchus,Genus,Oncorhynchus,3,fathomnet,Oncorhynchus,accepted,,0,126140,Oncorhynchus,Genus,Oncorhynchus,TRUE,ok,
126205,Chauliodus,Genus,Chauliodus,3,fathomnet,Chauliodus,accepted,,0,126205,Chauliodus,Genus,Chauliodus,TRUE,ok,
126284,Bathyuroconger vicinus,Species,Bathyuroconger,3,fathomnet,Bathyuroconger vicinus,accepted,,0,126284,Bathyuroconger vicinus,Species,Bathyuroconger,TRUE,ok,
126324,Ilyophis arx,Species,Ilyophis,3,fathomnet,Ilyophis arx,accepted,,0,126324,Ilyophis arx,Species,Ilyophis,TRUE,ok,
126395,Beryx splendens,Species,Beryx,3,fathomnet,Beryx splendens,accepted,,0,126395,Beryx splendens,Species,Beryx,TRUE,ok,
126634,Neoscopelus macrolepidotus,Species,Neoscopelus,3,fathomnet,Neoscopelus macrolepidotus,accepted,,0,126634,Neoscopelus macrolepidotus,Species,Neoscopelus,TRUE,ok,
127258,Setarches guentheri,Species,Setarches,3,fathomnet,Setarches guentheri,accepted,,0,127258,Setarches guentheri,Species,Setarches,TRUE,ok,
127288,Cyclothone pallida,Species,Cyclothone,3,fathomnet,Cyclothone pallida,accepted,,0,127288,Cyclothone pallida,Species,Cyclothone,TRUE,ok,
127307,Argyropelecus affinis,Species,Argyropelecus,3,fathomnet,Argyropelecus affinis,accepted,,0,127307,Argyropelecus affinis,Species,Argyropelecus,TRUE,ok,
129528,Euchone,Genus,Euchone,3,fathomnet,Euchone,accepted,,0,129528,Euchone,Genus,Euchone,TRUE,ok,
131673,Polymastiidae,Family,,3,fathomnet,Polymastiidae,accepted,,0,131673,Polymastiidae,Family,,TRUE,ok,
131894,Chondrocladia,Genus,Chondrocladia,3,fathomnet,Chondrocladia,accepted,,0,131894,Chondrocladia,Genus,Chondrocladia,TRUE,ok,
132080,Corallistes,Genus,Corallistes,3,fathomnet,Corallistes,accepted,,0,132080,Corallistes,Genus,Corallistes,TRUE,ok,
132104,Eurete,Genus,Eurete,3,fathomnet,Eurete,accepted,,0,132104,Eurete,Genus,Eurete,TRUE,ok,
135093,Desmophyllum,Genus,Desmophyllum,3,fathomnet,Desmophyllum,accepted,,0,135093,Desmophyllum,Genus,Desmophyllum,TRUE,ok,
135111,Eguchipsammia,Genus,Eguchipsammia,3,fathomnet,Eguchipsammia,accepted,,0,135111,Eguchipsammia,Genus,Eguchipsammia,TRUE,ok,
135112,Enallopsammia,Genus,Enallopsammia,3,fathomnet,Enallopsammia,accepted,,0,135112,Enallopsammia,Genus,Enallopsammia,TRUE,ok,
135490,Halistemma rubrum,Species,Halistemma,3,fathomnet,Halistemma rubrum,accepted,,0,135490,Halistemma rubrum,Species,Halistemma,TRUE,ok,
137227,Cyclosalpa,Genus,Cyclosalpa,3,fathomnet,Cyclosalpa,accepted,,0,137227,Cyclosalpa,Genus,Cyclosalpa,TRUE,ok,
138363,Pleurobranchaea,Genus,Pleurobranchaea,3,fathomnet,Pleurobranchaea,accepted,,0,138363,Pleurobranchaea,Genus,Pleurobranchaea,TRUE,ok,
138477,Sepia,Genus,Sepia,3,fathomnet,Sepia,accepted,,0,138477,Sepia,Genus,Sepia,TRUE,ok,
148777,Pelagothuria natatrix,Species,Pelagothuria,3,fathomnet,Pelagothuria natatrix,accepted,,0,148777,Pelagothuria natatrix,Species,Pelagothuria,TRUE,ok,
154408,Sebastolobinae,Subfamily,,3,fathomnet,Sebastolobinae,accepted,,0,154408,Sebastolobinae,Subfamily,,TRUE,ok,
158161,Eumedusa,Genus,Eumedusa,3,fathomnet,Eumedusa,accepted,,0,158161,Eumedusa,Genus,Eumedusa,TRUE,ok,
158864,Bathytyphlops marionae,Species,Bathytyphlops,3,fathomnet,Bathytyphlops marionae,accepted,,0,158864,Bathytyphlops marionae,Species,Bathytyphlops,TRUE,ok,
158998,Acanthonus armatus,Species,Acanthonus,3,fathomnet,Acanthonus armatus,accepted,,0,158998,Acanthonus armatus,Species,Acanthonus,TRUE,ok,
159129,Dicrolene,Genus,Dicrolene,3,fathomnet,Dicrolene,accepted,,0,159129,Dicrolene,Genus,Dicrolene,TRUE,ok,
163752,Zenometridae,Family,,3,fathomnet,Zenometridae,accepted,,0,163752,Zenometridae,Family,,TRUE,ok,
171678,Pleurochorium,Genus,Pleurochorium,3,fathomnet,Pleurochorium,accepted,,0,171678,Pleurochorium,Genus,Pleurochorium,TRUE,ok,
171808,Psilocalyx wilsoni,Species,Psilocalyx,3,fathomnet,Psilocalyx wilsoni,accepted,,0,171808,Psilocalyx wilsoni,Species,Psilocalyx,TRUE,ok,
171810,Sclerothamnopsis compressa,Species,Sclerothamnopsis,3,fathomnet,Sclerothamnopsis compressa,accepted,,0,171810,Sclerothamnopsis compressa,Species,Sclerothamnopsis,TRUE,ok,
171854,Corbitella,Genus,Corbitella,3,fathomnet,Corbitella,accepted,,0,171854,Corbitella,Genus,Corbitella,TRUE,ok,
180861,Shinkailepas,Genus,Shinkailepas,3,fathomnet,Shinkailepas,accepted,,0,180861,Shinkailepas,Genus,Shinkailepas,TRUE,ok,
182835,Neobythites,Genus,Neobythites,3,fathomnet,Neobythites,accepted,,0,182835,Neobythites,Genus,Neobythites,TRUE,ok,
196172,Charitometridae,Family,,3,fathomnet,Charitometridae,accepted,,0,196172,Charitometridae,Family,,TRUE,ok,
205418,Hoplolatilus,Genus,Hoplolatilus,3,fathomnet,Hoplolatilus,accepted,,0,205418,Hoplolatilus,Genus,Hoplolatilus,TRUE,ok,
205768,Kuronezumia,Genus,Kuronezumia,3,fathomnet,Kuronezumia,accepted,,0,205768,Kuronezumia,Genus,Kuronezumia,TRUE,ok,
206650,Halieutaea,Genus,Halieutaea,3,fathomnet,Halieutaea,accepted,,0,206650,Halieutaea,Genus,Halieutaea,TRUE,ok,
217857,Chaunax umbrinus,Species,Chaunax,3,fathomnet,Chaunax umbrinus,accepted,,0,217857,Chaunax umbrinus,Species,Chaunax,TRUE,ok,
219110,Scarus caudofasciatus,Species,Scarus,3,fishwio,Scarus caudofasciatus,accepted,,0,219110,Scarus caudofasciatus,Species,Scarus,TRUE,ok,
220089,Plesiobatis daviesi,Species,Plesiobatis,3,fathomnet,Plesiobatis daviesi,accepted,,0,220089,Plesiobatis daviesi,Species,Plesiobatis,TRUE,ok,
243959,Ophioplinthaca clothilde,Species,Ophioplinthaca,3,fathomnet,Ophioplinthaca clothilde,accepted,,0,243959,Ophioplinthaca clothilde,Species,Ophioplinthaca,TRUE,ok,
246160,Acanthacaris tenuimana,Species,Acanthacaris,3,fathomnet,Acanthacaris tenuimana,accepted,,0,246160,Acanthacaris tenuimana,Species,Acanthacaris,TRUE,ok,
254848,Coronaster halicepus,Species,Coronaster,3,fathomnet,Coronaster halicepus,accepted,,0,254848,Coronaster halicepus,Species,Coronaster,TRUE,ok,
258461,Torquaratoridae,Family,,3,fathomnet,Torquaratoridae,accepted,,0,258461,Torquaratoridae,Family,,TRUE,ok,
261959,Paropsurus giganteus,Species,Paropsurus,3,fathomnet,Paropsurus giganteus,accepted,,0,261959,Paropsurus giganteus,Species,Paropsurus,TRUE,ok,
264856,Bathyctenidae,Family,,3,fathomnet,Bathyctenidae,accepted,,0,264856,Bathyctenidae,Family,,TRUE,ok,
267233,Antipathella,Genus,Antipathella,3,fathomnet,Antipathella,accepted,,0,267233,Antipathella,Genus,Antipathella,TRUE,ok,
267273,Botrucnidifer,Genus,Botrucnidifer,3,fathomnet,Botrucnidifer,accepted,,0,267273,Botrucnidifer,Genus,Botrucnidifer,TRUE,ok,
267795,Ptilosarcus,Genus,Ptilosarcus,3,fathomnet,Ptilosarcus,accepted,,0,267795,Ptilosarcus,Genus,Ptilosarcus,TRUE,ok,
269678,Leucicorus,Genus,Leucicorus,3,fathomnet,Leucicorus,accepted,,0,269678,Leucicorus,Genus,Leucicorus,TRUE,ok,
271270,Zalembius,Genus,Zalembius,3,fathomnet,Zalembius,accepted,,0,271270,Zalembius,Genus,Zalembius,TRUE,ok,
271843,Gymnothorax kidako,Species,Gymnothorax,3,fathomnet,Gymnothorax kidako,accepted,,0,271843,Gymnothorax kidako,Species,Gymnothorax,TRUE,ok,
272358,Coryphaenoides yaquinae,Species,Coryphaenoides,3,fathomnet,Coryphaenoides yaquinae,accepted,,0,272358,Coryphaenoides yaquinae,Species,Coryphaenoides,TRUE,ok,
272366,Gadomus melanopterus,Species,Gadomus,3,fathomnet,Gadomus melanopterus,accepted,,0,272366,Gadomus melanopterus,Species,Gadomus,TRUE,ok,
272390,Malacocephalus boretzi,Species,Malacocephalus,3,fathomnet,Malacocephalus boretzi,accepted,,0,272390,Malacocephalus boretzi,Species,Malacocephalus,TRUE,ok,
272416,Nezumia liolepis,Species,Nezumia,3,fathomnet,Nezumia liolepis,accepted,,0,272416,Nezumia liolepis,Species,Nezumia,TRUE,ok,
272511,Physiculus rhodopinnis,Species,Physiculus,3,fathomnet,Physiculus rhodopinnis,accepted,,0,272511,Physiculus rhodopinnis,Species,Physiculus,TRUE,ok,
272739,Aldrovandia rostrata,Species,Aldrovandia,3,fathomnet,Aldrovandia rostrata,accepted,,0,272739,Aldrovandia rostrata,Species,Aldrovandia,TRUE,ok,
272762,Cataetyx hawaiiensis,Species,Cataetyx,3,fathomnet,Cataetyx hawaiiensis,accepted,,0,272762,Cataetyx hawaiiensis,Species,Cataetyx,TRUE,ok,
274689,Pontinus macrocephalus,Species,Pontinus,3,fathomnet,Pontinus macrocephalus,accepted,,0,274689,Pontinus macrocephalus,Species,Pontinus,TRUE,ok,
274693,Pontinus sierra,Species,Pontinus,3,fathomnet,Pontinus sierra,accepted,,0,274693,Pontinus sierra,Species,Pontinus,TRUE,ok,
275831,Ipnops meadi,Species,Ipnops,3,fathomnet,Ipnops meadi,accepted,,0,275831,Ipnops meadi,Species,Ipnops,TRUE,ok,
275942,Liopropoma fasciatum,Species,Liopropoma,3,fathomnet,Liopropoma fasciatum,accepted,,0,275942,Liopropoma fasciatum,Species,Liopropoma,TRUE,ok,
276567,Symphysanodon maunaloae,Species,Symphysanodon,3,fathomnet,Symphysanodon maunaloae,accepted,,0,276567,Symphysanodon maunaloae,Species,Symphysanodon,TRUE,ok,
278523,Lophiodes beroe,Species,Lophiodes,3,fathomnet,Lophiodes beroe,accepted,,0,278523,Lophiodes beroe,Species,Lophiodes,TRUE,ok,
280344,Coelorinchus spilonotus,Species,Coelorinchus,3,fathomnet,Coelorinchus spilonotus,accepted,,0,280344,Coelorinchus spilonotus,Species,Coelorinchus,TRUE,ok,
280601,Elacatinus evelynae,Species,Elacatinus,3,fathomnet,Elacatinus evelynae,accepted,,0,280601,Elacatinus evelynae,Species,Elacatinus,TRUE,ok,
281339,Leucicorus atlanticus,Species,Leucicorus,3,fathomnet,Leucicorus atlanticus,accepted,,0,281339,Leucicorus atlanticus,Species,Leucicorus,TRUE,ok,
281340,Leucicorus lusciosus,Species,Leucicorus,3,fathomnet,Leucicorus lusciosus,accepted,,0,281340,Leucicorus lusciosus,Species,Leucicorus,TRUE,ok,
282828,Solocisquama erythrina,Species,Solocisquama,3,fathomnet,Solocisquama erythrina,accepted,,0,282828,Solocisquama erythrina,Species,Solocisquama,TRUE,ok,
282922,Tactostoma macropus,Species,Tactostoma,3,fathomnet,Tactostoma macropus,accepted,,0,282922,Tactostoma macropus,Species,Tactostoma,TRUE,ok,
282964,Thermarces cerberus,Species,Thermarces,3,fathomnet,Thermarces cerberus,accepted,,0,282964,Thermarces cerberus,Species,Thermarces,TRUE,ok,
286500,Callogorgia robusta,Species,Callogorgia,3,fathomnet,Callogorgia robusta,accepted,,0,286500,Callogorgia robusta,Species,Callogorgia,TRUE,ok,
286520,Narella horrida,Species,Narella,3,fathomnet,Narella horrida,accepted,,0,286520,Narella horrida,Species,Narella,TRUE,ok,
287658,Calyptrophora wyvillei,Species,Calyptrophora,3,fathomnet,Calyptrophora wyvillei,accepted,,0,287658,Calyptrophora wyvillei,Species,Calyptrophora,TRUE,ok,
289796,Dendropathes bacotaylorae,Species,Dendropathes,3,fathomnet,Dendropathes bacotaylorae,accepted,,0,289796,Dendropathes bacotaylorae,Species,Dendropathes,TRUE,ok,
290115,Hexapathes heterosticha,Species,Hexapathes,3,fathomnet,Hexapathes heterosticha,accepted,,0,290115,Hexapathes heterosticha,Species,Hexapathes,TRUE,ok,
291244,Trissopathes tetracrada,Species,Trissopathes,3,fathomnet,Trissopathes tetracrada,accepted,,0,291244,Trissopathes tetracrada,Species,Trissopathes,TRUE,ok,
314348,Entosphenus tridentatus,Species,Entosphenus,3,fathomnet,Entosphenus tridentatus,accepted,,0,314348,Entosphenus tridentatus,Species,Entosphenus,TRUE,ok,
324747,Buskiella,Genus,Buskiella,3,fathomnet,Buskiella,accepted,,0,324747,Buskiella,Genus,Buskiella,TRUE,ok,
341422,Enteroctopus,Genus,Enteroctopus,3,fathomnet,Enteroctopus,accepted,,0,341422,Enteroctopus,Genus,Enteroctopus,TRUE,ok,
343675,Neopilina,Genus,Neopilina,3,fathomnet,Neopilina,accepted,,0,343675,Neopilina,Genus,Neopilina,TRUE,ok,
348054,Spongicola,Genus,Spongicola,3,fathomnet,Spongicola,accepted,,0,348054,Spongicola,Genus,Spongicola,TRUE,ok,
368076,Sympagurus dofleini,Species,Sympagurus,3,fathomnet,Sympagurus dofleini,accepted,,0,368076,Sympagurus dofleini,Species,Sympagurus,TRUE,ok,
369021,Hymenaster pentagonalis,Species,Hymenaster,3,fathomnet,Hymenaster pentagonalis,accepted,,0,369021,Hymenaster pentagonalis,Species,Hymenaster,TRUE,ok,
390899,Austinograea,Genus,Austinograea,3,fathomnet,Austinograea,accepted,,0,390899,Austinograea,Genus,Austinograea,TRUE,ok,
392016,Eumunida treguieri,Species,Eumunida,3,fathomnet,Eumunida treguieri,accepted,,0,392016,Eumunida treguieri,Species,Eumunida,TRUE,ok,
395323,Earleria,Genus,Earleria,3,fathomnet,Earleria,accepted,,0,395323,Earleria,Genus,Earleria,TRUE,ok,
398387,Tetragondacnus spilotus,Species,Tetragondacnus,3,fathomnet,Tetragondacnus spilotus,accepted,,0,398387,Tetragondacnus spilotus,Species,Tetragondacnus,TRUE,ok,
409565,Narella vermifera,Species,Narella,3,fathomnet,Narella vermifera,accepted,,0,409565,Narella vermifera,Species,Narella,TRUE,ok,
413450,Mikadotrochus,Genus,Mikadotrochus,3,fathomnet,Mikadotrochus,accepted,,0,413450,Mikadotrochus,Genus,Mikadotrochus,TRUE,ok,
416647,Massya longecirrata,Species,Massya,3,fathomnet,Massya longecirrata,accepted,,0,416647,Massya longecirrata,Species,Massya,TRUE,ok,
428543,Galatheathuria,Genus,Galatheathuria,3,fathomnet,Galatheathuria,accepted,,0,428543,Galatheathuria,Genus,Galatheathuria,TRUE,ok,
475079,Hyporthodus octofasciatus,Species,Hyporthodus,3,fathomnet,Hyporthodus octofasciatus,accepted,,0,475079,Hyporthodus octofasciatus,Species,Hyporthodus,TRUE,ok,
488310,Amathillopsis annectens,Species,Amathillopsis,3,fathomnet,Amathillopsis annectens,accepted,,0,488310,Amathillopsis annectens,Species,Amathillopsis,TRUE,ok,
513547,Spatangus californicus,Species,Spatangus,3,fathomnet,Spatangus californicus,accepted,,0,513547,Spatangus californicus,Species,Spatangus,TRUE,ok,
513579,Stylocidaris calacantha,Species,Stylocidaris,3,fathomnet,Stylocidaris calacantha,accepted,,0,513579,Stylocidaris calacantha,Species,Stylocidaris,TRUE,ok,
514315,Nematocarcinus longirostris,Species,Nematocarcinus,3,fathomnet,Nematocarcinus longirostris,accepted,,0,514315,Nematocarcinus longirostris,Species,Nematocarcinus,TRUE,ok,
514332,Nematocarcinus tenuirostris,Species,Nematocarcinus,3,fathomnet,Nematocarcinus tenuirostris,accepted,,0,514332,Nematocarcinus tenuirostris,Species,Nematocarcinus,TRUE,ok,
534911,Alcockianum alcockianum,Species,Alcockianum,3,fathomnet,Alcockianum alcockianum,accepted,,0,534911,Alcockianum alcockianum,Species,Alcockianum,TRUE,ok,
594177,Gaza daedala,Species,Gaza,3,fathomnet,Gaza daedala,accepted,,0,594177,Gaza daedala,Species,Gaza,TRUE,ok,
711232,Crotalometra,Genus,Crotalometra,3,fathomnet,Crotalometra,accepted,,0,711232,Crotalometra,Genus,Crotalometra,TRUE,ok,
711846,Dipturus intermedius,Species,Dipturus,3,yolo-bruv,Dipturus intermedius,accepted,,0,711846,Dipturus intermedius,Species,Dipturus,TRUE,ok,
712476,Bassogigas walkeri,Species,Bassogigas,3,fathomnet,Bassogigas walkeri,accepted,,0,712476,Bassogigas walkeri,Species,Bassogigas,TRUE,ok,
712498,Sladenia zhui,Species,Sladenia,3,fathomnet,Sladenia zhui,accepted,,0,712498,Sladenia zhui,Species,Sladenia,TRUE,ok,
719480,Narella hypsocalyx,Species,Narella,3,fathomnet,Narella hypsocalyx,accepted,,0,719480,Narella hypsocalyx,Species,Narella,TRUE,ok,
828512,Comatulidae,Family,,3,fathomnet,Comatulidae,accepted,,0,828512,Comatulidae,Family,,TRUE,ok,
883734,Chrysogorgia abludo,Species,Chrysogorgia,3,fathomnet,Chrysogorgia abludo,accepted,,0,883734,Chrysogorgia abludo,Species,Chrysogorgia,TRUE,ok,
883740,Bathygorgia tasmaniensis,Species,Bathygorgia,3,fathomnet,Bathygorgia tasmaniensis,accepted,,0,883740,Bathygorgia tasmaniensis,Species,Bathygorgia,TRUE,ok,
954687,Crypthelia kelleyi,Species,Crypthelia,3,fathomnet,Crypthelia kelleyi,accepted,,0,954687,Crypthelia kelleyi,Species,Crypthelia,TRUE,ok,
1043466,Parascombrops,Genus,Parascombrops,3,fathomnet,Parascombrops,accepted,,0,1043466,Parascombrops,Genus,Parascombrops,TRUE,ok,
1317068,Calyptrophora carinata,Species,Calyptrophora,3,fathomnet,Calyptrophora carinata,accepted,,0,1317068,Calyptrophora carinata,Species,Calyptrophora,TRUE,ok,
1317070,Calyptrophora pourtalesi,Species,Calyptrophora,3,fathomnet,Calyptrophora pourtalesi,accepted,,0,1317070,Calyptrophora pourtalesi,Species,Calyptrophora,TRUE,ok,
1317080,Narella merga,Species,Narella,3,fathomnet,Narella merga,accepted,,0,1317080,Narella merga,Species,Narella,TRUE,ok,
1317084,Narella calamus,Species,Narella,3,fathomnet,Narella calamus,accepted,,0,1317084,Narella calamus,Species,Narella,TRUE,ok,
1473059,Callistephanus,Genus,Callistephanus,3,fathomnet,Callistephanus,accepted,,0,1473059,Callistephanus,Genus,Callistephanus,TRUE,ok,
1567760,Callistephanus pacificus,Species,Callistephanus,3,fathomnet,Callistephanus pacificus,accepted,,0,1567760,Callistephanus pacificus,Species,Callistephanus,TRUE,ok,
1571909,Sagmatias obliquidens,Species,Sagmatias,3,fathomnet,Sagmatias obliquidens,accepted,,0,1571909,Sagmatias obliquidens,Species,Sagmatias,TRUE,ok,
1758274,Umbellulidae,Family,,3,fathomnet,Umbellulidae,accepted,,0,1758274,Umbellulidae,Family,,TRUE,ok,
151,Nassariidae,Family,,2,fathomnet,Nassariidae,accepted,,0,151,Nassariidae,Family,,TRUE,ok,
177,Polyceridae,Family,,2,fathomnet,Polyceridae,accepted,,0,177,Polyceridae,Family,,TRUE,ok,
192,Aeolidiidae,Family,,2,fathomnet,Aeolidiidae,accepted,,0,192,Aeolidiidae,Family,,TRUE,ok,
211,Mytilidae,Family,,2,fathomnet,Mytilidae,accepted,,0,211,Mytilidae,Family,,TRUE,ok,
793,Platyhelminthes,Phylum,,2,fathomnet,Platyhelminthes,accepted,,0,793,Platyhelminthes,Phylum,,TRUE,ok,
1090,Peracarida,Superorder,,2,fathomnet,Peracarida,accepted,,0,1090,Peracarida,Superorder,,TRUE,ok,
10210,Carcharhiniformes,Order,,2,fathomnet,Carcharhiniformes,accepted,,0,10210,Carcharhiniformes,Order,,TRUE,ok,
11733,Incirrata,Suborder,,2,fathomnet,Incirrata,accepted,,0,11733,Incirrata,Suborder,,TRUE,ok,
16846,Aeginidae,Family,,2,fathomnet,Aeginidae,accepted,,0,16846,Aeginidae,Family,,TRUE,ok,
22632,Solemyidae,Family,,2,fathomnet,Solemyidae,accepted,,0,22632,Solemyidae,Family,,TRUE,ok,
100667,Halcampidae,Family,,2,fathomnet,Halcampidae,accepted,,0,100667,Halcampidae,Family,,TRUE,ok,
100713,Parasicyonis,Genus,Parasicyonis,2,fathomnet,Parasicyonis,accepted,,0,100713,Parasicyonis,Genus,Parasicyonis,TRUE,ok,
100743,Halcampoides,Genus,Halcampoides,2,fathomnet,Halcampoides,accepted,,0,100743,Halcampoides,Genus,Halcampoides,TRUE,ok,
100778,Arachnactis,Genus,Arachnactis,2,fathomnet,Arachnactis,accepted,,0,100778,Arachnactis,Genus,Arachnactis,TRUE,ok,
103354,Fritillariidae,Family,,2,fathomnet,Fritillariidae,accepted,,0,103354,Fritillariidae,Family,,TRUE,ok,
103870,Cnemidocarpa finmarkiensis,Species,Cnemidocarpa,2,fathomnet,Cnemidocarpa finmarkiensis,accepted,,0,103870,Cnemidocarpa finmarkiensis,Species,Cnemidocarpa,TRUE,ok,
105775,Etmopterus,Genus,Etmopterus,2,fathomnet,Etmopterus,accepted,,0,105775,Etmopterus,Genus,Etmopterus,TRUE,ok,
105788,Carcharhinus brevipinna,Species,Carcharhinus,2,ozfish,Carcharhinus brevipinna,accepted,,0,105788,Carcharhinus brevipinna,Species,Carcharhinus,TRUE,ok,
105817,Sphyrna mokarran,Species,Sphyrna,2,ozfish,Sphyrna mokarran,accepted,,0,105817,Sphyrna mokarran,Species,Sphyrna,TRUE,ok,
105835,Alopias superciliosus,Species,Alopias,2,fathomnet,Alopias superciliosus,accepted,,0,105835,Alopias superciliosus,Species,Alopias,TRUE,ok,
106088,Oxynaspis,Genus,Oxynaspis,2,fathomnet,Oxynaspis,accepted,,0,106088,Oxynaspis,Genus,Oxynaspis,TRUE,ok,
106683,Penaeoidea,Superfamily,,2,fathomnet,Penaeoidea,accepted,,0,106683,Penaeoidea,Superfamily,,TRUE,ok,
106725,Aristeidae,Family,,2,fathomnet,Aristeidae,accepted,,0,106725,Aristeidae,Family,,TRUE,ok,
106747,Calappidae,Family,,2,fathomnet,Calappidae,accepted,,0,106747,Calappidae,Family,,TRUE,ok,
106800,Callianassidae,Family,,2,fathomnet,Callianassidae,accepted,,0,106800,Callianassidae,Family,,TRUE,ok,
106812,Benthonectes,Genus,Benthonectes,2,fathomnet,Benthonectes,accepted,,0,106812,Benthonectes,Genus,Benthonectes,TRUE,ok,
106825,Hymenopenaeus,Genus,Hymenopenaeus,2,fathomnet,Hymenopenaeus,accepted,,0,106825,Hymenopenaeus,Genus,Hymenopenaeus,TRUE,ok,
106869,Paromola,Genus,Paromola,2,fathomnet,Paromola,accepted,,0,106869,Paromola,Genus,Paromola,TRUE,ok,
106956,Progeryon,Genus,Progeryon,2,fathomnet,Progeryon,accepted,,0,106956,Progeryon,Genus,Progeryon,TRUE,ok,
107014,Glyphocrangon,Genus,Glyphocrangon,2,fathomnet,Glyphocrangon,accepted,,0,107014,Glyphocrangon,Genus,Glyphocrangon,TRUE,ok,
107090,Benthesicymus laciniatus,Species,Benthesicymus,2,fathomnet,Benthesicymus laciniatus,accepted,,0,107090,Benthesicymus laciniatus,Species,Benthesicymus,TRUE,ok,
110363,Bonellia viridis,Species,Bonellia,2,fathomnet,Bonellia viridis,accepted,,0,110363,Bonellia viridis,Species,Bonellia,TRUE,ok,
110671,Euphausiidae,Family,,2,fathomnet,Euphausiidae,accepted,,0,110671,Euphausiidae,Family,,TRUE,ok,
117072,Cunina,Genus,Cunina,2,fathomnet,Cunina,accepted,,0,117072,Cunina,Genus,Cunina,TRUE,ok,
117241,Crypthelia,Genus,Crypthelia,2,fathomnet,Crypthelia,accepted,,0,117241,Crypthelia,Genus,Crypthelia,TRUE,ok,
117243,Lepidopora,Genus,Lepidopora,2,fathomnet,Lepidopora,accepted,,0,117243,Lepidopora,Genus,Lepidopora,TRUE,ok,
117270,Aequorea forskalea,Species,Aequorea,2,fathomnet,Aequorea forskalea,accepted,,0,117270,Aequorea forskalea,Species,Aequorea,TRUE,ok,
117868,Tetrorchis erythrogaster,Species,Tetrorchis,2,fathomnet,Tetrorchis erythrogaster,accepted,,0,117868,Tetrorchis erythrogaster,Species,Tetrorchis,TRUE,ok,
123095,Isocrinida,Order,,2,fathomnet,Isocrinida,accepted,,0,123095,Isocrinida,Order,,TRUE,ok,
123127,Astropectinidae,Family,,2,fathomnet,Astropectinidae,accepted,,0,123127,Astropectinidae,Family,,TRUE,ok,
123130,Porcellanasteridae,Family,,2,fathomnet,Porcellanasteridae,accepted,,0,123130,Porcellanasteridae,Family,,TRUE,ok,
123141,Myxasteridae,Family,,2,fathomnet,Myxasteridae,accepted,,0,123141,Myxasteridae,Family,,TRUE,ok,
123210,Brisinga,Genus,Brisinga,2,fathomnet,Brisinga,accepted,,0,123210,Brisinga,Genus,Brisinga,TRUE,ok,
123225,Sclerasterias,Genus,Sclerasterias,2,fathomnet,Sclerasterias,accepted,,0,123225,Sclerasterias,Genus,Sclerasterias,TRUE,ok,
123245,Astropecten,Genus,Astropecten,2,fathomnet,Astropecten,accepted,,0,123245,Astropecten,Genus,Astropecten,TRUE,ok,
123304,Pseudarchaster,Genus,Pseudarchaster,2,fathomnet,Pseudarchaster,accepted,,0,123304,Pseudarchaster,Genus,Pseudarchaster,TRUE,ok,
123305,Sphaeriodiscus,Genus,Sphaeriodiscus,2,fathomnet,Sphaeriodiscus,accepted,,0,123305,Sphaeriodiscus,Genus,Sphaeriodiscus,TRUE,ok,
123314,Ophidiaster,Genus,Ophidiaster,2,fathomnet,Ophidiaster,accepted,,0,123314,Ophidiaster,Genus,Ophidiaster,TRUE,ok,
123382,Stereocidaris,Genus,Stereocidaris,2,fathomnet,Stereocidaris,accepted,,0,123382,Stereocidaris,Genus,Stereocidaris,TRUE,ok,
125432,Nemichthyidae,Family,,2,fathomnet,Nemichthyidae,accepted,,0,125432,Nemichthyidae,Family,,TRUE,ok,
125511,Microstomatidae,Family,,2,fathomnet,Microstomatidae,accepted,,0,125511,Microstomatidae,Family,,TRUE,ok,
125561,Serranidae,Family,,2,fathomnet,Serranidae,accepted,,0,125561,Serranidae,Family,,TRUE,ok,
125571,Trichiuridae,Family,,2,fathomnet,Trichiuridae,accepted,,0,125571,Trichiuridae,Family,,TRUE,ok,
125610,Monacanthidae,Family,,2,ozfish,Monacanthidae,accepted,,0,125610,Monacanthidae,Family,,TRUE,ok,
125611,Ostraciidae,Family,,2,ozfish,Ostraciidae,accepted,,0,125611,Ostraciidae,Family,,TRUE,ok,
125625,Gnathophis,Genus,Gnathophis,2,fathomnet,Gnathophis,accepted,,0,125625,Gnathophis,Genus,Gnathophis,TRUE,ok,
125640,Facciolella,Genus,Facciolella,2,fathomnet,Facciolella,accepted,,0,125640,Facciolella,Genus,Facciolella,TRUE,ok,
125647,Ophichthus,Genus,Ophichthus,2,fathomnet,Ophichthus,accepted,,0,125647,Ophichthus,Genus,Ophichthus,TRUE,ok,
125686,Synodus,Genus,Synodus,2,ozfish,Synodus,accepted,,0,125686,Synodus,Genus,Synodus,TRUE,ok,
125705,Gephyroberyx,Genus,Gephyroberyx,2,fathomnet,Gephyroberyx,accepted,,0,125705,Gephyroberyx,Genus,Gephyroberyx,TRUE,ok,
125706,Hoplostethus,Genus,Hoplostethus,2,fathomnet,Hoplostethus,accepted,,0,125706,Hoplostethus,Genus,Hoplostethus,TRUE,ok,
125837,Aldrovandia,Genus,Aldrovandia,2,fathomnet,Aldrovandia,accepted,,0,125837,Aldrovandia,Genus,Aldrovandia,TRUE,ok,
125855,Barathrites,Genus,Barathrites,2,fathomnet,Barathrites,accepted,,0,125855,Barathrites,Genus,Barathrites,TRUE,ok,
125888,Bathylagus,Genus,Bathylagus,2,fathomnet,Bathylagus,accepted,,0,125888,Bathylagus,Genus,Bathylagus,TRUE,ok,
126177,Setarches,Genus,Setarches,2,fathomnet,Setarches,accepted,,0,126177,Setarches,Genus,Setarches,TRUE,ok,
126202,Astronesthes,Genus,Astronesthes,2,fathomnet,Astronesthes,accepted,,0,126202,Astronesthes,Genus,Astronesthes,TRUE,ok,
126323,Histiobranchus bathybius,Species,Histiobranchus,2,fathomnet,Histiobranchus bathybius,accepted,,0,126323,Histiobranchus bathybius,Species,Histiobranchus,TRUE,ok,
126327,Simenchelys parasitica,Species,Simenchelys,2,fathomnet,Simenchelys parasitica,accepted,,0,126327,Simenchelys parasitica,Species,Simenchelys,TRUE,ok,
126400,Sargocentron rubrum,Species,Sargocentron,2,ozfish,Sargocentron rubrum,accepted,,0,126400,Sargocentron rubrum,Species,Sargocentron,TRUE,ok,
126491,Laemonema robustum,Species,Laemonema,2,fathomnet,Laemonema robustum,accepted,,0,126491,Laemonema robustum,Species,Laemonema,TRUE,ok,
126989,Upeneus moluccensis,Species,Upeneus,2,ozfish,Upeneus moluccensis,accepted,,0,126989,Upeneus moluccensis,Species,Upeneus,TRUE,ok,
127420,Grammicolepis brachiusculus,Species,Grammicolepis,2,fathomnet,Grammicolepis brachiusculus,accepted,,0,127420,Grammicolepis brachiusculus,Species,Grammicolepis,TRUE,ok,
127522,Gigantocypris,Genus,Gigantocypris,2,fathomnet,Gigantocypris,accepted,,0,127522,Gigantocypris,Genus,Gigantocypris,TRUE,ok,
128502,Stylatula,Genus,Stylatula,2,fathomnet,Stylatula,accepted,,0,128502,Stylatula,Genus,Stylatula,TRUE,ok,
130219,Pelagobia longicirrata,Species,Pelagobia,2,fathomnet,Pelagobia longicirrata,accepted,,0,130219,Pelagobia longicirrata,Species,Pelagobia,TRUE,ok,
131665,Pachastrellidae,Family,,2,fathomnet,Pachastrellidae,accepted,,0,131665,Pachastrellidae,Family,,TRUE,ok,
131852,Oceanapia,Genus,Oceanapia,2,fathomnet,Oceanapia,accepted,,0,131852,Oceanapia,Genus,Oceanapia,TRUE,ok,
132046,Polymastia,Genus,Polymastia,2,fathomnet,Polymastia,accepted,,0,132046,Polymastia,Genus,Polymastia,TRUE,ok,
132086,Leiodermatium,Genus,Leiodermatium,2,fathomnet,Leiodermatium,accepted,,0,132086,Leiodermatium,Genus,Leiodermatium,TRUE,ok,
132114,Euplectella,Genus,Euplectella,2,fathomnet,Euplectella,accepted,,0,132114,Euplectella,Genus,Euplectella,TRUE,ok,
135085,Caryophyllia,Genus,Caryophyllia,2,fathomnet,Caryophyllia,accepted,,0,135085,Caryophyllia,Genus,Caryophyllia,TRUE,ok,
135115,Javania,Genus,Javania,2,fathomnet,Javania,accepted,,0,135115,Javania,Genus,Javania,TRUE,ok,
135119,Fungiacyathus,Genus,Fungiacyathus,2,fathomnet,Fungiacyathus,accepted,,0,135119,Fungiacyathus,Genus,Fungiacyathus,TRUE,ok,
135136,Caryophyllia (Caryophyllia) atlantica,Species,Caryophyllia,2,fathomnet,Caryophyllia (Caryophyllia) atlantica,accepted,,0,135136,Caryophyllia (Caryophyllia) atlantica,Species,Caryophyllia,TRUE,ok,
135220,Scyphozoa,Class,,2,fathomnet,Scyphozoa,accepted,,0,135220,Scyphozoa,Class,,TRUE,ok,
135250,Nausithoe,Genus,Nausithoe,2,fathomnet,Nausithoe,accepted,,0,135250,Nausithoe,Genus,Nausithoe,TRUE,ok,
135381,Sphaeronectes,Genus,Sphaeronectes,2,fathomnet,Sphaeronectes,accepted,,0,135381,Sphaeronectes,Genus,Sphaeronectes,TRUE,ok,
135386,Cordagalma,Genus,Cordagalma,2,fathomnet,Cordagalma,accepted,,0,135386,Cordagalma,Genus,Cordagalma,TRUE,ok,
135388,Frillagalma,Genus,Frillagalma,2,fathomnet,Frillagalma,accepted,,0,135388,Frillagalma,Genus,Frillagalma,TRUE,ok,
135391,Marrus,Genus,Marrus,2,fathomnet,Marrus,accepted,,0,135391,Marrus,Genus,Marrus,TRUE,ok,
137219,Dolioletta,Genus,Dolioletta,2,fathomnet,Dolioletta,accepted,,0,137219,Dolioletta,Genus,Dolioletta,TRUE,ok,
137827,Phymorhynchus,Genus,Phymorhynchus,2,fathomnet,Phymorhynchus,accepted,,0,137827,Phymorhynchus,Genus,Phymorhynchus,TRUE,ok,
137928,Elysia,Genus,Elysia,2,fathomnet,Elysia,accepted,,0,137928,Elysia,Genus,Elysia,TRUE,ok,
147028,Nebaliacea,Suborder,,2,fathomnet,Nebaliacea,accepted,,0,147028,Nebaliacea,Suborder,,TRUE,ok,
148414,Chirostylus,Genus,Chirostylus,2,fathomnet,Chirostylus,accepted,,0,148414,Chirostylus,Genus,Chirostylus,TRUE,ok,
151169,Trachinotus blochii,Species,Trachinotus,2,ozfish,Trachinotus blochii,accepted,,0,151169,Trachinotus blochii,Species,Trachinotus,TRUE,ok,
151413,Pinguipedidae,Family,,2,ozfish,Pinguipedidae,accepted,,0,151413,Pinguipedidae,Family,,TRUE,ok,
151443,Opistognathidae,Family,,2,ozfish,Opistognathidae,accepted,,0,151443,Opistognathidae,Family,,TRUE,ok,
152686,Stenosemus,Genus,Stenosemus,2,fathomnet,Stenosemus,accepted,,0,152686,Stenosemus,Genus,Stenosemus,TRUE,ok,
153091,Cirroteuthis,Genus,Cirroteuthis,2,fathomnet,Cirroteuthis,accepted,,0,153091,Cirroteuthis,Genus,Cirroteuthis,TRUE,ok,
154417,Cottoidei,Suborder,,2,fathomnet,Cottoidei,accepted,,0,154417,Cottoidei,Suborder,,TRUE,ok,
154974,Canalipalpata,Infraclass,,2,fathomnet,Canalipalpata,accepted,,0,154974,Canalipalpata,Infraclass,,TRUE,ok,
158656,Diastobranchus capensis,Species,Diastobranchus,2,fathomnet,Diastobranchus capensis,accepted,,0,158656,Diastobranchus capensis,Species,Diastobranchus,TRUE,ok,
158746,Ventrifossa,Genus,Ventrifossa,2,fathomnet,Ventrifossa,accepted,,0,158746,Ventrifossa,Genus,Ventrifossa,TRUE,ok,
159383,Myripristis,Genus,Myripristis,2,ozfish,Myripristis,accepted,,0,159383,Myripristis,Genus,Myripristis,TRUE,ok,
159398,Ostichthys,Genus,Ostichthys,2,fathomnet,Ostichthys,accepted,,0,159398,Ostichthys,Genus,Ostichthys,TRUE,ok,
159425,Barbourisia rufa,Species,Barbourisia,2,fathomnet,Barbourisia rufa,accepted,,0,159425,Barbourisia rufa,Species,Barbourisia,TRUE,ok,
159566,Ectreposebastes imus,Species,Ectreposebastes,2,fathomnet,Ectreposebastes imus,accepted,,0,159566,Ectreposebastes imus,Species,Ectreposebastes,TRUE,ok,
159788,Etelis,Genus,Etelis,2,fathomnet,Etelis,accepted,,0,159788,Etelis,Genus,Etelis,TRUE,ok,
160732,Echinothurioida,Order,,2,fathomnet,Echinothurioida,accepted,,0,160732,Echinothurioida,Order,,TRUE,ok,
165937,Spongosorites siliquaria,Species,Spongosorites,2,fathomnet,Spongosorites siliquaria,accepted,,0,165937,Spongosorites siliquaria,Species,Spongosorites,TRUE,ok,
171932,Placopegma,Genus,Placopegma,2,fathomnet,Placopegma,accepted,,0,171932,Placopegma,Genus,Placopegma,TRUE,ok,
172639,Ophioleuce,Genus,Ophioleuce,2,fathomnet,Ophioleuce,accepted,,0,172639,Ophioleuce,Genus,Ophioleuce,TRUE,ok,
178136,Rosaster,Genus,Rosaster,2,fathomnet,Rosaster,accepted,,0,178136,Rosaster,Genus,Rosaster,TRUE,ok,
178195,Tamaria,Genus,Tamaria,2,fathomnet,Tamaria,accepted,,0,178195,Tamaria,Genus,Tamaria,TRUE,ok,
179653,Echinometridae,Family,,2,fathomnet,Echinometridae,accepted,,0,179653,Echinometridae,Family,,TRUE,ok,
181385,Cranchia,Genus,Cranchia,2,fathomnet,Cranchia,accepted,,0,181385,Cranchia,Genus,Cranchia,TRUE,ok,
183494,Articulata,Subclass,,2,fathomnet,Articulata,accepted,,0,183494,Articulata,Subclass,,TRUE,ok,
196169,Nidaliidae,Family,,2,fathomnet,Nidaliidae,accepted,,0,196169,Nidaliidae,Family,,TRUE,ok,
196325,Pleurotomariidae,Family,,2,fathomnet,Pleurotomariidae,accepted,,0,196325,Pleurotomariidae,Family,,TRUE,ok,
203986,Eleutherobia,Genus,Eleutherobia,2,fathomnet,Eleutherobia,accepted,,0,203986,Eleutherobia,Genus,Eleutherobia,TRUE,ok,
204183,Stethojulis,Genus,Stethojulis,2,ozfish,Stethojulis,accepted,,0,204183,Stethojulis,Genus,Stethojulis,TRUE,ok,
204195,Euplexaura,Genus,Euplexaura,2,fathomnet,Euplexaura,accepted,,0,204195,Euplexaura,Genus,Euplexaura,TRUE,ok,
204256,Pomacentrus,Genus,Pomacentrus,2,ozfish,Pomacentrus,accepted,,0,204256,Pomacentrus,Genus,Pomacentrus,TRUE,ok,
205127,Calibelemnon,Genus,Calibelemnon,2,fathomnet,Calibelemnon,accepted,,0,205127,Calibelemnon,Genus,Calibelemnon,TRUE,ok,
205513,Distichopora,Genus,Distichopora,2,fathomnet,Distichopora,accepted,,0,205513,Distichopora,Genus,Distichopora,TRUE,ok,
205723,Amphiprion,Genus,Amphiprion,2,fathomnet,Amphiprion,accepted,,0,205723,Amphiprion,Genus,Amphiprion,TRUE,ok,
205764,Labropsis,Genus,Labropsis,2,ozfish,Labropsis,accepted,,0,205764,Labropsis,Genus,Labropsis,TRUE,ok,
206047,Calocarcinus,Genus,Calocarcinus,2,fathomnet,Calocarcinus,accepted,,0,206047,Calocarcinus,Genus,Calocarcinus,TRUE,ok,
206169,Paracaesio,Genus,Paracaesio,2,fathomnet,Paracaesio,accepted,,0,206169,Paracaesio,Genus,Paracaesio,TRUE,ok,
206307,Pyramodon,Genus,Pyramodon,2,fathomnet,Pyramodon,accepted,,0,206307,Pyramodon,Genus,Pyramodon,TRUE,ok,
206334,Halieutopsis,Genus,Halieutopsis,2,fathomnet,Halieutopsis,accepted,,0,206334,Halieutopsis,Genus,Halieutopsis,TRUE,ok,
206379,Centropyge,Genus,Centropyge,2,ozfish,Centropyge,accepted,,0,206379,Centropyge,Genus,Centropyge,TRUE,ok,
206711,Trichonotus,Genus,Trichonotus,2,ozfish,Trichonotus,accepted,,0,206711,Trichonotus,Genus,Trichonotus,TRUE,ok,
206731,Samariscus,Genus,Samariscus,2,fathomnet,Samariscus,accepted,,0,206731,Samariscus,Genus,Samariscus,TRUE,ok,
208914,Pseudocheilinus octotaenia,Species,Pseudocheilinus,2,ozfish,Pseudocheilinus octotaenia,accepted,,0,208914,Pseudocheilinus octotaenia,Species,Pseudocheilinus,TRUE,ok,
208915,Pseudocheilinus hexataenia,Species,Pseudocheilinus,2,ozfish,Pseudocheilinus hexataenia,accepted,,0,208915,Pseudocheilinus hexataenia,Species,Pseudocheilinus,TRUE,ok,
209373,Cheilodipterus macrodon,Species,Cheilodipterus,2,ozfish,Cheilodipterus macrodon,accepted,,0,209373,Cheilodipterus macrodon,Species,Cheilodipterus,TRUE,ok,
212544,Etelis coruscans,Species,Etelis,2,fathomnet,Etelis coruscans,accepted,,0,212544,Etelis coruscans,Species,Etelis,TRUE,ok,
217469,Echidna nebulosa,Species,Echidna,2,fathomnet,Echidna nebulosa,accepted,,0,217469,Echidna nebulosa,Species,Echidna,TRUE,ok,
217797,Brotula multibarbata,Species,Brotula,2,fathomnet,Brotula multibarbata,accepted,,0,217797,Brotula multibarbata,Species,Brotula,TRUE,ok,
217915,Myripristis kuntee,Species,Myripristis,2,ozfish,Myripristis kuntee,accepted,,0,217915,Myripristis kuntee,Species,Myripristis,TRUE,ok,
217954,Sargocentron tiere,Species,Sargocentron,2,ozfish,Sargocentron tiere,accepted,,0,217954,Sargocentron tiere,Species,Sargocentron,TRUE,ok,
218180,Cephalopholis spiloparaea,Species,Cephalopholis,2,ozfish,Cephalopholis spiloparaea,accepted,,0,218180,Cephalopholis spiloparaea,Species,Cephalopholis,TRUE,ok,
218202,Epinephelus macrospilos,Species,Epinephelus,2,ozfish,Epinephelus macrospilos,accepted,,0,218202,Epinephelus macrospilos,Species,Epinephelus,TRUE,ok,
218224,Epinephelus lanceolatus,Species,Epinephelus,2,ozfish,Epinephelus lanceolatus,accepted,,0,218224,Epinephelus lanceolatus,Species,Epinephelus,TRUE,ok,
218261,Plectropomus leopardus,Species,Plectropomus,2,ozfish,Plectropomus leopardus,accepted,,0,218261,Plectropomus leopardus,Species,Plectropomus,TRUE,ok,
218427,Decapterus russelli,Species,Decapterus,2,ozfish,Decapterus russelli,accepted,,0,218427,Decapterus russelli,Species,Decapterus,TRUE,ok,
218431,Parastromateus niger,Species,Parastromateus,2,ozfish,Parastromateus niger,accepted,,0,218431,Parastromateus niger,Species,Parastromateus,TRUE,ok,
218468,Aphareus rutilans,Species,Aphareus,2,ozfish,Aphareus rutilans,accepted,,0,218468,Aphareus rutilans,Species,Aphareus,TRUE,ok,
218514,Pristipomoides zonatus,Species,Pristipomoides,2,fathomnet,Pristipomoides zonatus,accepted,,0,218514,Pristipomoides zonatus,Species,Pristipomoides,TRUE,ok,
218539,Plectorhinchus gibbosus,Species,Plectorhinchus,2,ozfish,Plectorhinchus gibbosus,accepted,,0,218539,Plectorhinchus gibbosus,Species,Plectorhinchus,TRUE,ok,
218725,Chaetodon oxycephalus,Species,Chaetodon,2,ozfish,Chaetodon oxycephalus,accepted,,0,218725,Chaetodon oxycephalus,Species,Chaetodon,TRUE,ok,
218779,Amblyglyphidodon leucogaster,Species,Amblyglyphidodon,2,ozfish,Amblyglyphidodon leucogaster,accepted,,0,218779,Amblyglyphidodon leucogaster,Species,Amblyglyphidodon,TRUE,ok,
218847,Stegastes albifasciatus,Species,Stegastes,2,ozfish,Stegastes albifasciatus,accepted,,0,218847,Stegastes albifasciatus,Species,Stegastes,TRUE,ok,
219091,Leptoscarus vaigiensis,Species,Leptoscarus,2,ozfish,Leptoscarus vaigiensis,accepted,,0,219091,Leptoscarus vaigiensis,Species,Leptoscarus,TRUE,ok,
219114,Scarus scaber,Species,Scarus,2,ozfish,Scarus scaber,accepted,,0,219114,Scarus scaber,Species,Scarus,TRUE,ok,
219242,Aspidontus taeniatus,Species,Aspidontus,2,ozfish,Aspidontus taeniatus,accepted,,0,219242,Aspidontus taeniatus,Species,Aspidontus,TRUE,ok,
219617,Ptereleotris heteroptera,Species,Ptereleotris,2,ozfish,Ptereleotris heteroptera,accepted,,0,219617,Ptereleotris heteroptera,Species,Ptereleotris,TRUE,ok,
219620,Ptereleotris grammica,Species,Ptereleotris,2,ozfish,Ptereleotris grammica,accepted,,0,219620,Ptereleotris grammica,Species,Ptereleotris,TRUE,ok,
219713,Sarda orientalis,Species,Sarda,2,ozfish,Sarda orientalis,accepted,,0,219713,Sarda orientalis,Species,Sarda,TRUE,ok,
219860,Symphurus strictus,Species,Symphurus,2,fathomnet,Symphurus strictus,accepted,,0,219860,Symphurus strictus,Species,Symphurus,TRUE,ok,
219897,Xanthichthys auromarginatus,Species,Xanthichthys,2,ozfish,Xanthichthys auromarginatus,accepted,,0,219897,Xanthichthys auromarginatus,Species,Xanthichthys,TRUE,ok,
219928,Arothron stellatus,Species,Arothron,2,ozfish,Arothron stellatus,accepted,,0,219928,Arothron stellatus,Species,Arothron,TRUE,ok,
219936,Canthigaster coronata,Species,Canthigaster,2,ozfish,Canthigaster coronata,accepted,,0,219936,Canthigaster coronata,Species,Canthigaster,TRUE,ok,
219964,Chilomycterus reticulatus,Species,Chilomycterus,2,ozfish,Chilomycterus reticulatus,accepted,,0,219964,Chilomycterus reticulatus,Species,Chilomycterus,TRUE,ok,
221455,Hexatrygon bickelli,Species,Hexatrygon,2,fathomnet,Hexatrygon bickelli,accepted,,0,221455,Hexatrygon bickelli,Species,Hexatrygon,TRUE,ok,
238008,Thalassocalycida,Order,,2,fathomnet,Thalassocalycida,accepted,,0,238008,Thalassocalycida,Order,,TRUE,ok,
242159,Evoplosoma forcipifera,Species,Evoplosoma,2,fathomnet,Evoplosoma forcipifera,accepted,,0,242159,Evoplosoma forcipifera,Species,Evoplosoma,TRUE,ok,
243262,Gorgonocephalus dolichodactylus,Species,Gorgonocephalus,2,fathomnet,Gorgonocephalus dolichodactylus,accepted,,0,243262,Gorgonocephalus dolichodactylus,Species,Gorgonocephalus,TRUE,ok,
244256,Ophiura aequalis,Species,Ophiura,2,fathomnet,Ophiura aequalis,accepted,,0,244256,Ophiura aequalis,Species,Ophiura,TRUE,ok,
246545,Paralomis birsteini,Species,Paralomis,2,fathomnet,Paralomis birsteini,accepted,,0,246545,Paralomis birsteini,Species,Paralomis,TRUE,ok,
248995,Munnicope,Genus,Munnicope,2,fathomnet,Munnicope,accepted,,0,248995,Munnicope,Genus,Munnicope,TRUE,ok,
249149,Paropsurus,Genus,Paropsurus,2,fathomnet,Paropsurus,accepted,,0,249149,Paropsurus,Genus,Paropsurus,TRUE,ok,
249262,Rectisura,Genus,Rectisura,2,fathomnet,Rectisura,accepted,,0,249262,Rectisura,Genus,Rectisura,TRUE,ok,
250404,Culeolus recumbens,Species,Culeolus,2,fathomnet,Culeolus recumbens,accepted,,0,250404,Culeolus recumbens,Species,Culeolus,TRUE,ok,
254837,Zoroaster ophiurus,Species,Zoroaster,2,fathomnet,Zoroaster ophiurus,accepted,,0,254837,Zoroaster ophiurus,Species,Zoroaster,TRUE,ok,
254888,Gilbertaster anacanthus,Species,Gilbertaster,2,fathomnet,Gilbertaster anacanthus,accepted,,0,254888,Gilbertaster anacanthus,Species,Gilbertaster,TRUE,ok,
254894,Hippasteria imperialis,Species,Hippasteria,2,fathomnet,Hippasteria imperialis,accepted,,0,254894,Hippasteria imperialis,Species,Hippasteria,TRUE,ok,
267045,Etmopteridae,Family,,2,fathomnet,Etmopteridae,accepted,,0,267045,Etmopteridae,Family,,TRUE,ok,
267184,Abyssopathes,Genus,Abyssopathes,2,fathomnet,Abyssopathes,accepted,,0,267184,Abyssopathes,Genus,Abyssopathes,TRUE,ok,
267357,Cupressopathes,Genus,Cupressopathes,2,fathomnet,Cupressopathes,accepted,,0,267357,Cupressopathes,Genus,Cupressopathes,TRUE,ok,
268530,Bembradium,Genus,Bembradium,2,fathomnet,Bembradium,accepted,,0,268530,Bembradium,Genus,Bembradium,TRUE,ok,
268935,Cyttomimus,Genus,Cyttomimus,2,fathomnet,Cyttomimus,accepted,,0,268935,Cyttomimus,Genus,Cyttomimus,TRUE,ok,
270136,Osteodiscus,Genus,Osteodiscus,2,fathomnet,Osteodiscus,accepted,,0,270136,Osteodiscus,Genus,Osteodiscus,TRUE,ok,
270184,Parabothus,Genus,Parabothus,2,fathomnet,Parabothus,accepted,,0,270184,Parabothus,Genus,Parabothus,TRUE,ok,
270275,Paraulopus,Genus,Paraulopus,2,fathomnet,Paraulopus,accepted,,0,270275,Paraulopus,Genus,Paraulopus,TRUE,ok,
270310,Parvilux,Genus,Parvilux,2,fathomnet,Parvilux,accepted,,0,270310,Parvilux,Genus,Parvilux,TRUE,ok,
270919,Sladenia,Genus,Sladenia,2,fathomnet,Sladenia,accepted,,0,270919,Sladenia,Genus,Sladenia,TRUE,ok,
271654,Somniosus pacificus,Species,Somniosus,2,fathomnet,Somniosus pacificus,accepted,,0,271654,Somniosus pacificus,Species,Somniosus,TRUE,ok,
271922,Venefica tentaculata,Species,Venefica,2,fathomnet,Venefica tentaculata,accepted,,0,271922,Venefica tentaculata,Species,Venefica,TRUE,ok,
271959,Ophichthus kunaloa,Species,Ophichthus,2,fathomnet,Ophichthus kunaloa,accepted,,0,271959,Ophichthus kunaloa,Species,Ophichthus,TRUE,ok,
272146,Tylosurus gavialoides,Species,Tylosurus,2,ozfish,Tylosurus gavialoides,accepted,,0,272146,Tylosurus gavialoides,Species,Tylosurus,TRUE,ok,
272478,Laemonema rhodochir,Species,Laemonema,2,fathomnet,Laemonema rhodochir,accepted,,0,272478,Laemonema rhodochir,Species,Laemonema,TRUE,ok,
272550,Chaunax endeavouri,Species,Chaunax,2,fathomnet,Chaunax endeavouri,accepted,,0,272550,Chaunax endeavouri,Species,Chaunax,TRUE,ok,
272792,Bassozetus nasus,Species,Bassozetus,2,fathomnet,Bassozetus nasus,accepted,,0,272792,Bassozetus nasus,Species,Bassozetus,TRUE,ok,
272960,Acanthurus fowleri,Species,Acanthurus,2,ozfish,Acanthurus fowleri,accepted,,0,272960,Acanthurus fowleri,Species,Acanthurus,TRUE,ok,
273526,Bodianus cylindriatus,Species,Bodianus,2,fathomnet,Bodianus cylindriatus,accepted,,0,273526,Bodianus cylindriatus,Species,Bodianus,TRUE,ok,
273536,Bodianus mesothorax,Species,Bodianus,2,ozfish,Bodianus mesothorax,accepted,,0,273536,Bodianus mesothorax,Species,Bodianus,TRUE,ok,
273673,Upeneus sundaicus,Species,Upeneus,2,ozfish,Upeneus sundaicus,accepted,,0,273673,Upeneus sundaicus,Species,Upeneus,TRUE,ok,
273921,Siganus punctatissimus,Species,Siganus,2,ozfish,Siganus punctatissimus,accepted,,0,273921,Siganus punctatissimus,Species,Siganus,TRUE,ok,
274134,Melanostigma pammelas,Species,Melanostigma,2,fathomnet,Melanostigma pammelas,accepted,,0,274134,Melanostigma pammelas,Species,Melanostigma,TRUE,ok,
274777,Sebastes borealis,Species,Sebastes,2,fathomnet,Sebastes borealis,accepted,,0,274777,Sebastes borealis,Species,Sebastes,TRUE,ok,
274854,Sebastes simulator,Species,Sebastes,2,fathomnet,Sebastes simulator,accepted,,0,274854,Sebastes simulator,Species,Sebastes,TRUE,ok,
274946,Cyclothone parapallida,Species,Cyclothone,2,fathomnet,Cyclothone parapallida,accepted,,0,274946,Cyclothone parapallida,Species,Cyclothone,TRUE,ok,
275404,Elops hawaiensis,Species,Elops,2,ozfish,Elops hawaiensis,accepted,,0,275404,Elops hawaiensis,Species,Elops,TRUE,ok,
276012,Holacanthus ciliaris,Species,Holacanthus,2,fathomnet,Holacanthus ciliaris,accepted,,0,276012,Holacanthus ciliaris,Species,Holacanthus,TRUE,ok,
276518,Etelis radiosus,Species,Etelis,2,fathomnet,Etelis radiosus,accepted,,0,276518,Etelis radiosus,Species,Etelis,TRUE,ok,
276524,Lutjanus argentiventris,Species,Lutjanus,2,fathomnet,Lutjanus argentiventris,accepted,,0,276524,Lutjanus argentiventris,Species,Lutjanus,TRUE,ok,
276530,Lutjanus decussatus,Species,Lutjanus,2,ozfish,Lutjanus decussatus,accepted,,0,276530,Lutjanus decussatus,Species,Lutjanus,TRUE,ok,
276566,Symphysanodon katayamai,Species,Symphysanodon,2,fathomnet,Symphysanodon katayamai,accepted,,0,276566,Symphysanodon katayamai,Species,Symphysanodon,TRUE,ok,
276680,Stegastes rectifraenum,Species,Stegastes,2,fathomnet,Stegastes rectifraenum,accepted,,0,276680,Stegastes rectifraenum,Species,Stegastes,TRUE,ok,
276893,Centroberyx druzhinini,Species,Centroberyx,2,fathomnet,Centroberyx druzhinini,accepted,,0,276893,Centroberyx druzhinini,Species,Centroberyx,TRUE,ok,
276998,Parapercis haackei,Species,Parapercis,2,ozfish,Parapercis haackei,accepted,,0,276998,Parapercis haackei,Species,Parapercis,TRUE,ok,
277652,Ecsenius bicolor,Species,Ecsenius,2,ozfish,Ecsenius bicolor,accepted,,0,277652,Ecsenius bicolor,Species,Ecsenius,TRUE,ok,
277814,Parupeneus crassilabris,Species,Parupeneus,2,ozfish,Parupeneus crassilabris,accepted,,0,277814,Parupeneus crassilabris,Species,Parupeneus,TRUE,ok,
278243,Aetobatus ocellatus,Species,Aetobatus,2,ozfish,Aetobatus ocellatus,accepted,,0,278243,Aetobatus ocellatus,Species,Aetobatus,TRUE,ok,
278639,Lethrinus semicinctus,Species,Lethrinus,2,ozfish,Lethrinus semicinctus,accepted,,0,278639,Lethrinus semicinctus,Species,Lethrinus,TRUE,ok,
278813,Neoglyphidodon nigroris,Species,Neoglyphidodon,2,ozfish,Neoglyphidodon nigroris,accepted,,0,278813,Neoglyphidodon nigroris,Species,Neoglyphidodon,TRUE,ok,
279274,Eptatretus carlhubbsi,Species,Eptatretus,2,fathomnet,Eptatretus carlhubbsi,accepted,,0,279274,Eptatretus carlhubbsi,Species,Eptatretus,TRUE,ok,
279296,Eptatretus sinus,Species,Eptatretus,2,fathomnet,Eptatretus sinus,accepted,,0,279296,Eptatretus sinus,Species,Eptatretus,TRUE,ok,
279314,Meiacanthus luteus,Species,Meiacanthus,2,ozfish,Meiacanthus luteus,accepted,,0,279314,Meiacanthus luteus,Species,Meiacanthus,TRUE,ok,
279469,Acanthochromis polyacanthus,Species,Acanthochromis,2,ozfish,Acanthochromis polyacanthus,accepted,,0,279469,Acanthochromis polyacanthus,Species,Acanthochromis,TRUE,ok,
280268,Coelorinchus cingulatus,Species,Coelorinchus,2,fathomnet,Coelorinchus cingulatus,accepted,,0,280268,Coelorinchus cingulatus,Species,Coelorinchus,TRUE,ok,
280349,Coelorinchus tokiensis,Species,Coelorinchus,2,fathomnet,Coelorinchus tokiensis,accepted,,0,280349,Coelorinchus tokiensis,Species,Coelorinchus,TRUE,ok,
280596,Eknomoliparis chirichignoae,Species,Eknomoliparis,2,fathomnet,Eknomoliparis chirichignoae,accepted,,0,280596,Eknomoliparis chirichignoae,Species,Eknomoliparis,TRUE,ok,
280736,Eucryphycus californicus,Species,Eucryphycus,2,fathomnet,Eucryphycus californicus,accepted,,0,280736,Eucryphycus californicus,Species,Eucryphycus,TRUE,ok,
280749,Eumegistus illustris,Species,Eumegistus,2,fathomnet,Eumegistus illustris,accepted,,0,280749,Eumegistus illustris,Species,Eumegistus,TRUE,ok,
280939,Grammatonotus macrophthalmus,Species,Grammatonotus,2,fathomnet,Grammatonotus macrophthalmus,accepted,,0,280939,Grammatonotus macrophthalmus,Species,Grammatonotus,TRUE,ok,
280983,Halimochirurgus alcocki,Species,Halimochirurgus,2,fathomnet,Halimochirurgus alcocki,accepted,,0,280983,Halimochirurgus alcocki,Species,Halimochirurgus,TRUE,ok,
281041,Hemitriakis falcata,Species,Hemitriakis,2,ozfish,Hemitriakis falcata,accepted,,0,281041,Hemitriakis falcata,Species,Hemitriakis,TRUE,ok,
281224,Kochichthys flavofasciatus,Species,Kochichthys,2,fathomnet,Kochichthys flavofasciatus,accepted,,0,281224,Kochichthys flavofasciatus,Species,Kochichthys,TRUE,ok,
281305,Lepidopsetta bilineata,Species,Lepidopsetta,2,fathomnet,Lepidopsetta bilineata,accepted,,0,281305,Lepidopsetta bilineata,Species,Lepidopsetta,TRUE,ok,
281745,Netuma thalassina,Species,Netuma,2,ozfish,Netuma thalassina,accepted,,0,281745,Netuma thalassina,Species,Netuma,TRUE,ok,
282283,Plectobranchus evides,Species,Plectobranchus,2,fathomnet,Plectobranchus evides,accepted,,0,282283,Plectobranchus evides,Species,Plectobranchus,TRUE,ok,
282315,Polylepion russelli,Species,Polylepion,2,fathomnet,Polylepion russelli,accepted,,0,282315,Polylepion russelli,Species,Polylepion,TRUE,ok,
282395,Psammoperca waigiensis,Species,Psammoperca,2,ozfish,Psammoperca waigiensis,accepted,,0,282395,Psammoperca waigiensis,Species,Psammoperca,TRUE,ok,
282547,Randallichthys filamentosus,Species,Randallichthys,2,fathomnet,Randallichthys filamentosus,accepted,,0,282547,Randallichthys filamentosus,Species,Randallichthys,TRUE,ok,
282656,Saloptia powelli,Species,Saloptia,2,fathomnet,Saloptia powelli,accepted,,0,282656,Saloptia powelli,Species,Saloptia,TRUE,ok,
283230,Zoramia viridiventer,Species,Zoramia,2,ozfish,Zoramia viridiventer,accepted,,0,283230,Zoramia viridiventer,Species,Zoramia,TRUE,ok,
283828,Corallimorphus denhartogi,Species,Corallimorphus,2,fathomnet,Corallimorphus denhartogi,accepted,,0,283828,Corallimorphus denhartogi,Species,Corallimorphus,TRUE,ok,
283948,Bathypathes seculata,Species,Bathypathes,2,fathomnet,Bathypathes seculata,accepted,,0,283948,Bathypathes seculata,Species,Bathypathes,TRUE,ok,
286162,Radicipes spiralis,Species,Radicipes,2,fathomnet,Radicipes spiralis,accepted,,0,286162,Radicipes spiralis,Species,Radicipes,TRUE,ok,
286298,Acanella dispar,Species,Acanella,2,fathomnet,Acanella dispar,accepted,,0,286298,Acanella dispar,Species,Acanella,TRUE,ok,
286602,Paragorgia coralloides,Species,Paragorgia,2,fathomnet,Paragorgia coralloides,accepted,,0,286602,Paragorgia coralloides,Species,Paragorgia,TRUE,ok,
287651,Calyptrophora clarki,Species,Calyptrophora,2,fathomnet,Calyptrophora clarki,accepted,,0,287651,Calyptrophora clarki,Species,Calyptrophora,TRUE,ok,
289303,Abyssopathes lyra,Species,Abyssopathes,2,fathomnet,Abyssopathes lyra,accepted,,0,289303,Abyssopathes lyra,Species,Abyssopathes,TRUE,ok,
289759,Cupressopathes abies,Species,Cupressopathes,2,fathomnet,Cupressopathes abies,accepted,,0,289759,Cupressopathes abies,Species,Cupressopathes,TRUE,ok,
290684,Parastenella ramosa,Species,Parastenella,2,fathomnet,Parastenella ramosa,accepted,,0,290684,Parastenella ramosa,Species,Parastenella,TRUE,ok,
291146,Stylobates aeneus,Species,Stylobates,2,fathomnet,Stylobates aeneus,accepted,,0,291146,Stylobates aeneus,Species,Stylobates,TRUE,ok,
292714,Rhipidaster,Genus,Rhipidaster,2,fathomnet,Rhipidaster,accepted,,0,292714,Rhipidaster,Genus,Rhipidaster,TRUE,ok,
297251,Novaculops,Genus,Novaculops,2,ozfish,Novaculops,accepted,,0,297251,Novaculops,Genus,Novaculops,TRUE,ok,
311421,Odontanthias unimaculatus,Species,Odontanthias,2,fathomnet,Odontanthias unimaculatus,accepted,,0,311421,Odontanthias unimaculatus,Species,Odontanthias,TRUE,ok,
313075,Cephalopholis nigripinnis,Species,Cephalopholis,2,ozfish,Cephalopholis nigripinnis,accepted,,0,313075,Cephalopholis nigripinnis,Species,Cephalopholis,TRUE,ok,
324929,Branchinotogluma,Genus,Branchinotogluma,2,fathomnet,Branchinotogluma,accepted,,0,324929,Branchinotogluma,Genus,Branchinotogluma,TRUE,ok,
325348,Storthyngurinae,Subfamily,,2,fathomnet,Storthyngurinae,accepted,,0,325348,Storthyngurinae,Subfamily,,TRUE,ok,
340805,Hyocrinus,Genus,Hyocrinus,2,fathomnet,Hyocrinus,accepted,,0,340805,Hyocrinus,Genus,Hyocrinus,TRUE,ok,
341453,Pinnoctopus,Genus,Pinnoctopus,2,fathomnet,Pinnoctopus,accepted,,0,341453,Pinnoctopus,Genus,Pinnoctopus,TRUE,ok,
342241,Sepioteuthis sepioidea,Species,Sepioteuthis,2,fathomnet,Sepioteuthis sepioidea,accepted,,0,342241,Sepioteuthis sepioidea,Species,Sepioteuthis,TRUE,ok,
368798,Calliaster pedicellaris,Species,Calliaster,2,fathomnet,Calliaster pedicellaris,accepted,,0,368798,Calliaster pedicellaris,Species,Calliaster,TRUE,ok,
368852,Sphaeriodiscus ammophilus,Species,Sphaeriodiscus,2,fathomnet,Sphaeriodiscus ammophilus,accepted,,0,368852,Sphaeriodiscus ammophilus,Species,Sphaeriodiscus,TRUE,ok,
377369,Paranepanthia,Genus,Paranepanthia,2,fathomnet,Paranepanthia,accepted,,0,377369,Paranepanthia,Genus,Paranepanthia,TRUE,ok,
377450,Hymenopenaeus doris,Species,Hymenopenaeus,2,fathomnet,Hymenopenaeus doris,accepted,,0,377450,Hymenopenaeus doris,Species,Hymenopenaeus,TRUE,ok,
380342,Dytaster gilberti,Species,Dytaster,2,fathomnet,Dytaster gilberti,accepted,,0,380342,Dytaster gilberti,Species,Dytaster,TRUE,ok,
385501,Tenebrincola cukri,Species,Tenebrincola,2,fathomnet,Tenebrincola cukri,accepted,,0,385501,Tenebrincola cukri,Species,Tenebrincola,TRUE,ok,
392186,Babamunida plexaura,Species,Babamunida,2,fathomnet,Babamunida plexaura,accepted,,0,392186,Babamunida plexaura,Species,Babamunida,TRUE,ok,
392211,Galacantha rostrata,Species,Galacantha,2,fathomnet,Galacantha rostrata,accepted,,0,392211,Galacantha rostrata,Species,Galacantha,TRUE,ok,
397696,Abyssoberyx,Genus,Abyssoberyx,2,fathomnet,Abyssoberyx,accepted,,0,397696,Abyssoberyx,Genus,Abyssoberyx,TRUE,ok,
397897,Neotrygon,Genus,Neotrygon,2,fathomnet,Neotrygon,accepted,,0,397897,Neotrygon,Genus,Neotrygon,TRUE,ok,
398331,Neotrygon leylandi,Species,Neotrygon,2,ozfish,Neotrygon leylandi,accepted,,0,398331,Neotrygon leylandi,Species,Neotrygon,TRUE,ok,
398369,Guentherus katoi,Species,Guentherus,2,fathomnet,Guentherus katoi,accepted,,0,398369,Guentherus katoi,Species,Guentherus,TRUE,ok,
398611,Parapercis queenslandica,Species,Parapercis,2,ozfish,Parapercis queenslandica,accepted,,0,398611,Parapercis queenslandica,Species,Parapercis,TRUE,ok,
401295,Chromileptes altivelis,Species,Chromileptes,2,ozfish,Chromileptes altivelis,accepted,,0,401295,Chromileptes altivelis,Species,Chromileptes,TRUE,ok,
402495,Thalassoma septemfasciatum,Species,Thalassoma,2,ozfish,Thalassoma septemfasciatum,accepted,,0,402495,Thalassoma septemfasciatum,Species,Thalassoma,TRUE,ok,
430683,Resomia ornicephala,Species,Resomia,2,fathomnet,Resomia ornicephala,accepted,,0,430683,Resomia ornicephala,Species,Resomia,TRUE,ok,
432297,Cyphoma gibbosum,Species,Cyphoma,2,fathomnet,Cyphoma gibbosum,accepted,,0,432297,Cyphoma gibbosum,Species,Cyphoma,TRUE,ok,
440137,Metadynomene tanensis,Species,Metadynomene,2,fathomnet,Metadynomene tanensis,accepted,,0,440137,Metadynomene tanensis,Species,Metadynomene,TRUE,ok,
440292,Gandalfus yunohana,Species,Gandalfus,2,fathomnet,Gandalfus yunohana,accepted,,0,440292,Gandalfus yunohana,Species,Gandalfus,TRUE,ok,
440394,Platepistoma macrophthalmum,Species,Platepistoma,2,fathomnet,Platepistoma macrophthalmum,accepted,,0,440394,Platepistoma macrophthalmum,Species,Platepistoma,TRUE,ok,
441027,Progeryon mus,Species,Progeryon,2,fathomnet,Progeryon mus,accepted,,0,441027,Progeryon mus,Species,Progeryon,TRUE,ok,
456751,Caenopedina hawaiiensis,Species,Caenopedina,2,fathomnet,Caenopedina hawaiiensis,accepted,,0,456751,Caenopedina hawaiiensis,Species,Caenopedina,TRUE,ok,
512940,Phrissocystis,Genus,Phrissocystis,2,fathomnet,Phrissocystis,accepted,,0,512940,Phrissocystis,Genus,Phrissocystis,TRUE,ok,
513188,Clypeaster lytopetalus,Species,Clypeaster,2,fathomnet,Clypeaster lytopetalus,accepted,,0,513188,Clypeaster lytopetalus,Species,Clypeaster,TRUE,ok,
513330,Histocidaris carinata,Species,Histocidaris,2,fathomnet,Histocidaris carinata,accepted,,0,513330,Histocidaris carinata,Species,Histocidaris,TRUE,ok,
513561,Stereocidaris granularis,Species,Stereocidaris,2,fathomnet,Stereocidaris granularis,accepted,,0,513561,Stereocidaris granularis,Species,Stereocidaris,TRUE,ok,
514389,Bathystylodactylus bathyalis,Species,Bathystylodactylus,2,fathomnet,Bathystylodactylus bathyalis,accepted,,0,514389,Bathystylodactylus bathyalis,Species,Bathystylodactylus,TRUE,ok,
515504,Plesionika pacifica,Species,Plesionika,2,fathomnet,Plesionika pacifica,accepted,,0,515504,Plesionika pacifica,Species,Plesionika,TRUE,ok,
529363,Apostichopus californicus,Species,Apostichopus,2,fathomnet,Apostichopus californicus,accepted,,0,529363,Apostichopus californicus,Species,Apostichopus,TRUE,ok,
534913,Alepas pacifica,Species,Alepas,2,fathomnet,Alepas pacifica,accepted,,0,534913,Alepas pacifica,Species,Alepas,TRUE,ok,
535364,Striatobalanus amaryllis,Species,Striatobalanus,2,fathomnet,Striatobalanus amaryllis,accepted,,0,535364,Striatobalanus amaryllis,Species,Striatobalanus,TRUE,ok,
550598,Paralomis seagranti,Species,Paralomis,2,fathomnet,Paralomis seagranti,accepted,,0,550598,Paralomis seagranti,Species,Paralomis,TRUE,ok,
550645,Paralithodes rathbuni,Species,Paralithodes,2,fathomnet,Paralithodes rathbuni,accepted,,0,550645,Paralithodes rathbuni,Species,Paralithodes,TRUE,ok,
564909,Acanthephyra eximia,Species,Acanthephyra,2,fathomnet,Acanthephyra eximia,accepted,,0,564909,Acanthephyra eximia,Species,Acanthephyra,TRUE,ok,
577361,Dendronotus patricki,Species,Dendronotus,2,fathomnet,Dendronotus patricki,accepted,,0,577361,Dendronotus patricki,Species,Dendronotus,TRUE,ok,
582527,Forcipulatacea,Superorder,,2,fathomnet,Forcipulatacea,accepted,,0,582527,Forcipulatacea,Superorder,,TRUE,ok,
589793,Cerataspis,Genus,Cerataspis,2,fathomnet,Cerataspis,accepted,,0,589793,Cerataspis,Genus,Cerataspis,TRUE,ok,
711362,Cyllometra manca,Species,Cyllometra,2,fathomnet,Cyllometra manca,accepted,,0,711362,Cyllometra manca,Species,Cyllometra,TRUE,ok,
712685,Ostorhinchus rueppellii,Species,Ostorhinchus,2,ozfish,Ostorhinchus rueppellii,accepted,,0,712685,Ostorhinchus rueppellii,Species,Ostorhinchus,TRUE,ok,
720105,Doliolula equus,Species,Doliolula,2,fathomnet,Doliolula equus,accepted,,0,720105,Doliolula equus,Species,Doliolula,TRUE,ok,
722847,Bathycrininae,Subfamily,,2,fathomnet,Bathycrininae,accepted,,0,722847,Bathycrininae,Subfamily,,TRUE,ok,
740050,Telopathes,Genus,Telopathes,2,fathomnet,Telopathes,accepted,,0,740050,Telopathes,Genus,Telopathes,TRUE,ok,
747394,Farrea truncata,Species,Farrea,2,fathomnet,Farrea truncata,accepted,,0,747394,Farrea truncata,Species,Farrea,TRUE,ok,
854485,Sagartia undata,Species,Sagartia,2,fathomnet,Sagartia undata,accepted,,0,854485,Sagartia undata,Species,Sagartia,TRUE,ok,
883732,Paracalyptrophora echinata,Species,Paracalyptrophora,2,fathomnet,Paracalyptrophora echinata,accepted,,0,883732,Paracalyptrophora echinata,Species,Paracalyptrophora,TRUE,ok,
883739,Bathygorgia abyssicola,Species,Bathygorgia,2,fathomnet,Bathygorgia abyssicola,accepted,,0,883739,Bathygorgia abyssicola,Species,Bathygorgia,TRUE,ok,
888633,Leiopathes annosa,Species,Leiopathes,2,fathomnet,Leiopathes annosa,accepted,,0,888633,Leiopathes annosa,Species,Leiopathes,TRUE,ok,
1020525,Scalicus engyceros,Species,Scalicus,2,fathomnet,Scalicus engyceros,accepted,,0,1020525,Scalicus engyceros,Species,Scalicus,TRUE,ok,
1021147,Pristigenys refulgens,Species,Pristigenys,2,fathomnet,Pristigenys refulgens,accepted,,0,1021147,Pristigenys refulgens,Species,Pristigenys,TRUE,ok,
1311288,Pleurocorallium secundum,Species,Pleurocorallium,2,fathomnet,Pleurocorallium secundum,accepted,,0,1311288,Pleurocorallium secundum,Species,Pleurocorallium,TRUE,ok,
1313257,Ziminella vrijenhoeki,Species,Ziminella,2,fathomnet,Ziminella vrijenhoeki,accepted,,0,1313257,Ziminella vrijenhoeki,Species,Ziminella,TRUE,ok,
1317066,Calyptrophora lyra,Species,Calyptrophora,2,fathomnet,Calyptrophora lyra,accepted,,0,1317066,Calyptrophora lyra,Species,Calyptrophora,TRUE,ok,
1320613,Squalus hawaiiensis,Species,Squalus,2,fathomnet,Squalus hawaiiensis,accepted,,0,1320613,Squalus hawaiiensis,Species,Squalus,TRUE,ok,
1424919,Ijimalophus hawaiicus,Species,Ijimalophus,2,fathomnet,Ijimalophus hawaiicus,accepted,,0,1424919,Ijimalophus hawaiicus,Species,Ijimalophus,TRUE,ok,
1436333,Peinaleopolynoe orphanae,Species,Peinaleopolynoe,2,fathomnet,Peinaleopolynoe orphanae,accepted,,0,1436333,Peinaleopolynoe orphanae,Species,Peinaleopolynoe,TRUE,ok,
1466703,Alternatipathes venusta,Species,Alternatipathes,2,fathomnet,Alternatipathes venusta,accepted,,0,1466703,Alternatipathes venusta,Species,Alternatipathes,TRUE,ok,
1671463,Parachrysogorgia admete,Species,Parachrysogorgia,2,fathomnet,Parachrysogorgia admete,accepted,,0,1671463,Parachrysogorgia admete,Species,Parachrysogorgia,TRUE,ok,
1803740,Caliraja stellulata,Species,Caliraja,2,fathomnet,Caliraja stellulata,accepted,,0,1803740,Caliraja stellulata,Species,Caliraja,TRUE,ok,
1813559,Insigniteuthis albatrossi,Species,Insigniteuthis,2,fathomnet,Insigniteuthis albatrossi,accepted,,0,1813559,Insigniteuthis albatrossi,Species,Insigniteuthis,TRUE,ok,
1846862,Sayonara xanthomaculata,Species,Sayonara,2,fathomnet,Sayonara xanthomaculata,accepted,,0,1846862,Sayonara xanthomaculata,Species,Sayonara,TRUE,ok,
1859438,Tenuicephalichthys silus,Species,Tenuicephalichthys,2,fathomnet,Tenuicephalichthys silus,accepted,,0,1859438,Tenuicephalichthys silus,Species,Tenuicephalichthys,TRUE,ok,
167,Sacoglossa,Superorder,,1,fathomnet,Sacoglossa,accepted,,0,167,Sacoglossa,Superorder,,TRUE,ok,
183,Tritoniidae,Family,,1,fathomnet,Tritoniidae,accepted,,0,183,Tritoniidae,Family,,TRUE,ok,
189,Aeolidioidea,Superfamily,,1,fathomnet,Aeolidioidea,accepted,,0,189,Aeolidioidea,Superfamily,,TRUE,ok,
892,Phyllodocida,Order,,1,fathomnet,Phyllodocida,accepted,,0,892,Phyllodocida,Order,,TRUE,ok,
932,Alciopini,Tribe,,1,fathomnet,Alciopini,accepted,,0,932,Alciopini,Tribe,,TRUE,ok,
959,Typhloscolecidae,Family,,1,fathomnet,Typhloscolecidae,accepted,,0,959,Typhloscolecidae,Family,,TRUE,ok,
976,Flabelligeridae,Family,,1,fathomnet,Flabelligeridae,accepted,,0,976,Flabelligeridae,Family,,TRUE,ok,
979,Sabellariidae,Family,,1,fathomnet,Sabellariidae,accepted,,0,979,Sabellariidae,Family,,TRUE,ok,
983,Trichobranchidae,Family,,1,fathomnet,Trichobranchidae,accepted,,0,983,Trichobranchidae,Family,,TRUE,ok,
1789,Phoronida,Phylum,,1,fathomnet,Phoronida,accepted,,0,1789,Phoronida,Phylum,,TRUE,ok,
2094,Solenogastres,Class,,1,fathomnet,Solenogastres,accepted,,0,2094,Solenogastres,Class,,TRUE,ok,
7173,Lottiidae,Family,,1,fathomnet,Lottiidae,accepted,,0,7173,Lottiidae,Family,,TRUE,ok,
9904,Dorididae,Family,,1,fathomnet,Dorididae,accepted,,0,9904,Dorididae,Family,,TRUE,ok,
10189,Myxini,Class,,1,fathomnet,Myxini,accepted,,0,10189,Myxini,Class,,TRUE,ok,
11014,Perciformes,Order,,1,fathomnet,Perciformes,accepted,,0,11014,Perciformes,Order,,TRUE,ok,
11740,Enoploteuthidae,Family,,1,fathomnet,Enoploteuthidae,accepted,,0,11740,Enoploteuthidae,Family,,TRUE,ok,
11776,Cirroteuthidae,Family,,1,fathomnet,Cirroteuthidae,accepted,,0,11776,Cirroteuthidae,Family,,TRUE,ok,
14672,Octopodoidea,Superfamily,,1,fathomnet,Octopodoidea,accepted,,0,14672,Octopodoidea,Superfamily,,TRUE,ok,
14712,Heterobranchia,Subclass,,1,fathomnet,Heterobranchia,accepted,,0,14712,Heterobranchia,Subclass,,TRUE,ok,
16848,Solmarisidae,Family,,1,fathomnet,Solmarisidae,accepted,,0,16848,Solmarisidae,Family,,TRUE,ok,
22585,Platyctenida,Order,,1,fathomnet,Platyctenida,accepted,,0,22585,Platyctenida,Order,,TRUE,ok,
22754,Trachylinae,Subclass,,1,fathomnet,Trachylinae,accepted,,0,22754,Trachylinae,Subclass,,TRUE,ok,
23022,Cypraeidae,Family,,1,fathomnet,Cypraeidae,accepted,,0,23022,Cypraeidae,Family,,TRUE,ok,
100688,Epizoanthidae,Family,,1,fathomnet,Epizoanthidae,accepted,,0,100688,Epizoanthidae,Family,,TRUE,ok,
100701,Condylactis,Genus,Condylactis,1,fathomnet,Condylactis,accepted,,0,100701,Condylactis,Genus,Condylactis,TRUE,ok,
100731,Edwardsiella,Genus,Edwardsiella,1,fathomnet,Edwardsiella,accepted,,0,100731,Edwardsiella,Genus,Edwardsiella,TRUE,ok,
101363,Amathillopsidae,Family,,1,fathomnet,Amathillopsidae,accepted,,0,101363,Amathillopsidae,Family,,TRUE,ok,
101389,Ischyroceridae,Family,,1,fathomnet,Ischyroceridae,accepted,,0,101389,Ischyroceridae,Family,,TRUE,ok,
101404,Pleustidae,Family,,1,fathomnet,Pleustidae,accepted,,0,101404,Pleustidae,Family,,TRUE,ok,
101418,Lanceolidae,Family,,1,fathomnet,Lanceolidae,accepted,,0,101418,Lanceolidae,Family,,TRUE,ok,
101506,Epimeria,Genus,Epimeria,1,fathomnet,Epimeria,accepted,,0,101506,Epimeria,Genus,Epimeria,TRUE,ok,
103365,Mesochordaeus,Genus,Mesochordaeus,1,fathomnet,Mesochordaeus,accepted,,0,103365,Mesochordaeus,Genus,Mesochordaeus,TRUE,ok,
103439,Didemnidae,Family,,1,fathomnet,Didemnidae,accepted,,0,103439,Didemnidae,Family,,TRUE,ok,
103497,Corynascidia,Genus,Corynascidia,1,fathomnet,Corynascidia,accepted,,0,103497,Corynascidia,Genus,Corynascidia,TRUE,ok,
103502,Situla,Genus,Situla,1,fathomnet,Situla,accepted,,0,103502,Situla,Genus,Situla,TRUE,ok,
105445,Pseudosagitta maxima,Species,Pseudosagitta,1,fathomnet,Pseudosagitta maxima,accepted,,0,105445,Pseudosagitta maxima,Species,Pseudosagitta,TRUE,ok,
105705,Ginglymostomatidae,Family,,1,fathomnet,Ginglymostomatidae,accepted,,0,105705,Ginglymostomatidae,Family,,TRUE,ok,
105801,Prionace glauca,Species,Prionace,1,fathomnet,Prionace glauca,accepted,,0,105801,Prionace glauca,Species,Prionace,TRUE,ok,
106070,Archaeobalaninae,Subfamily,,1,fathomnet,Archaeobalaninae,accepted,,0,106070,Archaeobalaninae,Subfamily,,TRUE,ok,
106346,Pleurobrachia,Genus,Pleurobrachia,1,fathomnet,Pleurobrachia,accepted,,0,106346,Pleurobrachia,Genus,Pleurobrachia,TRUE,ok,
106761,Parthenopidae,Family,,1,fathomnet,Parthenopidae,accepted,,0,106761,Parthenopidae,Family,,TRUE,ok,
106782,Crangonidae,Family,,1,fathomnet,Crangonidae,accepted,,0,106782,Crangonidae,Family,,TRUE,ok,
106867,Homola,Genus,Homola,1,fathomnet,Homola,accepted,,0,106867,Homola,Genus,Homola,TRUE,ok,
106898,Chionoecetes,Genus,Chionoecetes,1,fathomnet,Chionoecetes,accepted,,0,106898,Chionoecetes,Genus,Chionoecetes,TRUE,ok,
106930,Portunus,Genus,Portunus,1,fathomnet,Portunus,accepted,,0,106930,Portunus,Genus,Portunus,TRUE,ok,
107111,Penaeopsis serrata,Species,Penaeopsis,1,fathomnet,Penaeopsis serrata,accepted,,0,107111,Penaeopsis serrata,Species,Penaeopsis,TRUE,ok,
107171,Munidopsis antonii,Species,Munidopsis,1,fathomnet,Munidopsis antonii,accepted,,0,107171,Munidopsis antonii,Species,Munidopsis,TRUE,ok,
107183,Munidopsis subsquamosa,Species,Munidopsis,1,fathomnet,Munidopsis subsquamosa,accepted,,0,107183,Munidopsis subsquamosa,Species,Munidopsis,TRUE,ok,
107521,Lebbeus polaris,Species,Lebbeus,1,fathomnet,Lebbeus polaris,accepted,,0,107521,Lebbeus polaris,Species,Lebbeus,TRUE,ok,
107644,Heterocarpus ensifer,Species,Heterocarpus,1,fathomnet,Heterocarpus ensifer,accepted,,0,107644,Heterocarpus ensifer,Species,Heterocarpus,TRUE,ok,
110722,Cheilostomatida,Order,,1,fathomnet,Cheilostomatida,accepted,,0,110722,Cheilostomatida,Order,,TRUE,ok,
110955,Phidolopora,Genus,Phidolopora,1,fathomnet,Phidolopora,accepted,,0,110955,Phidolopora,Genus,Phidolopora,TRUE,ok,
117082,Eutima,Genus,Eutima,1,fathomnet,Eutima,accepted,,0,117082,Eutima,Genus,Eutima,TRUE,ok,
117095,Euphysa,Genus,Euphysa,1,fathomnet,Euphysa,accepted,,0,117095,Euphysa,Genus,Euphysa,TRUE,ok,
117110,Halitrephes,Genus,Halitrephes,1,fathomnet,Halitrephes,accepted,,0,117110,Halitrephes,Genus,Halitrephes,TRUE,ok,
117164,Octogonade,Genus,Octogonade,1,fathomnet,Octogonade,accepted,,0,117164,Octogonade,Genus,Octogonade,TRUE,ok,
117183,Leuckartiara,Genus,Leuckartiara,1,fathomnet,Leuckartiara,accepted,,0,117183,Leuckartiara,Genus,Leuckartiara,TRUE,ok,
117222,Sminthea,Genus,Sminthea,1,fathomnet,Sminthea,accepted,,0,117222,Sminthea,Genus,Sminthea,TRUE,ok,
117266,Aeginura grimaldii,Species,Aeginura,1,fathomnet,Aeginura grimaldii,accepted,,0,117266,Aeginura grimaldii,Species,Aeginura,TRUE,ok,
117615,Botrynema brucei,Species,Botrynema,1,fathomnet,Botrynema brucei,accepted,,0,117615,Botrynema brucei,Species,Botrynema,TRUE,ok,
117757,Octogonade mediterranea,Species,Octogonade,1,fathomnet,Octogonade mediterranea,accepted,,0,117757,Octogonade mediterranea,Species,Octogonade,TRUE,ok,
117860,Pantachogon haeckeli,Species,Pantachogon,1,fathomnet,Pantachogon haeckeli,accepted,,0,117860,Pantachogon haeckeli,Species,Pantachogon,TRUE,ok,
118273,Cirolanidae,Family,,1,fathomnet,Cirolanidae,accepted,,0,118273,Cirolanidae,Family,,TRUE,ok,
123086,Forcipulatida,Order,,1,fathomnet,Forcipulatida,accepted,,0,123086,Forcipulatida,Order,,TRUE,ok,
123090,Valvatida,Order,,1,fathomnet,Valvatida,accepted,,0,123090,Valvatida,Order,,TRUE,ok,
123112,Elasipodida,Order,,1,fathomnet,Elasipodida,accepted,,0,123112,Elasipodida,Order,,TRUE,ok,
123120,Freyellidae,Family,,1,fathomnet,Freyellidae,accepted,,0,123120,Freyellidae,Family,,TRUE,ok,
123149,Atelecrinidae,Family,,1,fathomnet,Atelecrinidae,accepted,,0,123149,Atelecrinidae,Family,,TRUE,ok,
123187,Cucumariidae,Family,,1,fathomnet,Cucumariidae,accepted,,0,123187,Cucumariidae,Family,,TRUE,ok,
123213,Novodinia,Genus,Novodinia,1,fathomnet,Novodinia,accepted,,0,123213,Novodinia,Genus,Novodinia,TRUE,ok,
123248,Dytaster,Genus,Dytaster,1,fathomnet,Dytaster,accepted,,0,123248,Dytaster,Genus,Dytaster,TRUE,ok,
123250,Leptychaster,Genus,Leptychaster,1,fathomnet,Leptychaster,accepted,,0,123250,Leptychaster,Genus,Leptychaster,TRUE,ok,
123254,Plutonaster,Genus,Plutonaster,1,fathomnet,Plutonaster,accepted,,0,123254,Plutonaster,Genus,Plutonaster,TRUE,ok,
123272,Radiaster,Genus,Radiaster,1,fathomnet,Radiaster,accepted,,0,123272,Radiaster,Genus,Radiaster,TRUE,ok,
123280,Anseropoda,Genus,Anseropoda,1,fathomnet,Anseropoda,accepted,,0,123280,Anseropoda,Genus,Anseropoda,TRUE,ok,
123367,Cyathidium,Genus,Cyathidium,1,fathomnet,Cyathidium,accepted,,0,123367,Cyathidium,Genus,Cyathidium,TRUE,ok,
123383,Stylocidaris,Genus,Stylocidaris,1,fathomnet,Stylocidaris,accepted,,0,123383,Stylocidaris,Genus,Stylocidaris,TRUE,ok,
123393,Plesiodiadema,Genus,Plesiodiadema,1,fathomnet,Plesiodiadema,accepted,,0,123393,Plesiodiadema,Genus,Plesiodiadema,TRUE,ok,
123396,Araeosoma,Genus,Araeosoma,1,fathomnet,Araeosoma,accepted,,0,123396,Araeosoma,Genus,Araeosoma,TRUE,ok,
123401,Phormosoma,Genus,Phormosoma,1,fathomnet,Phormosoma,accepted,,0,123401,Phormosoma,Genus,Phormosoma,TRUE,ok,
123411,Salenocidaris,Genus,Salenocidaris,1,fathomnet,Salenocidaris,accepted,,0,123411,Salenocidaris,Genus,Salenocidaris,TRUE,ok,
123458,Parastichopus,Genus,Parastichopus,1,fathomnet,Parastichopus,accepted,,0,123458,Parastichopus,Genus,Parastichopus,TRUE,ok,
123460,Bathyplotes,Genus,Bathyplotes,1,fathomnet,Bathyplotes,accepted,,0,123460,Bathyplotes,Genus,Bathyplotes,TRUE,ok,
123569,Ophiosphalma,Genus,Ophiosphalma,1,fathomnet,Ophiosphalma,accepted,,0,123569,Ophiosphalma,Genus,Ophiosphalma,TRUE,ok,
123605,Ophiothamnus,Genus,Ophiothamnus,1,fathomnet,Ophiothamnus,accepted,,0,123605,Ophiothamnus,Genus,Ophiothamnus,TRUE,ok,
123631,Ophiomyxa,Genus,Ophiomyxa,1,fathomnet,Ophiomyxa,accepted,,0,123631,Ophiomyxa,Genus,Ophiomyxa,TRUE,ok,
124043,Hippasteria phrygiana,Species,Hippasteria,1,fathomnet,Hippasteria phrygiana,accepted,,0,124043,Hippasteria phrygiana,Species,Hippasteria,TRUE,ok,
124257,Cidaris cidaris,Species,Cidaris,1,fathomnet,Cidaris cidaris,accepted,,0,124257,Cidaris cidaris,Species,Cidaris,TRUE,ok,
125275,Gorgoniidae,Family,,1,fathomnet,Gorgoniidae,accepted,,0,125275,Gorgoniidae,Family,,TRUE,ok,
125296,Metallogorgia,Genus,Metallogorgia,1,fathomnet,Metallogorgia,accepted,,0,125296,Metallogorgia,Genus,Metallogorgia,TRUE,ok,
125308,Bebryce,Genus,Bebryce,1,fathomnet,Bebryce,accepted,,0,125308,Bebryce,Genus,Bebryce,TRUE,ok,
125310,Muriceides,Genus,Muriceides,1,fathomnet,Muriceides,accepted,,0,125310,Muriceides,Genus,Muriceides,TRUE,ok,
125323,Thouarella,Genus,Thouarella,1,fathomnet,Thouarella,accepted,,0,125323,Thouarella,Genus,Thouarella,TRUE,ok,
125434,Ophichthidae,Family,,1,fathomnet,Ophichthidae,accepted,,0,125434,Ophichthidae,Family,,TRUE,ok,
125458,Holocentridae,Family,,1,fathomnet,Holocentridae,accepted,,0,125458,Holocentridae,Family,,TRUE,ok,
125484,Antennariidae,Family,,1,fathomnet,Antennariidae,accepted,,0,125484,Antennariidae,Family,,TRUE,ok,
125503,Bythitidae,Family,,1,fathomnet,Bythitidae,accepted,,0,125503,Bythitidae,Family,,TRUE,ok,
125529,Chiasmodontidae,Family,,1,fathomnet,Chiasmodontidae,accepted,,0,125529,Chiasmodontidae,Family,,TRUE,ok,
125535,Epigonidae,Family,,1,fathomnet,Epigonidae,accepted,,0,125535,Epigonidae,Family,,TRUE,ok,
125601,Gonostomatidae,Family,,1,fathomnet,Gonostomatidae,accepted,,0,125601,Gonostomatidae,Family,,TRUE,ok,
125623,Bathyuroconger,Genus,Bathyuroconger,1,fathomnet,Bathyuroconger,accepted,,0,125623,Bathyuroconger,Genus,Bathyuroconger,TRUE,ok,
125636,Gymnothorax,Genus,Gymnothorax,1,fathomnet,Gymnothorax,accepted,,0,125636,Gymnothorax,Genus,Gymnothorax,TRUE,ok,
125639,Nemichthys,Genus,Nemichthys,1,fathomnet,Nemichthys,accepted,,0,125639,Nemichthys,Genus,Nemichthys,TRUE,ok,
125675,Lestidiops,Genus,Lestidiops,1,fathomnet,Lestidiops,accepted,,0,125675,Lestidiops,Genus,Lestidiops,TRUE,ok,
125707,Cetomimus,Genus,Cetomimus,1,fathomnet,Cetomimus,accepted,,0,125707,Cetomimus,Genus,Cetomimus,TRUE,ok,
125751,Hymenocephalus,Genus,Hymenocephalus,1,fathomnet,Hymenocephalus,accepted,,0,125751,Hymenocephalus,Genus,Hymenocephalus,TRUE,ok,
125763,Antimora,Genus,Antimora,1,fathomnet,Antimora,accepted,,0,125763,Antimora,Genus,Antimora,TRUE,ok,
125765,Gadella,Genus,Gadella,1,fathomnet,Gadella,accepted,,0,125765,Gadella,Genus,Gadella,TRUE,ok,
125835,Neoscopelus,Genus,Neoscopelus,1,fathomnet,Neoscopelus,accepted,,0,125835,Neoscopelus,Genus,Neoscopelus,TRUE,ok,
125858,Benthocometes,Genus,Benthocometes,1,fathomnet,Benthocometes,accepted,,0,125858,Benthocometes,Genus,Benthocometes,TRUE,ok,
125868,Alepocephalus,Genus,Alepocephalus,1,fathomnet,Alepocephalus,accepted,,0,125868,Alepocephalus,Genus,Alepocephalus,TRUE,ok,
125932,Synchiropus,Genus,Synchiropus,1,fathomnet,Synchiropus,accepted,,0,125932,Synchiropus,Genus,Synchiropus,TRUE,ok,
125961,Centrodraco,Genus,Centrodraco,1,fathomnet,Centrodraco,accepted,,0,125961,Centrodraco,Genus,Centrodraco,TRUE,ok,
125988,Gobius,Genus,Gobius,1,fathomnet,Gobius,accepted,,0,125988,Gobius,Genus,Gobius,TRUE,ok,
126095,Aphanopus,Genus,Aphanopus,1,fathomnet,Aphanopus,accepted,,0,126095,Aphanopus,Genus,Aphanopus,TRUE,ok,
126134,Polymixia,Genus,Polymixia,1,fathomnet,Polymixia,accepted,,0,126134,Polymixia,Genus,Polymixia,TRUE,ok,
126161,Paraliparis,Genus,Paraliparis,1,fathomnet,Paraliparis,accepted,,0,126161,Paraliparis,Genus,Paraliparis,TRUE,ok,
126198,Polyipnus,Genus,Polyipnus,1,fathomnet,Polyipnus,accepted,,0,126198,Polyipnus,Genus,Polyipnus,TRUE,ok,
126199,Sternoptyx,Genus,Sternoptyx,1,fathomnet,Sternoptyx,accepted,,0,126199,Sternoptyx,Genus,Sternoptyx,TRUE,ok,
126325,Ilyophis blachei,Species,Ilyophis,1,fathomnet,Ilyophis blachei,accepted,,0,126325,Ilyophis blachei,Species,Ilyophis,TRUE,ok,
126402,Hoplostethus atlanticus,Species,Hoplostethus,1,fathomnet,Hoplostethus atlanticus,accepted,,0,126402,Hoplostethus atlanticus,Species,Hoplostethus,TRUE,ok,
126540,Chaunax suttkusi,Species,Chaunax,1,fathomnet,Chaunax suttkusi,accepted,,0,126540,Chaunax suttkusi,Species,Chaunax,TRUE,ok,
126867,Ruvettus pretiosus,Species,Ruvettus,1,fathomnet,Ruvettus pretiosus,accepted,,0,126867,Ruvettus pretiosus,Species,Ruvettus,TRUE,ok,
127139,Limanda limanda,Species,Limanda,1,yolo-bruv,Limanda limanda,accepted,,0,127139,Limanda limanda,Species,Limanda,TRUE,ok,
127164,Cyema atrum,Species,Cyema,1,fathomnet,Cyema atrum,accepted,,0,127164,Cyema atrum,Species,Cyema,TRUE,ok,
127314,Sternoptyx diaphana,Species,Sternoptyx,1,fathomnet,Sternoptyx diaphana,accepted,,0,127314,Sternoptyx diaphana,Species,Sternoptyx,TRUE,ok,
127425,Cyttopsis rosea,Species,Cyttopsis,1,fathomnet,Cyttopsis rosea,accepted,,0,127425,Cyttopsis rosea,Species,Cyttopsis,TRUE,ok,
128481,Funiculinidae,Family,,1,fathomnet,Funiculinidae,accepted,,0,128481,Funiculinidae,Family,,TRUE,ok,
128511,Kophobelemnon macrospinosum,Species,Kophobelemnon,1,fathomnet,Kophobelemnon macrospinosum,accepted,,0,128511,Kophobelemnon macrospinosum,Species,Kophobelemnon,TRUE,ok,
128722,Sapphirina,Genus,Sapphirina,1,fathomnet,Sapphirina,accepted,,0,128722,Sapphirina,Genus,Sapphirina,TRUE,ok,
129148,Rhynchonereella,Genus,Rhynchonereella,1,fathomnet,Rhynchonereella,accepted,,0,129148,Rhynchonereella,Genus,Rhynchonereella,TRUE,ok,
129491,Harmothoe,Genus,Harmothoe,1,fathomnet,Harmothoe,accepted,,0,129491,Harmothoe,Genus,Harmothoe,TRUE,ok,
131598,Haplosclerida,Order,,1,fathomnet,Haplosclerida,accepted,,0,131598,Haplosclerida,Order,,TRUE,ok,
131818,Spongosorites,Genus,Spongosorites,1,fathomnet,Spongosorites,accepted,,0,131818,Spongosorites,Genus,Spongosorites,TRUE,ok,
135075,Flabellidae,Family,,1,fathomnet,Flabellidae,accepted,,0,135075,Flabellidae,Family,,TRUE,ok,
135088,Coenocyathus,Genus,Coenocyathus,1,fathomnet,Coenocyathus,accepted,,0,135088,Coenocyathus,Genus,Coenocyathus,TRUE,ok,
135102,Stephanocyathus,Genus,Stephanocyathus,1,fathomnet,Stephanocyathus,accepted,,0,135102,Stephanocyathus,Genus,Stephanocyathus,TRUE,ok,
135389,Halistemma,Genus,Halistemma,1,fathomnet,Halistemma,accepted,,0,135389,Halistemma,Genus,Halistemma,TRUE,ok,
135461,Nectadamas diomedeae,Species,Nectadamas,1,fathomnet,Nectadamas diomedeae,accepted,,0,135461,Nectadamas diomedeae,Species,Nectadamas,TRUE,ok,
135463,Nectopyramis natans,Species,Nectopyramis,1,fathomnet,Nectopyramis natans,accepted,,0,135463,Nectopyramis natans,Species,Nectopyramis,TRUE,ok,
137133,Uria aalge,Species,Uria,1,fathomnet,Uria aalge,accepted,,0,137133,Uria aalge,Species,Uria,TRUE,ok,
137630,Aeolidia,Genus,Aeolidia,1,fathomnet,Aeolidia,accepted,,0,137630,Aeolidia,Genus,Aeolidia,TRUE,ok,
137691,Bathydoris,Genus,Bathydoris,1,fathomnet,Bathydoris,accepted,,0,137691,Bathydoris,Genus,Bathydoris,TRUE,ok,
137782,Chromodoris,Genus,Chromodoris,1,fathomnet,Chromodoris,accepted,,0,137782,Chromodoris,Genus,Chromodoris,TRUE,ok,
137791,Cirrothauma,Genus,Cirrothauma,1,fathomnet,Cirrothauma,accepted,,0,137791,Cirrothauma,Genus,Cirrothauma,TRUE,ok,
137813,Conus,Genus,Conus,1,fathomnet,Conus,accepted,,0,137813,Conus,Genus,Conus,TRUE,ok,
137929,Thuridilla,Genus,Thuridilla,1,fathomnet,Thuridilla,accepted,,0,137929,Thuridilla,Genus,Thuridilla,TRUE,ok,
137930,Abralia,Genus,Abralia,1,fathomnet,Abralia,accepted,,0,137930,Abralia,Genus,Abralia,TRUE,ok,
138009,Pterotrachea,Genus,Pterotrachea,1,fathomnet,Pterotrachea,accepted,,0,138009,Pterotrachea,Genus,Pterotrachea,TRUE,ok,
138518,Spondylus,Genus,Spondylus,1,fathomnet,Spondylus,accepted,,0,138518,Spondylus,Genus,Spondylus,TRUE,ok,
141444,Sepia officinalis,Species,Sepia,1,fathomnet,Sepia officinalis,accepted,,0,141444,Sepia officinalis,Species,Sepia,TRUE,ok,
146762,Nephtheidae,Family,,1,fathomnet,Nephtheidae,accepted,,0,146762,Nephtheidae,Family,,TRUE,ok,
151739,Zoarcoidei,Suborder,,1,fathomnet,Zoarcoidei,accepted,,0,151739,Zoarcoidei,Suborder,,TRUE,ok,
153879,Raphitomidae,Family,,1,fathomnet,Raphitomidae,accepted,,0,153879,Raphitomidae,Family,,TRUE,ok,
154756,Poecilopsettinae,Subfamily,,1,fathomnet,Poecilopsettinae,accepted,,0,154756,Poecilopsettinae,Subfamily,,TRUE,ok,
156706,Arothron,Genus,Arothron,1,fathomnet,Arothron,accepted,,0,156706,Arothron,Genus,Arothron,TRUE,ok,
157018,Graneledone,Genus,Graneledone,1,fathomnet,Graneledone,accepted,,0,157018,Graneledone,Genus,Graneledone,TRUE,ok,
158030,Bateidae,Family,,1,fathomnet,Bateidae,accepted,,0,158030,Bateidae,Family,,TRUE,ok,
158723,Holtbyrnia innesi,Species,Holtbyrnia,1,fathomnet,Holtbyrnia innesi,accepted,,0,158723,Holtbyrnia innesi,Species,Holtbyrnia,TRUE,ok,
158777,Typhlonus nasus,Species,Typhlonus,1,fathomnet,Typhlonus nasus,accepted,,0,158777,Typhlonus nasus,Species,Typhlonus,TRUE,ok,
159559,Pterois volitans,Species,Pterois,1,fathomnet,Pterois volitans,accepted,,0,159559,Pterois volitans,Species,Pterois,TRUE,ok,
159564,Scorpaena plumieri,Species,Scorpaena,1,fathomnet,Scorpaena plumieri,accepted,,0,159564,Scorpaena plumieri,Species,Scorpaena,TRUE,ok,
159591,Ariomma,Genus,Ariomma,1,fathomnet,Ariomma,accepted,,0,159591,Ariomma,Genus,Ariomma,TRUE,ok,
159663,Chaetodon striatus,Species,Chaetodon,1,fathomnet,Chaetodon striatus,accepted,,0,159663,Chaetodon striatus,Species,Chaetodon,TRUE,ok,
159664,Dysalotus,Genus,Dysalotus,1,fathomnet,Dysalotus,accepted,,0,159664,Dysalotus,Genus,Dysalotus,TRUE,ok,
162684,Antiopella,Genus,Antiopella,1,fathomnet,Antiopella,accepted,,0,162684,Antiopella,Genus,Antiopella,TRUE,ok,
171634,Heterochone,Genus,Heterochone,1,fathomnet,Heterochone,accepted,,0,171634,Heterochone,Genus,Heterochone,TRUE,ok,
171731,Asceptrulum,Genus,Asceptrulum,1,fathomnet,Asceptrulum,accepted,,0,171731,Asceptrulum,Genus,Asceptrulum,TRUE,ok,
171758,Farrea occa occa,Subspecies,Farrea,1,fathomnet,Farrea occa occa,accepted,,0,171758,Farrea occa occa,Subspecies,Farrea,TRUE,ok,
171888,Euplectellinae,Subfamily,,1,fathomnet,Euplectellinae,accepted,,0,171888,Euplectellinae,Subfamily,,TRUE,ok,
172589,Peribolaster,Genus,Peribolaster,1,fathomnet,Peribolaster,accepted,,0,172589,Peribolaster,Genus,Peribolaster,TRUE,ok,
174833,Zonophryxus,Genus,Zonophryxus,1,fathomnet,Zonophryxus,accepted,,0,174833,Zonophryxus,Genus,Zonophryxus,TRUE,ok,
177688,Telesto,Genus,Telesto,1,fathomnet,Telesto,accepted,,0,177688,Telesto,Genus,Telesto,TRUE,ok,
179636,Echinothrix,Genus,Echinothrix,1,fathomnet,Echinothrix,accepted,,0,179636,Echinothrix,Genus,Echinothrix,TRUE,ok,
180729,Scypholanceola,Genus,Scypholanceola,1,fathomnet,Scypholanceola,accepted,,0,180729,Scypholanceola,Genus,Scypholanceola,TRUE,ok,
181410,Spilocuma,Genus,Spilocuma,1,fathomnet,Spilocuma,accepted,,0,181410,Spilocuma,Genus,Spilocuma,TRUE,ok,
196095,Acroporidae,Family,,1,fathomnet,Acroporidae,accepted,,0,196095,Acroporidae,Family,,TRUE,ok,
196100,Fungiidae,Family,,1,fathomnet,Fungiidae,accepted,,0,196100,Fungiidae,Family,,TRUE,ok,
196178,Laganidae,Family,,1,fathomnet,Laganidae,accepted,,0,196178,Laganidae,Family,,TRUE,ok,
203834,Montipora,Genus,Montipora,1,fathomnet,Montipora,accepted,,0,203834,Montipora,Genus,Montipora,TRUE,ok,
203850,Calotomus,Genus,Calotomus,1,fathomnet,Calotomus,accepted,,0,203850,Calotomus,Genus,Calotomus,TRUE,ok,
203973,Rexea,Genus,Rexea,1,fathomnet,Rexea,accepted,,0,203973,Rexea,Genus,Rexea,TRUE,ok,
204443,Megalasma,Genus,Megalasma,1,fathomnet,Megalasma,accepted,,0,204443,Megalasma,Genus,Megalasma,TRUE,ok,
204769,Pteropsaron,Genus,Pteropsaron,1,fathomnet,Pteropsaron,accepted,,0,204769,Pteropsaron,Genus,Pteropsaron,TRUE,ok,
205290,Odontanthias,Genus,Odontanthias,1,fathomnet,Odontanthias,accepted,,0,205290,Odontanthias,Genus,Odontanthias,TRUE,ok,
205649,Haplomacrourus,Genus,Haplomacrourus,1,fathomnet,Haplomacrourus,accepted,,0,205649,Haplomacrourus,Genus,Haplomacrourus,TRUE,ok,
205753,Tridacna,Genus,Tridacna,1,fathomnet,Tridacna,accepted,,0,205753,Tridacna,Genus,Tridacna,TRUE,ok,
206192,Brisingaster,Genus,Brisingaster,1,fathomnet,Brisingaster,accepted,,0,206192,Brisingaster,Genus,Brisingaster,TRUE,ok,
206565,Rhizopsammia,Genus,Rhizopsammia,1,fathomnet,Rhizopsammia,accepted,,0,206565,Rhizopsammia,Genus,Rhizopsammia,TRUE,ok,
206596,Phyllidiella,Genus,Phyllidiella,1,fathomnet,Phyllidiella,accepted,,0,206596,Phyllidiella,Genus,Phyllidiella,TRUE,ok,
210440,Plesionika alcocki,Species,Plesionika,1,fathomnet,Plesionika alcocki,accepted,,0,210440,Plesionika alcocki,Species,Plesionika,TRUE,ok,
213289,Acanthaster planci,Species,Acanthaster,1,fathomnet,Acanthaster planci,accepted,,0,213289,Acanthaster planci,Species,Acanthaster,TRUE,ok,
213301,Fromia monilis,Species,Fromia,1,fathomnet,Fromia monilis,accepted,,0,213301,Fromia monilis,Species,Fromia,TRUE,ok,
213383,Echinometra mathaei,Species,Echinometra,1,fathomnet,Echinometra mathaei,accepted,,0,213383,Echinometra mathaei,Species,Echinometra,TRUE,ok,
217778,Nezumia propinqua,Species,Nezumia,1,fathomnet,Nezumia propinqua,accepted,,0,217778,Nezumia propinqua,Species,Nezumia,TRUE,ok,
217856,Chaunax penicillatus,Species,Chaunax,1,fathomnet,Chaunax penicillatus,accepted,,0,217856,Chaunax penicillatus,Species,Chaunax,TRUE,ok,
217938,Pristilepis oligolepis,Species,Pristilepis,1,fathomnet,Pristilepis oligolepis,accepted,,0,217938,Pristilepis oligolepis,Species,Pristilepis,TRUE,ok,
218510,Pristipomoides argyrogrammicus,Species,Pristipomoides,1,fathomnet,Pristipomoides argyrogrammicus,accepted,,0,218510,Pristipomoides argyrogrammicus,Species,Pristipomoides,TRUE,ok,
218512,Pristipomoides auricilla,Species,Pristipomoides,1,fathomnet,Pristipomoides auricilla,accepted,,0,218512,Pristipomoides auricilla,Species,Pristipomoides,TRUE,ok,
219869,Paratriacanthodes retrospinis,Species,Paratriacanthodes,1,fathomnet,Paratriacanthodes retrospinis,accepted,,0,219869,Paratriacanthodes retrospinis,Species,Paratriacanthodes,TRUE,ok,
221144,Brisingaster robillardi,Species,Brisingaster,1,fathomnet,Brisingaster robillardi,accepted,,0,221144,Brisingaster robillardi,Species,Brisingaster,TRUE,ok,
221243,Solmissus marshalli,Species,Solmissus,1,fathomnet,Solmissus marshalli,accepted,,0,221243,Solmissus marshalli,Species,Solmissus,TRUE,ok,
221387,Meadia abyssalis,Species,Meadia,1,fathomnet,Meadia abyssalis,accepted,,0,221387,Meadia abyssalis,Species,Meadia,TRUE,ok,
221420,Taractichthys steindachneri,Species,Taractichthys,1,fathomnet,Taractichthys steindachneri,accepted,,0,221420,Taractichthys steindachneri,Species,Taractichthys,TRUE,ok,
221514,Squalogadus modificatus,Species,Squalogadus,1,fathomnet,Squalogadus modificatus,accepted,,0,221514,Squalogadus modificatus,Species,Squalogadus,TRUE,ok,
236134,Albatrossia,Genus,Albatrossia,1,fathomnet,Albatrossia,accepted,,0,236134,Albatrossia,Genus,Albatrossia,TRUE,ok,
236591,Streetsia,Genus,Streetsia,1,fathomnet,Streetsia,accepted,,0,236591,Streetsia,Genus,Streetsia,TRUE,ok,
236595,Paraphronima,Genus,Paraphronima,1,fathomnet,Paraphronima,accepted,,0,236595,Paraphronima,Genus,Paraphronima,TRUE,ok,
242113,Endoxocrinus,Genus,Endoxocrinus,1,fathomnet,Endoxocrinus,accepted,,0,242113,Endoxocrinus,Genus,Endoxocrinus,TRUE,ok,
243098,Asteronyx luzonicus,Species,Asteronyx,1,fathomnet,Asteronyx luzonicus,accepted,,0,243098,Asteronyx luzonicus,Species,Asteronyx,TRUE,ok,
243169,Astrochele laevis,Species,Astrochele,1,fathomnet,Astrochele laevis,accepted,,0,243169,Astrochele laevis,Species,Astrochele,TRUE,ok,
244369,Stegophiura ponderosa,Species,Stegophiura,1,fathomnet,Stegophiura ponderosa,accepted,,0,244369,Stegophiura ponderosa,Species,Stegophiura,TRUE,ok,
246244,Calocarides quinqueseriatus,Species,Calocarides,1,fathomnet,Calocarides quinqueseriatus,accepted,,0,246244,Calocarides quinqueseriatus,Species,Calocarides,TRUE,ok,
246256,Ciliopagurus,Genus,Ciliopagurus,1,fathomnet,Ciliopagurus,accepted,,0,246256,Ciliopagurus,Genus,Ciliopagurus,TRUE,ok,
250311,Clavelina huntsmani,Species,Clavelina,1,fathomnet,Clavelina huntsmani,accepted,,0,250311,Clavelina huntsmani,Species,Clavelina,TRUE,ok,
254794,Gilbertaster,Genus,Gilbertaster,1,fathomnet,Gilbertaster,accepted,,0,254794,Gilbertaster,Genus,Gilbertaster,TRUE,ok,
255036,Phoca vitulina richardii,Subspecies,Phoca,1,fathomnet,Phoca vitulina richardii,accepted,,0,255036,Phoca vitulina richardii,Subspecies,Phoca,TRUE,ok,
255065,Tarsastrocles,Genus,Tarsastrocles,1,fathomnet,Tarsastrocles,accepted,,0,255065,Tarsastrocles,Genus,Tarsastrocles,TRUE,ok,
255066,Tarsastrocles verrilli,Species,Tarsastrocles,1,fathomnet,Tarsastrocles verrilli,accepted,,0,255066,Tarsastrocles verrilli,Species,Tarsastrocles,TRUE,ok,
266961,Cladopathidae,Family,,1,fathomnet,Cladopathidae,accepted,,0,266961,Cladopathidae,Family,,TRUE,ok,
267047,Somniosidae,Family,,1,fathomnet,Somniosidae,accepted,,0,267047,Somniosidae,Family,,TRUE,ok,
267186,Acanthopathes,Genus,Acanthopathes,1,fathomnet,Acanthopathes,accepted,,0,267186,Acanthopathes,Genus,Acanthopathes,TRUE,ok,
267398,Dromalia,Genus,Dromalia,1,fathomnet,Dromalia,accepted,,0,267398,Dromalia,Genus,Dromalia,TRUE,ok,
267759,Polyorchis,Genus,Polyorchis,1,fathomnet,Polyorchis,accepted,,0,267759,Polyorchis,Genus,Polyorchis,TRUE,ok,
268685,Cephalurus,Genus,Cephalurus,1,fathomnet,Cephalurus,accepted,,0,268685,Cephalurus,Genus,Cephalurus,TRUE,ok,
269061,Emblemariopsis,Genus,Emblemariopsis,1,fathomnet,Emblemariopsis,accepted,,0,269061,Emblemariopsis,Genus,Emblemariopsis,TRUE,ok,
270573,Pseudobathylagus,Genus,Pseudobathylagus,1,fathomnet,Pseudobathylagus,accepted,,0,270573,Pseudobathylagus,Genus,Pseudobathylagus,TRUE,ok,
270921,Snyderidia,Genus,Snyderidia,1,fathomnet,Snyderidia,accepted,,0,270921,Snyderidia,Genus,Snyderidia,TRUE,ok,
271040,Tarletonbeania,Genus,Tarletonbeania,1,fathomnet,Tarletonbeania,accepted,,0,271040,Tarletonbeania,Genus,Tarletonbeania,TRUE,ok,
271656,Echinorhinus cookei,Species,Echinorhinus,1,fathomnet,Echinorhinus cookei,accepted,,0,271656,Echinorhinus cookei,Species,Echinorhinus,TRUE,ok,
271746,Conger oligoporus,Species,Conger,1,fathomnet,Conger oligoporus,accepted,,0,271746,Conger oligoporus,Species,Conger,TRUE,ok,
271896,Muraena argus,Species,Muraena,1,fathomnet,Muraena argus,accepted,,0,271896,Muraena argus,Species,Muraena,TRUE,ok,
272026,Ijimaia plicatellus,Species,Ijimaia,1,fathomnet,Ijimaia plicatellus,accepted,,0,272026,Ijimaia plicatellus,Species,Ijimaia,TRUE,ok,
272061,Chlorophthalmus proridens,Species,Chlorophthalmus,1,fathomnet,Chlorophthalmus proridens,accepted,,0,272061,Chlorophthalmus proridens,Species,Chlorophthalmus,TRUE,ok,
272336,Coryphaenoides longifilis,Species,Coryphaenoides,1,fathomnet,Coryphaenoides longifilis,accepted,,0,272336,Coryphaenoides longifilis,Species,Coryphaenoides,TRUE,ok,
272428,Nezumia stelgidolepis,Species,Nezumia,1,fathomnet,Nezumia stelgidolepis,accepted,,0,272428,Nezumia stelgidolepis,Species,Nezumia,TRUE,ok,
273256,Synchiropus orstom,Species,Synchiropus,1,fathomnet,Synchiropus orstom,accepted,,0,273256,Synchiropus orstom,Species,Synchiropus,TRUE,ok,
273376,Prognathodes guyotensis,Species,Prognathodes,1,fathomnet,Prognathodes guyotensis,accepted,,0,273376,Prognathodes guyotensis,Species,Prognathodes,TRUE,ok,
273402,Epigonus atherinoides,Species,Epigonus,1,fathomnet,Epigonus atherinoides,accepted,,0,273402,Epigonus atherinoides,Species,Epigonus,TRUE,ok,
273410,Epigonus glossodontus,Species,Epigonus,1,fathomnet,Epigonus glossodontus,accepted,,0,273410,Epigonus glossodontus,Species,Epigonus,TRUE,ok,
273527,Bodianus diplotaenia,Species,Bodianus,1,fathomnet,Bodianus diplotaenia,accepted,,0,273527,Bodianus diplotaenia,Species,Bodianus,TRUE,ok,
273543,Bodianus thoracotaeniatus,Species,Bodianus,1,fathomnet,Bodianus thoracotaeniatus,accepted,,0,273543,Bodianus thoracotaeniatus,Species,Bodianus,TRUE,ok,
274320,Polymixia japonica,Species,Polymixia,1,fathomnet,Polymixia japonica,accepted,,0,274320,Polymixia japonica,Species,Polymixia,TRUE,ok,
274428,Careproctus filamentosus,Species,Careproctus,1,fathomnet,Careproctus filamentosus,accepted,,0,274428,Careproctus filamentosus,Species,Careproctus,TRUE,ok,
274815,Sebastes maliger,Species,Sebastes,1,fathomnet,Sebastes maliger,accepted,,0,274815,Sebastes maliger,Species,Sebastes,TRUE,ok,
274842,Sebastes rosenblatti,Species,Sebastes,1,fathomnet,Sebastes rosenblatti,accepted,,0,274842,Sebastes rosenblatti,Species,Sebastes,TRUE,ok,
274874,Setarches longimanus,Species,Setarches,1,fathomnet,Setarches longimanus,accepted,,0,274874,Setarches longimanus,Species,Setarches,TRUE,ok,
275733,Haemulon sciurus,Species,Haemulon,1,fathomnet,Haemulon sciurus,accepted,,0,275733,Haemulon sciurus,Species,Haemulon,TRUE,ok,
275949,Liopropoma maculatum,Species,Liopropoma,1,fathomnet,Liopropoma maculatum,accepted,,0,275949,Liopropoma maculatum,Species,Liopropoma,TRUE,ok,
278690,Labroides phthirophagus,Species,Labroides,1,fathomnet,Labroides phthirophagus,accepted,,0,278690,Labroides phthirophagus,Species,Labroides,TRUE,ok,
279060,Triakis semifasciata,Species,Triakis,1,fathomnet,Triakis semifasciata,accepted,,0,279060,Triakis semifasciata,Species,Triakis,TRUE,ok,
279063,Halieutaea indica,Species,Halieutaea,1,fathomnet,Halieutaea indica,accepted,,0,279063,Halieutaea indica,Species,Halieutaea,TRUE,ok,
279149,Cephalopholis igarashiensis,Species,Cephalopholis,1,fathomnet,Cephalopholis igarashiensis,accepted,,0,279149,Cephalopholis igarashiensis,Species,Cephalopholis,TRUE,ok,
279391,Lycodapus mandibularis,Species,Lycodapus,1,fathomnet,Lycodapus mandibularis,accepted,,0,279391,Lycodapus mandibularis,Species,Lycodapus,TRUE,ok,
279893,Bembradium roseum,Species,Bembradium,1,fathomnet,Bembradium roseum,accepted,,0,279893,Bembradium roseum,Species,Bembradium,TRUE,ok,
280249,Coelorinchus aratrum,Species,Coelorinchus,1,fathomnet,Coelorinchus aratrum,accepted,,0,280249,Coelorinchus aratrum,Species,Coelorinchus,TRUE,ok,
280691,Epetriodus freddyi,Species,Epetriodus,1,fathomnet,Epetriodus freddyi,accepted,,0,280691,Epetriodus freddyi,Species,Epetriodus,TRUE,ok,
281202,Johnrandallia nigrirostris,Species,Johnrandallia,1,fathomnet,Johnrandallia nigrirostris,accepted,,0,281202,Johnrandallia nigrirostris,Species,Johnrandallia,TRUE,ok,
281207,Kamoharaia megastoma,Species,Kamoharaia,1,fathomnet,Kamoharaia megastoma,accepted,,0,281207,Kamoharaia megastoma,Species,Kamoharaia,TRUE,ok,
281607,Myroconger gracilis,Species,Myroconger,1,fathomnet,Myroconger gracilis,accepted,,0,281607,Myroconger gracilis,Species,Myroconger,TRUE,ok,
281946,Osteodiscus cascadiae,Species,Osteodiscus,1,fathomnet,Osteodiscus cascadiae,accepted,,0,281946,Osteodiscus cascadiae,Species,Osteodiscus,TRUE,ok,
282314,Polylepion cruentum,Species,Polylepion,1,fathomnet,Polylepion cruentum,accepted,,0,282314,Polylepion cruentum,Species,Polylepion,TRUE,ok,
283208,Zaniolepis frenata,Species,Zaniolepis,1,fathomnet,Zaniolepis frenata,accepted,,0,283208,Zaniolepis frenata,Species,Zaniolepis,TRUE,ok,
283445,Urticina piscivora,Species,Urticina,1,fathomnet,Urticina piscivora,accepted,,0,283445,Urticina piscivora,Species,Urticina,TRUE,ok,
284479,Corymorpha gigantea,Species,Corymorpha,1,fathomnet,Corymorpha gigantea,accepted,,0,284479,Corymorpha gigantea,Species,Corymorpha,TRUE,ok,
286312,Keratoisis flabellum,Species,Keratoisis,1,fathomnet,Keratoisis flabellum,accepted,,0,286312,Keratoisis flabellum,Species,Keratoisis,TRUE,ok,
287022,Flabellum (Flabellum) pavoninum,Species,Flabellum,1,fathomnet,Flabellum (Flabellum) pavoninum,accepted,,0,287022,Flabellum (Flabellum) pavoninum,Species,Flabellum,TRUE,ok,
287037,Javania lamprotichum,Species,Javania,1,fathomnet,Javania lamprotichum,accepted,,0,287037,Javania lamprotichum,Species,Javania,TRUE,ok,
287512,Conopora unifacialis,Species,Conopora,1,fathomnet,Conopora unifacialis,accepted,,0,287512,Conopora unifacialis,Species,Conopora,TRUE,ok,
287962,Montastraea cavernosa,Species,Montastraea,1,fathomnet,Montastraea cavernosa,accepted,,0,287962,Montastraea cavernosa,Species,Montastraea,TRUE,ok,
290114,Hexapathes australiensis,Species,Hexapathes,1,fathomnet,Hexapathes australiensis,accepted,,0,290114,Hexapathes australiensis,Species,Hexapathes,TRUE,ok,
291041,Scrippsia pacifica,Species,Scrippsia,1,fathomnet,Scrippsia pacifica,accepted,,0,291041,Scrippsia pacifica,Species,Scrippsia,TRUE,ok,
293237,Acharax,Genus,Acharax,1,fathomnet,Acharax,accepted,,0,293237,Acharax,Genus,Acharax,TRUE,ok,
293496,Teleostei,Class,,1,fathomnet,Teleostei,accepted,,0,293496,Teleostei,Class,,TRUE,ok,
325355,Munnopsinae,Subfamily,,1,fathomnet,Munnopsinae,accepted,,0,325355,Munnopsinae,Subfamily,,TRUE,ok,
341450,Nototodarus,Genus,Nototodarus,1,fathomnet,Nototodarus,accepted,,0,341450,Nototodarus,Genus,Nototodarus,TRUE,ok,
341781,Haliphron atlanticus,Species,Haliphron,1,fathomnet,Haliphron atlanticus,accepted,,0,341781,Haliphron atlanticus,Species,Haliphron,TRUE,ok,
342069,Onychoteuthis borealijaponica,Species,Onychoteuthis,1,fathomnet,Onychoteuthis borealijaponica,accepted,,0,342069,Onychoteuthis borealijaponica,Species,Onychoteuthis,TRUE,ok,
344679,Odontanthias tapui,Species,Odontanthias,1,fathomnet,Odontanthias tapui,accepted,,0,344679,Odontanthias tapui,Species,Odontanthias,TRUE,ok,
367291,Synagrops japonicus,Species,Synagrops,1,fathomnet,Synagrops japonicus,accepted,,0,367291,Synagrops japonicus,Species,Synagrops,TRUE,ok,
368653,Peltaster cycloplax,Species,Peltaster,1,fathomnet,Peltaster cycloplax,accepted,,0,368653,Peltaster cycloplax,Species,Peltaster,TRUE,ok,
369064,Zoroaster spinulosus,Species,Zoroaster,1,fathomnet,Zoroaster spinulosus,accepted,,0,369064,Zoroaster spinulosus,Species,Zoroaster,TRUE,ok,
370836,Pseudarchaster dissonus,Species,Pseudarchaster,1,fathomnet,Pseudarchaster dissonus,accepted,,0,370836,Pseudarchaster dissonus,Species,Pseudarchaster,TRUE,ok,
378115,Munidopsis lignaria,Species,Munidopsis,1,fathomnet,Munidopsis lignaria,accepted,,0,378115,Munidopsis lignaria,Species,Munidopsis,TRUE,ok,
379865,Solaster borealis,Species,Solaster,1,fathomnet,Solaster borealis,accepted,,0,379865,Solaster borealis,Species,Solaster,TRUE,ok,
387290,Babamunida,Genus,Babamunida,1,fathomnet,Babamunida,accepted,,0,387290,Babamunida,Genus,Babamunida,TRUE,ok,
387313,Paramunida,Genus,Paramunida,1,fathomnet,Paramunida,accepted,,0,387313,Paramunida,Genus,Paramunida,TRUE,ok,
387324,Pectinida,Order,,1,fathomnet,Pectinida,accepted,,0,387324,Pectinida,Order,,TRUE,ok,
388642,Plesionika bimaculata,Species,Plesionika,1,fathomnet,Plesionika bimaculata,accepted,,0,388642,Plesionika bimaculata,Species,Plesionika,TRUE,ok,
389048,Dictyaulus starmeri,Species,Dictyaulus,1,fathomnet,Dictyaulus starmeri,accepted,,0,389048,Dictyaulus starmeri,Species,Dictyaulus,TRUE,ok,
390094,Bathyphylax pruvosti,Species,Bathyphylax,1,fathomnet,Bathyphylax pruvosti,accepted,,0,390094,Bathyphylax pruvosti,Species,Bathyphylax,TRUE,ok,
391517,Desbruyeresia,Genus,Desbruyeresia,1,fathomnet,Desbruyeresia,accepted,,0,391517,Desbruyeresia,Genus,Desbruyeresia,TRUE,ok,
391640,Gaza,Genus,Gaza,1,fathomnet,Gaza,accepted,,0,391640,Gaza,Genus,Gaza,TRUE,ok,
392130,Uroptychus soyomaruae,Species,Uroptychus,1,fathomnet,Uroptychus soyomaruae,accepted,,0,392130,Uroptychus soyomaruae,Species,Uroptychus,TRUE,ok,
392568,Munidopsis nitida,Species,Munidopsis,1,fathomnet,Munidopsis nitida,accepted,,0,392568,Munidopsis nitida,Species,Munidopsis,TRUE,ok,
392602,Munidopsis scotti,Species,Munidopsis,1,fathomnet,Munidopsis scotti,accepted,,0,392602,Munidopsis scotti,Species,Munidopsis,TRUE,ok,
395327,Earleria purpurea,Species,Earleria,1,fathomnet,Earleria purpurea,accepted,,0,395327,Earleria purpurea,Species,Earleria,TRUE,ok,
398419,Lophiodes endoi,Species,Lophiodes,1,fathomnet,Lophiodes endoi,accepted,,0,398419,Lophiodes endoi,Species,Lophiodes,TRUE,ok,
410349,Doryteuthis,Genus,Doryteuthis,1,fathomnet,Doryteuthis,accepted,,0,410349,Doryteuthis,Genus,Doryteuthis,TRUE,ok,
415047,Amphigymnas,Genus,Amphigymnas,1,fathomnet,Amphigymnas,accepted,,0,415047,Amphigymnas,Genus,Amphigymnas,TRUE,ok,
415565,Linopneustes,Genus,Linopneustes,1,fathomnet,Linopneustes,accepted,,0,415565,Linopneustes,Genus,Linopneustes,TRUE,ok,
421713,Periclimenes yucatanicus,Species,Periclimenes,1,fathomnet,Periclimenes yucatanicus,accepted,,0,421713,Periclimenes yucatanicus,Species,Periclimenes,TRUE,ok,
421957,Stenorhynchus seticornis,Species,Stenorhynchus,1,fathomnet,Stenorhynchus seticornis,accepted,,0,421957,Stenorhynchus seticornis,Species,Stenorhynchus,TRUE,ok,
440202,Moloha alcocki,Species,Moloha,1,fathomnet,Moloha alcocki,accepted,,0,440202,Moloha alcocki,Species,Moloha,TRUE,ok,
440209,Paromola japonica,Species,Paromola,1,fathomnet,Paromola japonica,accepted,,0,440209,Paromola japonica,Species,Paromola,TRUE,ok,
440218,Latreillia metanesa,Species,Latreillia,1,fathomnet,Latreillia metanesa,accepted,,0,440218,Latreillia metanesa,Species,Latreillia,TRUE,ok,
440341,Platymera gaudichaudii,Species,Platymera,1,fathomnet,Platymera gaudichaudii,accepted,,0,440341,Platymera gaudichaudii,Species,Platymera,TRUE,ok,
441008,Beuroisia major,Species,Beuroisia,1,fathomnet,Beuroisia major,accepted,,0,441008,Beuroisia major,Species,Beuroisia,TRUE,ok,
441601,Loxorhynchus crispatus,Species,Loxorhynchus,1,fathomnet,Loxorhynchus crispatus,accepted,,0,441601,Loxorhynchus crispatus,Species,Loxorhynchus,TRUE,ok,
472848,Pentametrocrinus paucispinulus,Species,Pentametrocrinus,1,fathomnet,Pentametrocrinus paucispinulus,accepted,,0,472848,Pentametrocrinus paucispinulus,Species,Pentametrocrinus,TRUE,ok,
510522,Diadematoida,Order,,1,fathomnet,Diadematoida,accepted,,0,510522,Diadematoida,Order,,TRUE,ok,
510534,Echinidea,Infraorder,,1,fathomnet,Echinidea,accepted,,0,510534,Echinidea,Infraorder,,TRUE,ok,
513144,Brisaster townsendi,Species,Brisaster,1,fathomnet,Brisaster townsendi,accepted,,0,513144,Brisaster townsendi,Species,Brisaster,TRUE,ok,
513165,Centrostephanus coronatus,Species,Centrostephanus,1,fathomnet,Centrostephanus coronatus,accepted,,0,513165,Centrostephanus coronatus,Species,Centrostephanus,TRUE,ok,
513958,Eusergestes,Genus,Eusergestes,1,fathomnet,Eusergestes,accepted,,0,513958,Eusergestes,Genus,Eusergestes,TRUE,ok,
515462,Pandalus danae,Species,Pandalus,1,fathomnet,Pandalus danae,accepted,,0,515462,Pandalus danae,Species,Pandalus,TRUE,ok,
515521,Plesionika spinipes,Species,Plesionika,1,fathomnet,Plesionika spinipes,accepted,,0,515521,Plesionika spinipes,Species,Plesionika,TRUE,ok,
517254,Tergivelum,Genus,Tergivelum,1,fathomnet,Tergivelum,accepted,,0,517254,Tergivelum,Genus,Tergivelum,TRUE,ok,
517724,Keroeides mosaica,Species,Keroeides,1,fathomnet,Keroeides mosaica,accepted,,0,517724,Keroeides mosaica,Species,Keroeides,TRUE,ok,
562590,Eumunididae,Family,,1,fathomnet,Eumunididae,accepted,,0,562590,Eumunididae,Family,,TRUE,ok,
572093,Tochuina gigantea,Species,Tochuina,1,fathomnet,Tochuina gigantea,accepted,,0,572093,Tochuina gigantea,Species,Tochuina,TRUE,ok,
574937,Carinaria japonica,Species,Carinaria,1,fathomnet,Carinaria japonica,accepted,,0,574937,Carinaria japonica,Species,Carinaria,TRUE,ok,
599476,Pleurobranchus mamillatus,Species,Pleurobranchus,1,fathomnet,Pleurobranchus mamillatus,accepted,,0,599476,Pleurobranchus mamillatus,Species,Pleurobranchus,TRUE,ok,
605520,Chaetopterus pugaporcinus,Species,Chaetopterus,1,fathomnet,Chaetopterus pugaporcinus,accepted,,0,605520,Chaetopterus pugaporcinus,Species,Chaetopterus,TRUE,ok,
710764,Bathymetra,Genus,Bathymetra,1,fathomnet,Bathymetra,accepted,,0,710764,Bathymetra,Genus,Bathymetra,TRUE,ok,
712477,Benthocometes australiensis,Species,Benthocometes,1,fathomnet,Benthocometes australiensis,accepted,,0,712477,Benthocometes australiensis,Species,Benthocometes,TRUE,ok,
715096,Kauluzoanthus kerbyi,Species,Kauluzoanthus,1,fathomnet,Kauluzoanthus kerbyi,accepted,,0,715096,Kauluzoanthus kerbyi,Species,Kauluzoanthus,TRUE,ok,
719942,Doliolidina,Suborder,,1,fathomnet,Doliolidina,accepted,,0,719942,Doliolidina,Suborder,,TRUE,ok,
742233,Archeterokrohnia docrickettsae,Species,Archeterokrohnia,1,fathomnet,Archeterokrohnia docrickettsae,accepted,,0,742233,Archeterokrohnia docrickettsae,Species,Archeterokrohnia,TRUE,ok,
754175,Sedentaria,Subclass,,1,fathomnet,Sedentaria,accepted,,0,754175,Sedentaria,Subclass,,TRUE,ok,
765500,Abyssocladia lakwollii,Species,Abyssocladia,1,fathomnet,Abyssocladia lakwollii,accepted,,0,765500,Abyssocladia lakwollii,Species,Abyssocladia,TRUE,ok,
767204,Vityazicrinus,Genus,Vityazicrinus,1,fathomnet,Vityazicrinus,accepted,,0,767204,Vityazicrinus,Genus,Vityazicrinus,TRUE,ok,
835326,Apollonaster kelleyi,Species,Apollonaster,1,fathomnet,Apollonaster kelleyi,accepted,,0,835326,Apollonaster kelleyi,Species,Apollonaster,TRUE,ok,
845455,Paulasterias mcclaini,Species,Paulasterias,1,fathomnet,Paulasterias mcclaini,accepted,,0,845455,Paulasterias mcclaini,Species,Paulasterias,TRUE,ok,
848355,Euplokamididae,Family,,1,fathomnet,Euplokamididae,accepted,,0,848355,Euplokamididae,Family,,TRUE,ok,
888371,Enthemonae,Suborder,,1,fathomnet,Enthemonae,accepted,,0,888371,Enthemonae,Suborder,,TRUE,ok,
994318,Alternatipathes bipinnata,Species,Alternatipathes,1,fathomnet,Alternatipathes bipinnata,accepted,,0,994318,Alternatipathes bipinnata,Species,Alternatipathes,TRUE,ok,
1007123,Paraliparis hawaiiensis,Species,Paraliparis,1,fathomnet,Paraliparis hawaiiensis,accepted,,0,1007123,Paraliparis hawaiiensis,Species,Paraliparis,TRUE,ok,
1045592,Victorgorgiidae,Family,,1,fathomnet,Victorgorgiidae,accepted,,0,1045592,Victorgorgiidae,Family,,TRUE,ok,
1248796,Pleurocorallium,Genus,Pleurocorallium,1,fathomnet,Pleurocorallium,accepted,,0,1248796,Pleurocorallium,Genus,Pleurocorallium,TRUE,ok,
1298872,Uroptychus abdominalis,Species,Uroptychus,1,fathomnet,Uroptychus abdominalis,accepted,,0,1298872,Uroptychus abdominalis,Species,Uroptychus,TRUE,ok,
1385104,Owstonia hawaiiensis,Species,Owstonia,1,fathomnet,Owstonia hawaiiensis,accepted,,0,1385104,Owstonia hawaiiensis,Species,Owstonia,TRUE,ok,
1646244,Yoda demiankoopi,Species,Yoda,1,fathomnet,Yoda demiankoopi,accepted,,0,1646244,Yoda demiankoopi,Species,Yoda,TRUE,ok,
1790004,Debaspis debilis,Species,Debaspis,1,fathomnet,Debaspis debilis,accepted,,0,1790004,Debaspis debilis,Species,Debaspis,TRUE,ok,
