concept,boxes,action,method,resolved_name,aphia_id,rank,kingdom,suggestion,notes
Lutjanus campechanus,198538,class,fathomnet+worms,Lutjanus campechanus,159795,Species,Animalia,,
sea fan,74739,class,fathomnet+worms,Isis hippuris,290211,Species,Animalia,,
Rhomboplites aurorubens,32795,class,fathomnet+worms,Rhomboplites aurorubens,159807,Species,Animalia,,
Stenotomus caprinus,26775,class,fathomnet+worms,Stenotomus caprinus,159810,Species,Animalia,,
Strongylocentrotus fragilis,23061,class,fathomnet+worms,Strongylocentrotus fragilis,569742,Species,Animalia,,
Pagrus pagrus,22246,class,fathomnet+worms,Pagrus pagrus,127063,Species,Animalia,,
Ptereleotris,21131,class,fathomnet+worms,Ptereleotris,204246,Genus,Animalia,,
Serranus annularis,17187,class,fathomnet+worms,Serranus annularis,273890,Species,Animalia,,
Chromis,15769,class,fathomnet+worms,Chromis,126045,Genus,Animalia,,
feather star,15726,class,fathomnet+worms,Antedon mediterranea,124208,Species,Animalia,,
Mycteroperca phenax,15356,class,fathomnet+worms,Mycteroperca phenax,159233,Species,Animalia,,
Malacanthus plumieri,13989,class,fathomnet+worms,Malacanthus plumieri,277261,Species,Animalia,,
Epinephelus morio,13311,class,fathomnet+worms,Epinephelus morio,159354,Species,Animalia,,
Ophiuroidea,12614,class,fathomnet+worms,Ophiuroidea,123084,Class,Animalia,,
Balistes capriscus,11379,class,fathomnet+worms,Balistes capriscus,154721,Species,Animalia,,
Mycteroperca microlepis,10919,class,fathomnet+worms,Mycteroperca microlepis,273880,Species,Animalia,,
Anomura,10605,class,fathomnet+worms,Anomura,106671,Infraorder,Animalia,,
Priacanthus arenatus,10505,class,fathomnet+worms,Priacanthus arenatus,127005,Species,Animalia,,
Serranus phoebe,9900,class,fathomnet+worms,Serranus phoebe,273903,Species,Animalia,,
Pronotogrammus martinicensis,9692,class,fathomnet+worms,Pronotogrammus martinicensis,282365,Species,Animalia,,
Porifera,9366,class,fathomnet+worms,Porifera,558,Phylum,Animalia,,
Chaetodon sedentarius,8980,class,fathomnet+worms,Chaetodon sedentarius,234107,Species,Animalia,,
Halichoeres,8603,class,fathomnet+worms,Halichoeres,158813,Genus,Animalia,,
Pterois,7625,class,fathomnet+worms,Pterois,204051,Genus,Animalia,,
Calamus leucosteus,7592,class,fathomnet+worms,Calamus leucosteus,275970,Species,Animalia,,
Anoplopoma fimbria,7568,class,fathomnet+worms,Anoplopoma fimbria,159463,Species,Animalia,,
Haemulon aurolineatum,7007,class,fathomnet+worms,Haemulon aurolineatum,158807,Species,Animalia,,
Selene vomer,7007,class,fathomnet+worms,Selene vomer,159649,Species,Animalia,,
Anthiadidae,6927,class,fathomnet+worms,Anthiadidae,1758484,Family,Animalia,,
Pristigenys alta,6917,class,fathomnet+worms,Pristigenys alta,159295,Species,Animalia,,
Pristipomoides,6907,class,fathomnet+worms,Pristipomoides,159804,Genus,Animalia,,
Actiniaria,6788,class,fathomnet+worms,Actiniaria,1360,Order,Animalia,,
Psolus squamatus,6415,class,fathomnet+worms,Psolus squamatus,124713,Species,Animalia,,
Seriola dumerili,6377,class,fathomnet+worms,Seriola dumerili,126816,Species,Animalia,,
Lutjanus griseus,6256,class,fathomnet+worms,Lutjanus griseus,159797,Species,Animalia,,
Pomacentridae,5601,class,fathomnet+worms,Pomacentridae,125553,Family,Animalia,,
Sebastolobus,5494,class,fathomnet+worms,Sebastolobus,270859,Genus,Animalia,,
Merluccius productus,5277,class,fathomnet+worms,Merluccius productus,272458,Species,Animalia,,
Seriola rivoliana,5191,class,fathomnet+worms,Seriola rivoliana,126818,Species,Animalia,,
Halichoeres bivittatus,4925,class,fathomnet+worms,Halichoeres bivittatus,158815,Species,Animalia,,
Asteroidea,4911,class,fathomnet+worms,Asteroidea,123080,Class,Animalia,,
Chionoecetes tanneri,4716,class,fathomnet+worms,Chionoecetes tanneri,442165,Species,Animalia,,
black coral,4568,class,fathomnet+worms,Antipathella subpinnata,289447,Species,Animalia,,
Centropristis philadelphica,4504,class,fathomnet+worms,Centropristis philadelphica,159347,Species,Animalia,,
Calamus nodosus,4480,class,fathomnet+worms,Calamus nodosus,159243,Species,Animalia,,
Caranx crysos,4288,class,fathomnet+worms,Caranx crysos,126802,Species,Animalia,,
Keratoisis,4251,class,fathomnet+worms,Keratoisis,125306,Genus,Animalia,,
Opistognathus,4131,class,fathomnet+worms,Opistognathus,159746,Genus,Animalia,,
squat lobster,3898,class,fathomnet+worms,Galathea dispersa,107148,Species,Animalia,,
Prognathodes aya,3832,class,fathomnet+worms,Prognathodes aya,273370,Species,Animalia,,
Hyporthodus flavolimbatus,3821,class,fathomnet+worms,Hyporthodus flavolimbatus,475077,Species,Animalia,,
Hexactinellida,3811,class,fathomnet+worms,Hexactinellida,22612,Class,Animalia,,
Lachnolaimus maximus,3811,class,fathomnet+worms,Lachnolaimus maximus,158822,Species,Animalia,,
Rathbunaster californicus,3789,class,fathomnet+worms,Rathbunaster californicus,254844,Species,Animalia,,
Sabellidae,3743,class,fathomnet+worms,Sabellidae,985,Family,Animalia,,
Heterochone calyx,3692,class,fathomnet+worms,Heterochone calyx,171636,Species,Animalia,,
Holacanthus bermudensis,3656,class,fathomnet+worms,Holacanthus bermudensis,159284,Species,Animalia,,
Serranus subligarius,3573,class,fathomnet+worms,Serranus subligarius,159236,Species,Animalia,,
Lutjanus synagris,3407,class,fathomnet+worms,Lutjanus synagris,159800,Species,Animalia,,
Chaetodon ocellatus,3358,class,fathomnet+worms,Chaetodon ocellatus,159662,Species,Animalia,,
Paragorgia arborea,3259,class,fathomnet+worms,Paragorgia arborea,125418,Species,Animalia,,
Staurocalyptus,3049,class,fathomnet+worms,Acanthascus (Staurocalyptus),171991,Genus,Animalia,,
Munidopsis,3048,class,fathomnet+worms,Munidopsis,106836,Genus,Animalia,,
Chordata,2909,class,fathomnet+worms,Chordata,1821,Phylum,Animalia,,
Paranthias furcifer,2838,class,fathomnet+worms,Paranthias furcifer,282084,Species,Animalia,,
Caulolatilus microps,2782,class,fathomnet+worms,Caulolatilus microps,159404,Species,Animalia,,
Pennatulacea,2772,class,fathomnet+worms,Pennatuloidea,1609360,Order,Animalia,,
Scotoplanes globosa,2765,class,fathomnet+worms,Scotoplanes globosa,148773,Species,Animalia,,
Peniagone,2741,class,fathomnet+worms,Peniagone,123515,Genus,Animalia,,
Pannychia moseleyi,2707,class,fathomnet+worms,Pannychia moseleyi,241954,Species,Animalia,,
Serpulidae,2644,class,fathomnet+worms,Serpulidae,988,Family,Animalia,,
Stenocionops spinimanus,2636,class,fathomnet+worms,Stenocionops spinimanus,421999,Species,Animalia,,
Carcharhinus falciformis,2587,class,fathomnet+worms,Carcharhinus falciformis,105789,Species,Animalia,,
hydroid,2520,class,fathomnet+worms,Nemertesia ramosa,117815,Species,Animalia,,
Bathochordaeus stygius,2479,class,fathomnet+worms,Bathochordaeus stygius,103395,Species,Animalia,,
Decodon puellaris,2419,class,fathomnet+worms,Decodon puellaris,276747,Species,Animalia,,
Funiculina,2417,class,fathomnet+worms,Funiculina,128490,Genus,Animalia,,
Galatheoidea,2374,class,fathomnet+worms,Galatheoidea,106685,Superfamily,Animalia,,
Mycteroperca interstitialis,2313,class,fathomnet+worms,Mycteroperca interstitialis,273878,Species,Animalia,,
Canthigaster rostrata,2306,class,fathomnet+worms,Canthigaster rostrata,127411,Species,Animalia,,
Isididae,2274,class,fathomnet+worms,Isididae,125276,Family,Animalia,,
Crinoidea,2243,class,fathomnet+worms,Crinoidea,123081,Class,Animalia,,
Zoantharia,2229,class,fathomnet+worms,Zoantharia,607338,Order,Animalia,,
Farrea,2198,class,fathomnet+worms,Farrea,132107,Genus,Animalia,,
Solmissus,2067,class,fathomnet+worms,Solmissus,117074,Genus,Animalia,,
Bathochordaeus,2017,class,fathomnet+worms,Bathochordaeus,103362,Genus,Animalia,,
Coryphaenoides,2012,class,fathomnet+worms,Coryphaenoides,125748,Genus,Animalia,,
Heteropolypus ritteri,1999,class,fathomnet+worms,Heteropolypus ritteri,724715,Species,Animalia,,
Keratoisidinae,1989,class,fathomnet+worms,Keratoisididae,1544106,Subfamily,Animalia,,
Lampocteis cruentiventer,1970,class,fathomnet+worms,Lampocteis cruentiventer,265955,Species,Animalia,,
Chaetodon,1866,class,fathomnet+worms,Chaetodon,125954,Genus,Animalia,,
Scotoplanes,1857,class,fathomnet+worms,Scotoplanes,123520,Genus,Animalia,,
Doryteuthis (Amerigo) opalescens,1767,class,fathomnet+worms,Doryteuthis opalescens,574540,Species,Animalia,,
Calamus bajonado,1751,class,fathomnet+worms,Calamus bajonado,159241,Species,Animalia,,
Seriola fasciata,1741,class,fathomnet+worms,Seriola fasciata,126817,Species,Animalia,,
Tomopteris,1727,class,fathomnet+worms,Tomopteris,129715,Genus,Animalia,,
Bargmannia elongata,1721,class,fathomnet+worms,Bargmannia elongata,135506,Species,Animalia,,
Tunicata,1644,class,fathomnet+worms,Tunicata,146420,Subphylum,Animalia,,
Munnopsidae,1575,class,fathomnet+worms,Munnopsidae,118264,Family,Animalia,,
Epinephelus,1555,class,fathomnet+worms,Epinephelus,126068,Genus,Animalia,,
Bodianus rufus,1544,class,fathomnet+worms,Bodianus rufus,273541,Species,Animalia,,
Lutjanus analis,1542,class,fathomnet+worms,Lutjanus analis,159792,Species,Animalia,,
Eusergestes similis,1541,class,fathomnet+worms,Eusergestes similis,514127,Species,Animalia,,
Isosicyonis,1537,class,fathomnet+worms,Isosicyonis,173124,Genus,Animalia,,
Poralia rufescens,1529,class,fathomnet+worms,Poralia rufescens,135310,Species,Animalia,,
Nanomia bijuga,1471,class,fathomnet+worms,Nanomia bijuga,135495,Species,Animalia,,
Caulolatilus chrysops,1464,class,fathomnet+worms,Caulolatilus chrysops,159403,Species,Animalia,,
Pyrosoma,1459,class,fathomnet+worms,Pyrosoma,137224,Genus,Animalia,,
Seriola zonata,1440,class,fathomnet+worms,Seriola zonata,159650,Species,Animalia,,
Euplectellidae,1426,class,fathomnet+worms,Euplectellidae,131692,Family,Animalia,,
Octopus rubescens,1410,class,fathomnet+worms,Octopus rubescens,342023,Species,Animalia,,
Upeneus parvus,1387,class,fathomnet+worms,Upeneus parvus,159422,Species,Animalia,,
Sebastidae,1365,class,fathomnet+worms,Sebastidae,125596,Family,Animalia,,
Cephalopholis cruentata,1362,class,fathomnet+worms,Cephalopholis cruentata,279146,Species,Animalia,,
Holothuroidea,1350,class,fathomnet+worms,Holothuroidea,123083,Class,Animalia,,
Gastropoda,1347,class,fathomnet+worms,Gastropoda,101,Class,Animalia,,
Keratoisididae,1279,class,fathomnet+worms,Keratoisididae,1544106,Family,Animalia,,
Serranus,1271,class,fathomnet+worms,Serranus,126070,Genus,Animalia,,
Holocentrus adscensionis,1266,class,fathomnet+worms,Holocentrus adscensionis,159378,Species,Animalia,,
Bathochordaeus mcnutti,1265,class,fathomnet+worms,Bathochordaeus mcnutti,1027018,Species,Animalia,,
Hippasteria,1249,class,fathomnet+worms,Hippasteria,123297,Genus,Animalia,,
Metridium farcimen,1229,class,fathomnet+worms,Metridium farcimen,283704,Species,Animalia,,
Poeobius meseres,1218,class,fathomnet+worms,Poeobius meseres,330855,Species,Animalia,,
Paragorgia,1214,class,fathomnet+worms,Paragorgia,125326,Genus,Animalia,,
Aegina,1209,class,fathomnet+worms,Aegina,116994,Genus,Animalia,,
Ptychogastria polaris,1187,class,fathomnet+worms,Ptychogastria polaris,117846,Species,Animalia,,
Hormathiidae,1161,class,fathomnet+worms,Hormathiidae,100672,Family,Animalia,,
Liponema brevicorne,1132,class,fathomnet+worms,Liponema brevicorne,593074,Species,Animalia,,
Pyrosoma atlanticum,1112,class,fathomnet+worms,Pyrosoma atlanticum,137250,Species,Animalia,,
Mullidae,1110,class,fathomnet+worms,Mullidae,125547,Family,Animalia,,
Coralliidae,1107,class,fathomnet+worms,Coralliidae,125280,Family,Animalia,,
Carcharhinus,1080,class,fathomnet+worms,Carcharhinus,105719,Genus,Animalia,,
Chrysopathes speciosa,1073,class,fathomnet+worms,Chrysopathes speciosa,289661,Species,Animalia,,
Physonectae,1065,class,fathomnet+worms,Physonectae,135335,Suborder,Animalia,,
Urophycis regia,1053,class,fathomnet+worms,Urophycis regia,158991,Species,Animalia,,
Actinernus,1048,class,fathomnet+worms,Actinernus,100691,Genus,Animalia,,
Vampyroteuthis infernalis,1043,class,fathomnet+worms,Vampyroteuthis infernalis,141887,Species,Animalia,,
Canthigaster jamestyleri,1033,class,fathomnet+worms,Canthigaster jamestyleri,275257,Species,Animalia,,
Scleractinia,1033,class,fathomnet+worms,Scleractinia,1363,Order,Animalia,,
Microstomus pacificus,1029,class,fathomnet+worms,Microstomus pacificus,274294,Species,Animalia,,
Atolla,1026,class,fathomnet+worms,Atolla,135248,Genus,Animalia,,
Paralomis multispina,1019,class,fathomnet+worms,Paralomis multispina,378131,Species,Animalia,,
Isidella tentaculum,1012,class,fathomnet+worms,Isidella tentaculum,582522,Species,Animalia,,
Caridea,988,class,fathomnet+worms,Caridea,106674,Infraorder,Animalia,,
Sebastes,971,class,fathomnet+worms,Sebastes,126175,Genus,Animalia,,
Bodianus pulchellus,949,class,fathomnet+worms,Bodianus pulchellus,273540,Species,Animalia,,
Pandalus amplus,945,class,fathomnet+worms,Pandalus amplus,1337980,Species,Animalia,,
Ceriantharia,941,class,fathomnet+worms,Ceriantharia,1361,Order,Animalia,,
Chiroteuthis calyx,919,class,fathomnet+worms,Chiroteuthis calyx,341796,Species,Animalia,,
Centropristis ocyurus,915,class,fathomnet+worms,Centropristis ocyurus,159346,Species,Animalia,,
Halichoeres bathyphilus,896,class,fathomnet+worms,Halichoeres bathyphilus,158814,Species,Animalia,,
Primnoidae,892,class,fathomnet+worms,Primnoidae,125278,Family,Animalia,,
Caulolatilus cyanops,880,class,fathomnet+worms,Caulolatilus cyanops,159402,Species,Animalia,,
Parastenella,860,class,fathomnet+worms,Parastenella,267700,Genus,Animalia,,
Scleralcyonacea,860,class,fathomnet+worms,Scleralcyonacea,1609355,Order,Animalia,,
Asbestopluma,858,class,fathomnet+worms,Asbestopluma,131893,Genus,Animalia,,
Swiftia kofoidi,848,class,fathomnet+worms,Callistephanus kofoidi,1608731,Species,Animalia,,
Amphipoda,831,class,fathomnet+worms,Amphipoda,1135,Order,Animalia,,
Pomacanthus arcuatus,818,class,fathomnet+worms,Pomacanthus arcuatus,159287,Species,Animalia,,
Eumalacostraca,797,class,fathomnet+worms,Eumalacostraca,1086,Subclass,Animalia,,
Asbestopluma monticola,793,class,fathomnet+worms,Asbestopluma (Asbestopluma) monticola,759744,Species,Animalia,,
Haemulon album,775,class,fathomnet+worms,Haemulon album,275721,Species,Animalia,,
Isidella,754,class,fathomnet+worms,Isidella,125305,Genus,Animalia,,
Poecilasmatidae,754,class,fathomnet+worms,Poecilasmatidae,106050,Family,Animalia,,
salp,748,class,fathomnet+worms,Thalia democratica,137279,Species,Animalia,,
Embassichthys bathybius,747,class,fathomnet+worms,Microstomus bathybius,305684,Species,Animalia,,
Beringraja rhina,742,class,fathomnet+worms,Beringraja rhina,1461133,Species,Animalia,,
Apolemia,731,class,fathomnet+worms,Apolemia,135393,Genus,Animalia,,
Liopropoma eukrines,731,class,fathomnet+worms,Liopropoma eukrines,159230,Species,Animalia,,
Calamus proridens,730,class,fathomnet+worms,Calamus proridens,275973,Species,Animalia,,
Chaetognatha,726,class,fathomnet+worms,Chaetognatha,2081,Phylum,Animalia,,
Muusoctopus,722,class,fathomnet+worms,Muusoctopus,527126,Genus,Animalia,,
Beroe,717,class,fathomnet+worms,Beroe,1434803,Genus,Animalia,,
Paelopatides confundens,710,class,fathomnet+worms,Paelopatides confundens,148759,Species,Animalia,,
sea snail,704,class,fathomnet+worms,Liparis liparis,127219,Species,Animalia,,
Archosargus probatocephalus,696,class,fathomnet+worms,Archosargus probatocephalus,159238,Species,Animalia,,
Praya dubia,695,class,fathomnet+worms,Praya dubia,135466,Species,Animalia,,
Macrouridae,690,class,fathomnet+worms,Macrouridae,125471,Family,Animalia,,
Mycteroperca bonaci,690,class,fathomnet+worms,Mycteroperca bonaci,159231,Species,Animalia,,
Sphyrna lewini,690,class,fathomnet+worms,Sphyrna lewini,105816,Species,Animalia,,
Comatulida,663,class,fathomnet+worms,Comatulida,123093,Order,Animalia,,
octopus,663,class,worms direct,Octopus,138268,Genus,Animalia,,
Benthocodon,662,class,fathomnet+worms,Benthocodon,174738,Genus,Animalia,,
Prayidae,662,class,fathomnet+worms,Prayidae,135340,Family,Animalia,,
Serranus tortugarum,655,class,fathomnet+worms,Serranus tortugarum,273910,Species,Animalia,,
Syacium,654,class,fathomnet+worms,Syacium,158875,Genus,Animalia,,
Pleuronectiformes,643,class,fathomnet+worms,Pleuronectiformes,10331,Order,Animalia,,
Vesicomyidae,640,class,fathomnet+worms,Vesicomyidae,23140,Family,Animalia,,
Benthocodon pedunculata,633,class,fathomnet+worms,Benthocodon pedunculatus,1417788,Species,Animalia,,
Chaetodon capistratus,625,class,fathomnet+worms,Chaetodon capistratus,159661,Species,Animalia,,
Pandalus platyceros,620,class,fathomnet+worms,Pandalus platyceros,423632,Species,Animalia,,
Abyssocucumis abyssorum,616,class,fathomnet+worms,Abyssocucumis abyssorum,124597,Species,Animalia,,
Gersemia juliepackardae,616,class,fathomnet+worms,Gersemia juliepackardae,944595,Species,Animalia,,
Histioteuthis heteropsis,596,class,fathomnet+worms,Histioteuthis heteropsis,341868,Species,Animalia,,
Chorilia longipes,587,class,fathomnet+worms,Chorilia longipes,441520,Species,Animalia,,
Florometra serratissima,581,class,fathomnet+worms,Florometra serratissima,714272,Species,Animalia,,
Dosidicus gigas,576,class,fathomnet+worms,Dosidicus gigas,342291,Species,Animalia,,
Peniagone vitrea,573,class,fathomnet+worms,Peniagone vitrea,174046,Species,Animalia,,
Siphonophorae,567,class,fathomnet+worms,Siphonophorae,1371,Order,Animalia,,
Swiftia simplex,552,class,fathomnet+worms,Callistephanus simplex,1608733,Species,Animalia,,
Peniagone gracilis,551,class,fathomnet+worms,Peniagone gracilis,124738,Species,Animalia,,
Bargmannia lata,543,class,fathomnet+worms,Bargmannia lata,135507,Species,Animalia,,
Sebastolobus altivelis,534,class,fathomnet+worms,Sebastolobus altivelis,282741,Species,Animalia,,
Brisingida,526,class,fathomnet+worms,Brisingida,123085,Order,Animalia,,
Aegina citrea,525,class,fathomnet+worms,Aegina citrea,117263,Species,Animalia,,
Galiteuthis phyllura,523,class,fathomnet+worms,Galiteuthis phyllura,341807,Species,Animalia,,
Lithodidae,520,class,fathomnet+worms,Lithodidae,106737,Family,Animalia,,
Synallactidae,519,class,fathomnet+worms,Synallactidae,123185,Family,Animalia,,
Acanthascinae,513,class,fathomnet+worms,Rossellidae,131694,Subfamily,Animalia,,
Octocorallia,511,class,fathomnet+worms,Octocorallia,1341,Class,Animalia,,
Ophichthus puncticeps,507,class,fathomnet+worms,Ophichthus puncticeps,158646,Species,Animalia,,
Taonius,507,class,fathomnet+worms,Taonius,137853,Genus,Animalia,,
Elpidia,503,class,fathomnet+worms,Elpidia,123512,Genus,Animalia,,
Sebastes diploproa,495,class,fathomnet+worms,Sebastes diploproa,274787,Species,Animalia,,
Corallimorphus pilatus,488,class,fathomnet+worms,Corallimorphus pilatus,283830,Species,Animalia,,
Calycophorae,483,class,fathomnet+worms,Calycophorae,135333,Suborder,Animalia,,
Pandalopsis ampla,474,class,fathomnet+worms,Pandalus amplus,1337980,Species,Animalia,,
Caecosagitta macrocephala,462,class,fathomnet+worms,Caecosagitta macrocephala,105431,Species,Animalia,,
Terebellidae,460,class,fathomnet+worms,Terebellidae,982,Family,Animalia,,
Muraena retifera,449,class,fathomnet+worms,Muraena retifera,158586,Species,Animalia,,
Atolla vanhoeffeni,446,class,fathomnet+worms,Atolla vanhoeffeni,135281,Species,Animalia,,
Antimora microlepis,440,class,fathomnet+worms,Antimora microlepis,272460,Species,Animalia,,
Pasiphaea,428,class,fathomnet+worms,Pasiphaea,107052,Genus,Animalia,,
Lycenchelys,426,class,fathomnet+worms,Lycenchelys,126103,Genus,Animalia,,
Bathyraja trachura,416,class,fathomnet+worms,Bathyraja trachura,271538,Species,Animalia,,
Umbellula,411,class,fathomnet+worms,Umbellula,1757986,Genus,Animalia,,
Hymenaster,410,class,fathomnet+worms,Hymenaster,123333,Genus,Animalia,,
Actinopterygii,409,class,fathomnet+worms,Actinopterygii,10194,Gigaclass,Animalia,,
Alectis ciliaris,409,class,fathomnet+worms,Alectis ciliaris,159629,Species,Animalia,,
Apostichopus leukothele,401,class,fathomnet+worms,Apostichopus leukothele,529431,Species,Animalia,,
Erenna laciniata,399,class,fathomnet+worms,Erenna laciniata,287284,Species,Animalia,,
Erenna richardi,399,class,fathomnet+worms,Erenna richardi,135487,Species,Animalia,,
Ophiacanthidae,398,class,fathomnet+worms,Ophiacanthidae,123204,Family,Animalia,,
Lilyopsis fluoracantha,394,class,fathomnet+worms,Lilyopsis fluoracantha,387268,Species,Animalia,,
Mysida,394,class,fathomnet+worms,Mysida,149668,Order,Animalia,,
Canthidermis sufflamen,392,class,fathomnet+worms,Canthidermis sufflamen,127399,Species,Animalia,,
Antipatharia,390,class,fathomnet+worms,Antipatharia,22549,Order,Animalia,,
Delectopecten,385,class,fathomnet+worms,Delectopecten,138318,Genus,Animalia,,
Gobiidae,385,class,fathomnet+worms,Gobiidae,125537,Family,Animalia,,
Serranus atrobranchus,380,class,fathomnet+worms,Serranus atrobranchus,273891,Species,Animalia,,
Atolla wyvillei,377,class,fathomnet+worms,Atolla wyvillei,135282,Species,Animalia,,
Lychnagalma utricularia,377,class,fathomnet+worms,Lychnagalma utricularia,135492,Species,Animalia,,
Acanthoptilum,373,class,fathomnet+worms,Acanthoptilum,267189,Genus,Animalia,,
Lutjanus vivanus,370,class,fathomnet+worms,Lutjanus vivanus,159801,Species,Animalia,,
Mediaster aequalis,366,class,fathomnet+worms,Mediaster aequalis,242160,Species,Animalia,,
Paralomis,365,class,fathomnet+worms,Paralomis,106848,Genus,Animalia,,
Seriola,363,class,fathomnet+worms,Seriola,125944,Genus,Animalia,,
Eptatretus,362,class,fathomnet+worms,Eptatretus,206895,Genus,Animalia,,
Psathyrometra fragilis,362,class,fathomnet+worms,Psathyrometra fragilis,430552,Species,Animalia,,
Opistognathus aurifrons,358,class,fathomnet+worms,Opistognathus aurifrons,276442,Species,Animalia,,
Pennatula phosphorea,358,class,fathomnet+worms,Pennatula phosphorea,128517,Species,Animalia,,
Gymnothorax moringa,350,class,fathomnet+worms,Gymnothorax moringa,158584,Species,Animalia,,
Erenna cornuta,344,class,fathomnet+worms,Erenna cornuta,196537,Species,Animalia,,
sea slug,342,class,fathomnet+worms,Peltodoris atromaculata,509315,Species,Animalia,,
Swiftia,336,class,fathomnet+worms,Swiftia,125314,Genus,Animalia,,
Beroe abyssicola,332,class,fathomnet+worms,Beroe abyssicola,265150,Species,Animalia,,
Pseudobathylagus milleri,324,class,fathomnet+worms,Pseudobathylagus milleri,282406,Species,Animalia,,
Asteronyx,323,class,fathomnet+worms,Asteronyx,123578,Genus,Animalia,,
Coryphaenoides acrolepis,321,class,fathomnet+worms,Coryphaenoides acrolepis,272313,Species,Animalia,,
Solasteridae,320,class,fathomnet+worms,Solasteridae,123143,Family,Animalia,,
Stylasterias forreri,319,class,fathomnet+worms,Stylasterias forreri,255062,Species,Animalia,,
Chrysogorgia,318,class,fathomnet+worms,Chrysogorgia,125294,Genus,Animalia,,
Myxoderma platyacanthum,318,class,fathomnet+worms,Myxoderma platyacanthum,255084,Species,Animalia,,
Pennatula,318,class,fathomnet+worms,Pennatula,128495,Genus,Animalia,,
Parazoanthidae,312,class,fathomnet+worms,Parazoanthidae,100689,Family,Animalia,,
barnacle,296,class,fathomnet+worms,Semibalanus balanoides,106210,Species,Animalia,,
Bathyraja kincaidii,295,class,fathomnet+worms,Bathyraja kincaidii,298828,Species,Animalia,,
Latrunculia (Latrunculia) austini,295,class,fathomnet+worms,Latrunculia (Latrunculia) austini,880527,Species,Animalia,,
Moloha faxoni,294,class,fathomnet+worms,Moloha faxoni,440204,Species,Animalia,,
Thenea muricata,294,class,fathomnet+worms,Thenea muricata,134106,Species,Animalia,,
hermit crab,293,class,fathomnet+worms,Calcinus tubularis,107194,Species,Animalia,,
Plexauridae,288,class,fathomnet+worms,Plexauridae,125277,Family,Animalia,,
Pennatuloidea,282,class,fathomnet+worms,Pennatuloidea,1609360,Superfamily,Animalia,,
Euryalidae,280,class,fathomnet+worms,Euryalidae,196223,Family,Animalia,,
Neptunea,279,class,fathomnet+worms,Neptunea,137710,Genus,Animalia,,
Vesicomya,277,class,fathomnet+worms,Vesicomya,138657,Genus,Animalia,,
Erenna sirena,275,class,fathomnet+worms,Erenna sirena,889340,Species,Animalia,,
Chrysogorgiidae,274,class,fathomnet+worms,Chrysogorgiidae,125273,Family,Animalia,,
Clavularia,268,class,fathomnet+worms,Clavularia,125286,Genus,Animalia,,
Asbestopluma rickettsi,259,class,fathomnet+worms,Asbestopluma (Asbestopluma) rickettsi,759939,Species,Animalia,,
Bathocyroe fosteri,258,class,fathomnet+worms,Bathocyroe fosteri,265828,Species,Animalia,,
Pectinidae,258,class,fathomnet+worms,Pectinidae,213,Family,Animalia,,
Paragorgiidae,251,class,fathomnet+worms,Coralliidae,125280,Family,Animalia,,
Beroe forskalii,249,class,fathomnet+worms,Beroe forskalii,106360,Species,Animalia,,
Tomopteris nisseni,249,class,fathomnet+worms,Tomopteris nisseni,131562,Species,Animalia,,
Mycteroperca,248,class,fathomnet+worms,Mycteroperca,126069,Genus,Animalia,,
Cystocrepis setigera,247,class,fathomnet+worms,Cystocrepis setigera,513214,Species,Animalia,,
Laqueus californicus,247,class,fathomnet+worms,Laqueus erythraeus,235590,Species,Animalia,,
Euphausiacea,238,class,fathomnet+worms,Euphausiacea,1128,Order,Animalia,,
Actinopteri,237,class,fathomnet+worms,Actinopteri,843664,Superclass,Animalia,,
Crossaster borealis,236,class,fathomnet+worms,Crossaster borealis,292707,Species,Animalia,,
Mola mola,235,class,fathomnet+worms,Mola mola,127405,Species,Animalia,,
Gonatus onyx,234,class,fathomnet+worms,Gonatus onyx,341859,Species,Animalia,,
Peniagone papillata,234,class,fathomnet+worms,Peniagone papillata,183341,Species,Animalia,,
Muusoctopus robustus,230,class,fathomnet+worms,Muusoctopus robustus,527163,Species,Animalia,,
Mycale,230,class,fathomnet+worms,Mycale,131907,Genus,Animalia,,
Poralia,229,class,fathomnet+worms,Poralia,135267,Genus,Animalia,,
Sclerothamnopsis,227,class,fathomnet+worms,Sclerothamnopsis,171809,Genus,Animalia,,
Polychaeta,226,class,fathomnet+worms,Polychaeta,883,Class,Animalia,,
Munida,225,class,fathomnet+worms,Munida,106835,Genus,Animalia,,
Chrysopathes,220,class,fathomnet+worms,Chrysopathes,267316,Genus,Animalia,,
Decapoda,220,class,fathomnet+worms,Decapoda,1130,Order,Animalia,,
Kiyohimea usagi,219,class,fathomnet+worms,Kiyohimea usagi,265954,Species,Animalia,,
Lychnagalma,219,class,fathomnet+worms,Lychnagalma,135390,Genus,Animalia,,
Pannychia,219,class,fathomnet+worms,Pannychia,123525,Genus,Animalia,,
Procymbulia,218,class,fathomnet+worms,Peracle,138327,Genus,Animalia,,
Craseoa lathetica,217,class,fathomnet+worms,Craseoa lathetica,287688,Species,Animalia,,
Hyalonema (Oonema) bianchoratum,216,class,fathomnet+worms,Hyalonema (Oonema) bianchoratum,171508,Species,Animalia,,
Pteraster,216,class,fathomnet+worms,Pteraster,123335,Genus,Animalia,,
Pterasteridae,213,class,fathomnet+worms,Pterasteridae,123142,Family,Animalia,,
Anthozoa,208,class,fathomnet+worms,Anthozoa,1292,Subphylum,Animalia,,
Beroe cucumis,206,class,fathomnet+worms,Beroe cucumis,106358,Species,Animalia,,
Actinostolidae,205,class,fathomnet+worms,Actinostolidae,100655,Family,Animalia,,
Desmophyes haematogaster,203,class,fathomnet+worms,Desmophyes haematogaster,287277,Species,Animalia,,
lobster,203,class,fathomnet+worms,Homarus gammarus,107253,Species,Animalia,,
Bathydorus laevis pseudospinosus,202,class,fathomnet+worms,Bathydorus laevis pseudospinosus,724698,Subspecies,Animalia,,
Lensia conoidea,202,class,fathomnet+worms,Lensia conoidea,135426,Species,Animalia,,
Acanella weberi,201,class,fathomnet+worms,Acanella weberi,286307,Species,Animalia,,
Echinocrepis rostrata,201,class,fathomnet+worms,Echinocrepis rostrata,513000,Species,Animalia,,
Galatheidae,199,class,fathomnet+worms,Galatheidae,106733,Family,Animalia,,
Solmissus incisa,197,class,fathomnet+worms,Solmissus incisa,117504,Species,Animalia,,
Monacanthus tuckeri,196,class,fathomnet+worms,Monacanthus tuckeri,159499,Species,Animalia,,
Paraphyllina,196,class,fathomnet+worms,Paraphyllina,135251,Genus,Animalia,,
Dibranchus hystrix,194,class,fathomnet+worms,Dibranchus hystrix,272608,Species,Animalia,,
Atolla gigantea,193,class,fathomnet+worms,Atolla gigantea,287147,Species,Animalia,,
Bathyraja spinosissima,190,class,fathomnet+worms,Bathyraja spinosissima,271536,Species,Animalia,,
Mediaster,190,class,fathomnet+worms,Mediaster,123298,Genus,Animalia,,
Lepidisis,189,class,fathomnet+worms,Lepidisis,125307,Genus,Animalia,,
Lycodes diapterus,189,class,fathomnet+worms,Lycodes diapterus,254597,Species,Animalia,,
Paraphelliactis pabista,188,class,fathomnet+worms,Paraphelliactis pabista,290677,Species,Animalia,,
Cerianthidae,187,class,fathomnet+worms,Cerianthidae,100684,Family,Animalia,,
Modeeria rotunda,187,class,fathomnet+worms,Modeeria rotunda,117970,Species,Animalia,,
Taonius borealis,187,class,fathomnet+worms,Taonius borealis,410406,Species,Animalia,,
Demospongiae,184,class,fathomnet+worms,Demospongiae,164811,Class,Animalia,,
Appendicularia,182,class,fathomnet+worms,Appendicularia,146421,Class,Animalia,,
Psychrolutes phrictus,182,class,fathomnet+worms,Psychrolutes phrictus,274678,Species,Animalia,,
Ampheraster,181,class,fathomnet+worms,Ampheraster,178776,Genus,Animalia,,
Corallimorpharia,176,class,fathomnet+worms,Corallimorpharia,1362,Order,Animalia,,
Solmaris,176,class,fathomnet+worms,Solmaris,117239,Genus,Animalia,,
Caranx ruber,175,class,fathomnet+worms,Caranx ruber,302432,Species,Animalia,,
Cnemidocarpa,175,class,fathomnet+worms,Cnemidocarpa,103530,Genus,Animalia,,
Graneledone boreopacifica,175,class,fathomnet+worms,Graneledone boreopacifica,342222,Species,Animalia,,
Corbitellinae,174,class,fathomnet+worms,Corbitellinae,171848,Subfamily,Animalia,,
Bathyteuthis berryi,172,class,fathomnet+worms,Bathyteuthis berryi,341789,Species,Animalia,,
Frillagalma vityazi,172,class,fathomnet+worms,Frillagalma vityazi,135488,Species,Animalia,,
Planctoteuthis oligobessa,172,class,fathomnet+worms,Planctoteuthis oligobessa,342250,Species,Animalia,,
Chaetodipterus faber,171,class,fathomnet+worms,Chaetodipterus faber,159703,Species,Animalia,,
Colossendeis,171,class,fathomnet+worms,Colossendeis,134586,Genus,Animalia,,
Lillipathes,171,class,fathomnet+worms,Lillipathes,267553,Genus,Animalia,,
Cladorhizidae,170,class,fathomnet+worms,Cladorhizidae,131644,Family,Animalia,,
Ostichthys trachypoma,168,class,fathomnet+worms,Ostichthys trachypoma,159399,Species,Animalia,,
Bathyraja abyssicola,166,class,fathomnet+worms,Bathyraja abyssicola,271503,Species,Animalia,,
Planctoteuthis danae,166,class,fathomnet+worms,Planctoteuthis danae,342249,Species,Animalia,,
Cystechinus loveni,165,class,fathomnet+worms,Cystechinus loveni,568594,Species,Animalia,,
Lycodes cortezianus,164,class,fathomnet+worms,Lycodes cortezianus,274097,Species,Animalia,,
Animalia,163,class,fathomnet+worms,Animalia,2,Kingdom,Animalia,,
Hydrolagus colliei,161,class,fathomnet+worms,Hydrolagus colliei,271406,Species,Animalia,,
Octopus californicus,161,class,fathomnet+worms,Octopus californicus,341958,Species,Animalia,,
Chrysogorgia geniculata,160,class,fathomnet+worms,Chrysogorgia geniculata,286122,Species,Animalia,,
Elpidiidae,160,class,fathomnet+worms,Elpidiidae,123191,Family,Animalia,,
Sphyraena barracuda,160,class,fathomnet+worms,Sphyraena barracuda,345843,Species,Animalia,,
Tromikosoma panamense,160,class,fathomnet+worms,Tromikosoma panamense,513622,Species,Animalia,,
Callionymidae,158,class,fathomnet+worms,Callionymidae,125522,Family,Animalia,,
Ptychogena lactea,158,class,fathomnet+worms,Ptychogena lactea,117728,Species,Animalia,,
Caranx bartholomaei,156,class,fathomnet+worms,Caranx bartholomaei,302312,Species,Animalia,,
Planctoteuthis,156,class,fathomnet+worms,Planctoteuthis,238752,Genus,Animalia,,
Hexacorallia,154,class,fathomnet+worms,Hexacorallia,1340,Class,Animalia,,
Pleuroncodes planipes,152,class,fathomnet+worms,Grimothea planipes,1607504,Species,Animalia,,
Lutjanus apodus,151,class,fathomnet+worms,Lutjanus apodus,159793,Species,Animalia,,
Mitrocoma,151,class,fathomnet+worms,Mitrocoma,117161,Genus,Animalia,,
Cherublemma emmelas,150,class,fathomnet+worms,Cherublemma emmelas,280144,Species,Animalia,,
Lophaster,149,class,fathomnet+worms,Lophaster,123337,Genus,Animalia,,
jawless fish,148,class,fathomnet+worms,Agnatha,1829,Infraphylum,Animalia,,
Sebastes melanostomus,145,class,fathomnet+worms,Sebastes melanostomus,274819,Species,Animalia,,
Bathypterois pectinatus,139,class,fathomnet+worms,Bathypterois pectinatus,272075,Species,Animalia,,
Apolemia lanosa,136,class,fathomnet+worms,Apolemia lanosa,738387,Species,Animalia,,
Bryozoa,136,class,fathomnet+worms,Bryozoa,146142,Phylum,Animalia,,
Apristurus brunneus,135,class,fathomnet+worms,Apristurus brunneus,158512,Species,Animalia,,
Pandalidae,135,class,fathomnet+worms,Pandalidae,106789,Family,Animalia,,
Polynoidae,135,class,fathomnet+worms,Polynoidae,939,Family,Animalia,,
Akoya platinum,134,class,fathomnet+worms,Akoya platinum,1324693,Species,Animalia,,
Brachiopoda,134,class,fathomnet+worms,Brachiopoda,1803,Phylum,Animalia,,
Chrysaora fuscescens,134,class,fathomnet+worms,Chrysaora fuscescens,287206,Species,Animalia,,
Hirudinea,134,class,fathomnet+worms,Hirudinea,2041,Subclass,Animalia,,
Salpida,134,class,fathomnet+worms,Salpida,137214,Order,Animalia,,
Balistes vetula,133,class,fathomnet+worms,Balistes vetula,127397,Species,Animalia,,
Gymnopraia lapislazula,133,class,fathomnet+worms,Gymnopraia lapislazula,387263,Species,Animalia,,
Bivalvia,131,class,fathomnet+worms,Bivalvia,105,Class,Animalia,,
Icichthys lockingtoni,131,class,fathomnet+worms,Icichthys lockingtoni,279354,Species,Animalia,,
Bathyraja microtrachys,130,class,fathomnet+worms,Bathyraja microtrachys,298829,Species,Animalia,,
Epizoanthus stellaris,130,class,fathomnet+worms,Epizoanthus stellaris,581485,Species,Animalia,,
Tottonophyes enigmatica,130,class,fathomnet+worms,Tottonophyes enigmatica,1250534,Species,Animalia,,
Onykia robusta,129,class,fathomnet+worms,Onykia robusta,410385,Species,Animalia,,
Anoplogaster cornuta,127,class,fathomnet+worms,Anoplogaster cornuta,126393,Species,Animalia,,
Bolocera,125,class,fathomnet+worms,Bolocera,100698,Genus,Animalia,,
Forskalia,125,class,fathomnet+worms,Forskalia,135396,Genus,Animalia,,
Paguroidea,124,class,fathomnet+worms,Paguroidea,106687,Superfamily,Animalia,,
Farrea occa,122,class,fathomnet+worms,Farrea occa,134391,Species,Animalia,,
Macropinna microstoma,122,class,fathomnet+worms,Macropinna microstoma,281482,Species,Animalia,,
chimaera,121,class,worms direct,Chimaera,105733,Genus,Animalia,,
Sibogagorgia cauliflora,120,class,fathomnet+worms,Sibogagorgia cauliflora,517784,Species,Animalia,,
Isopoda,119,class,fathomnet+worms,Isopoda,1131,Order,Animalia,,
Aurelia aurita,117,class,fathomnet+worms,Aurelia aurita,135306,Species,Animalia,,
Colobonema sericeum,117,class,fathomnet+worms,Colobonema sericeum,117854,Species,Animalia,,
Desmophyes annectens,116,class,fathomnet+worms,Desmophyes annectens,135457,Species,Animalia,,
Iosactis vagabunda,116,class,fathomnet+worms,Iosactis vagabunda,100969,Species,Animalia,,
Mitrocoma cellularia,116,class,fathomnet+worms,Mitrocoma cellularia,292350,Species,Animalia,,
Pteropoda,116,class,fathomnet+worms,Pteropoda,325345,Order,Animalia,,
Asthenactis fisheri,115,class,fathomnet+worms,Asthenactis fisheri,292732,Species,Animalia,,
Diplectrum formosum,115,class,fathomnet+worms,Diplectrum formosum,159350,Species,Animalia,,
Hydroidolina,115,class,fathomnet+worms,Hydroidolina,19494,Subclass,Animalia,,
Chromis enchrysurus,114,class,fathomnet+worms,Chromis enchrysurus,304153,Species,Animalia,,
Brisingidae,113,class,fathomnet+worms,Brisingidae,123119,Family,Animalia,,
Coelorinchus scaphopsis,113,class,fathomnet+worms,Coelorinchus scaphopsis,280334,Species,Animalia,,
Bathysaurus mollis,112,class,fathomnet+worms,Bathysaurus mollis,126370,Species,Animalia,,
Phacellophora camtschatica,111,class,fathomnet+worms,Phacellophora camtschatica,135309,Species,Animalia,,
Physiculus rastrelliger,111,class,fathomnet+worms,Physiculus rastrelliger,272510,Species,Animalia,,
Swima,111,class,fathomnet+worms,Swima,413514,Genus,Animalia,,
Eutonina indicans,110,class,fathomnet+worms,Eutonina indicans,117517,Species,Animalia,,
Pagurus tanneri,110,class,fathomnet+worms,Pagurus tanneri,366801,Species,Animalia,,
Periphylla periphylla,110,class,fathomnet+worms,Periphylla periphylla,135294,Species,Animalia,,
Pareques umbrosus,109,class,fathomnet+worms,Pareques umbrosus,282143,Species,Animalia,,
Phialidium,109,class,fathomnet+worms,Clytia,117030,Genus,Animalia,,
Stellamedusa ventana,109,class,fathomnet+worms,Stellamedusa ventana,291114,Species,Animalia,,
Chuniphyes multidentata,107,class,fathomnet+worms,Chuniphyes multidentata,135409,Species,Animalia,,
Corallimorphus,107,class,fathomnet+worms,Corallimorphus,100784,Genus,Animalia,,
Marrus claudanielis,107,class,fathomnet+worms,Marrus claudanielis,287287,Species,Animalia,,
Tiburonia granrojo,107,class,fathomnet+worms,Tiburonia granrojo,291224,Species,Animalia,,
Anthomastinae,105,class,fathomnet+worms,Anthomastinae,1510270,Subfamily,Animalia,,
Halicreas,104,class,fathomnet+worms,Halicreas,117108,Genus,Animalia,,
Ciona intestinalis,103,class,fathomnet+worms,Ciona intestinalis,103732,Species,Animalia,,
Kephyes ovata,103,class,fathomnet+worms,Kephyes ovata,387273,Species,Animalia,,
Enteroctopus dofleini,102,class,fathomnet+worms,Enteroctopus dofleini,342305,Species,Animalia,,
Actinostoloidea,101,class,fathomnet+worms,Actinostoloidea,888374,Superfamily,Animalia,,
Plesionika,101,class,fathomnet+worms,Plesionika,107046,Genus,Animalia,,
Poeobius,101,class,fathomnet+worms,Poeobius,324619,Genus,Animalia,,
Cirripedia,100,class,fathomnet+worms,Cirripedia,1082,Subclass,Animalia,,
Halitrephes maasi,100,class,fathomnet+worms,Halitrephes maasi,117622,Species,Animalia,,
Asteronyx longifissus,99,class,fathomnet+worms,Asteronyx longifissus,243097,Species,Animalia,,
Bathochordaeus charon,99,class,fathomnet+worms,Bathochordaeus charon,103394,Species,Animalia,,
Buccinum,98,class,fathomnet+worms,Buccinum,137701,Genus,Animalia,,
Caulophacus,98,class,fathomnet+worms,Caulophacus,132112,Genus,Animalia,,
Culeolus barryi,98,class,fathomnet+worms,Culeolus barryi,1817568,Species,Animalia,,
Lycenchelys crotalinus,98,class,fathomnet+worms,Lycenchelys crotalinus,254592,Species,Animalia,,
Luidia foliolata,97,class,fathomnet+worms,Luidia foliolata,368114,Species,Animalia,,
Vogtia,96,class,fathomnet+worms,Vogtia,135369,Genus,Animalia,,
Goniasteridae,95,class,fathomnet+worms,Goniasteridae,123135,Family,Animalia,,
Hyperiidae,95,class,fathomnet+worms,Hyperiidae,101417,Family,Animalia,,
Carangidae,90,class,fathomnet+worms,Carangidae,125523,Family,Animalia,,
Cydippida,90,class,fathomnet+worms,Cydippida,1251,Order,Animalia,,
Fungiacyathus (Bathyactis) marenzelleri,90,class,fathomnet+worms,Fungiacyathus (Bathyactis) marenzelleri,135205,Species,Animalia,,
Pantachogon,90,class,fathomnet+worms,Pantachogon,117218,Genus,Animalia,,
Pycnogonida,89,class,fathomnet+worms,Pycnogonida,1302,Class,Animalia,,
Acanthogorgia,88,class,fathomnet+worms,Acanthogorgia,125293,Genus,Animalia,,
Trachipterus altivelis,88,class,fathomnet+worms,Trachipterus altivelis,272531,Species,Animalia,,
Calyptogena magnifica,87,class,fathomnet+worms,Turneroconcha magnifica,1445254,Species,Animalia,,
Tritonia tetraquetra,86,class,fathomnet+worms,Tritonia tetraquetra,851422,Species,Animalia,,
Crossaster,85,class,fathomnet+worms,Crossaster,123336,Genus,Animalia,,
Copepoda,84,class,fathomnet+worms,Copepoda,1080,Class,Animalia,,
Marrus orthocanna,84,class,fathomnet+worms,Marrus orthocanna,135494,Species,Animalia,,
Oneirodes acanthias,83,class,fathomnet+worms,Oneirodes acanthias,272620,Species,Animalia,,
Walteria,83,class,fathomnet+worms,Walteria,171883,Genus,Animalia,,
Bathyphellia australis,82,class,fathomnet+worms,Bathyphellia australis,172963,Species,Animalia,,
Gymnothorax saxicola,82,class,fathomnet+worms,Gymnothorax saxicola,158585,Species,Animalia,,
Metallogorgia melanotrichos,82,class,fathomnet+worms,Metallogorgia melanotrichos,125355,Species,Animalia,,
Mulloidichthys flavolineatus,81,class,fathomnet+worms,Mulloidichthys flavolineatus,218647,Species,Animalia,,
Ascidiacea,80,class,fathomnet+worms,Ascidiacea,1839,Class,Animalia,,
Dendrophylliidae,80,class,fathomnet+worms,Dendrophylliidae,135074,Family,Animalia,,
Galiteuthis pacifica,80,class,fathomnet+worms,Galiteuthis pacifica,341806,Species,Animalia,,
Mobula alfredi,80,class,fathomnet+worms,Mobula alfredi,1042871,Species,Animalia,,
Stygiomedusa gigantea,80,class,fathomnet+worms,Stygiomedusa gigantea,135311,Species,Animalia,,
Synodontidae,80,class,fathomnet+worms,Synodontidae,125449,Family,Animalia,,
Chromis insolata,79,class,fathomnet+worms,Chromis insolata,273731,Species,Animalia,,
Glyphocrangon vicaria,79,class,fathomnet+worms,Glyphocrangon vicaria,515722,Species,Animalia,,
Acanthurus leucopareius,78,class,fathomnet+worms,Acanthurus leucopareius,219624,Species,Animalia,,
Callistephanus simplex,78,class,fathomnet+worms,Callistephanus simplex,1608733,Species,Animalia,,
Chaunacops coloratus,78,class,fathomnet+worms,Chaunacops coloratus,280133,Species,Animalia,,
Fariometra parvula,78,class,fathomnet+worms,Fariometra parvula,713915,Species,Animalia,,
Neolithodes diomedeae,78,class,fathomnet+worms,Neolithodes diomedeae,378126,Species,Animalia,,
Physophora hydrostatica,78,class,fathomnet+worms,Physophora hydrostatica,135504,Species,Animalia,,
Synallactes,78,class,fathomnet+worms,Synallactes,123471,Genus,Animalia,,
Acanthephyra,76,class,fathomnet+worms,Acanthephyra,107018,Genus,Animalia,,
Osedax frankpressi,76,class,fathomnet+worms,Osedax frankpressi,265979,Species,Animalia,,
Paradiopatra,76,class,fathomnet+worms,Paradiopatra,129405,Genus,Animalia,,
Callistephanus kofoidi,75,class,fathomnet+worms,Callistephanus kofoidi,1608731,Species,Animalia,,
Corolla,75,class,fathomnet+worms,Corolla,137873,Genus,Animalia,,
Pedicellasteridae,75,class,fathomnet+worms,Pedicellasteridae,123124,Family,Animalia,,
Ophidiidae,74,class,fathomnet+worms,Ophidiidae,125505,Family,Animalia,,
Rosacea,74,class,fathomnet+worms,Rosacea,135379,Genus,Animalia,,
Bolocera kensmithi,73,class,fathomnet+worms,Bolocera kensmithi,854442,Species,Animalia,,
Erenna,73,class,fathomnet+worms,Erenna,135387,Genus,Animalia,,
Gonatus,73,class,fathomnet+worms,Gonatus,138036,Genus,Animalia,,
Acanthamunnopsis milleri,72,class,fathomnet+worms,Acanthamunnopsis milleri,258647,Species,Animalia,,
Dermatolepis inermis,71,class,fathomnet+worms,Dermatolepis inermis,276920,Species,Animalia,,
Sphaeronectes haddocki,71,class,fathomnet+worms,Sphaeronectes haddocki,430687,Species,Animalia,,
Brachyura,70,class,fathomnet+worms,Brachyura,106673,Infraorder,Animalia,,
Gonatopsis octopedatus,70,class,fathomnet+worms,Gonatopsis octopedatus,342329,Species,Animalia,,
Haliscera bigelowi,70,class,fathomnet+worms,Haliscera bigelowi,117619,Species,Animalia,,
Hyalonema,70,class,fathomnet+worms,Hyalonema,132096,Genus,Animalia,,
Riftia pachyptila,70,class,fathomnet+worms,Riftia pachyptila,266010,Species,Animalia,,
Leachia danae,69,class,fathomnet+worms,Leachia danae,559389,Species,Animalia,,
Bathypathes,68,class,fathomnet+worms,Bathypathes,103304,Genus,Animalia,,
Munidopsis kensmithi,68,class,fathomnet+worms,Munidopsis kensmithi,392544,Species,Animalia,,
Poliopogon,68,class,fathomnet+worms,Poliopogon,171579,Genus,Animalia,,
Rossellidae,68,class,fathomnet+worms,Rossellidae,131694,Family,Animalia,,
Antedonidae,67,class,fathomnet+worms,Antedonidae,123148,Family,Animalia,,
Microstomus bathybius,67,class,fathomnet+worms,Microstomus bathybius,305684,Species,Animalia,,
Xanthichthys ringens,67,class,fathomnet+worms,Xanthichthys ringens,159486,Species,Animalia,,
Zoarcidae,67,class,fathomnet+worms,Zoarcidae,125575,Family,Animalia,,
Helicocranchia,66,class,fathomnet+worms,Helicocranchia,137849,Genus,Animalia,,
Hippasteria californica,66,class,fathomnet+worms,Hippasteria californica,254890,Species,Animalia,,
Melanocetus,66,class,fathomnet+worms,Melanocetus,125803,Genus,Animalia,,
Vanhoeffenura pulchra,66,class,fathomnet+worms,Vanhoeffenura pulchra,263978,Species,Animalia,,
chiton,65,class,worms direct,Chiton,137779,Genus,Animalia,,
Corolla spectabilis,65,class,fathomnet+worms,Corolla spectabilis,139492,Species,Animalia,,
Thliptodon,65,class,fathomnet+worms,Thliptodon,137797,Genus,Animalia,,
Octopodidae,64,class,fathomnet+worms,Octopodidae,11782,Family,Animalia,,
Faxiella abietina,63,class,fathomnet+worms,Faxiella abietina,1589884,Species,Animalia,,
Smithsonius dorothea,63,class,fathomnet+worms,Smithsonius dorothea,466942,Species,Animalia,,
Hyalonema (Corynonema) populiferum,62,class,fathomnet+worms,Hyalonema (Corynonema) populiferum,171425,Species,Animalia,,
Lithodes couesi,62,class,fathomnet+worms,Lithodes couesi,550625,Species,Animalia,,
Porites,62,class,fathomnet+worms,Porites,206485,Genus,Animalia,,
Axoniderma kensmithi,61,class,fathomnet+worms,Axoniderma kensmithi,1466530,Species,Animalia,,
Crossota millsae,61,class,fathomnet+worms,Crossota millsae,285347,Species,Animalia,,
Glyptocephalus zachirus,61,class,fathomnet+worms,Glyptocephalus zachirus,274287,Species,Animalia,,
Sebastes aurora,61,class,fathomnet+worms,Sebastes aurora,274774,Species,Animalia,,
Abraliopsis,60,class,fathomnet+worms,Abraliopsis,137931,Genus,Animalia,,
Boreomysis,60,class,fathomnet+worms,Boreomysis,119842,Genus,Animalia,,
Clausophyes,60,class,fathomnet+worms,Clausophyes,135357,Genus,Animalia,,
Corallium,59,class,fathomnet+worms,Corallium,125325,Genus,Animalia,,
Paelopatides,59,class,fathomnet+worms,Paelopatides,123466,Genus,Animalia,,
Staurocalyptus solidus,59,class,fathomnet+worms,Acanthascus (Staurocalyptus) solidus,172005,Species,Animalia,,
Acesta,58,class,fathomnet+worms,Acesta,138124,Genus,Animalia,,
Colossendeidae,58,class,fathomnet+worms,Colossendeidae,22617,Family,Animalia,,
Lycodapus fierasfer,58,class,fathomnet+worms,Lycodapus fierasfer,279389,Species,Animalia,,
Alcyonacea,57,class,fathomnet+worms,Octocorallia,1341,Order,Animalia,,
Clione limacina,57,class,fathomnet+worms,Clione limacina,139178,Species,Animalia,,
Liparidae,57,class,fathomnet+worms,Liparidae,234519,Family,Animalia,,
Scopelarchus,57,class,fathomnet+worms,Scopelarchus,125683,Genus,Animalia,,
Harriotta raleighana,56,class,fathomnet+worms,Harriotta raleighana,105829,Species,Animalia,,
Solaster hypothrissus,56,class,fathomnet+worms,Solaster hypothrissus,292723,Species,Animalia,,
Beroe gracilis,55,class,fathomnet+worms,Beroe gracilis,106361,Species,Animalia,,
Eualus macrophthalmus,55,class,fathomnet+worms,Eualus macrophthalmus,515232,Species,Animalia,,
Hypoplectrus,55,class,fathomnet+worms,Hypoplectrus,269456,Genus,Animalia,,
Sebastes jordani,55,class,fathomnet+worms,Sebastes jordani,274806,Species,Animalia,,
Anotopterus nikparini,54,class,fathomnet+worms,Anotopterus nikparini,272040,Species,Animalia,,
Bathybembix,54,class,fathomnet+worms,Bathybembix,196986,Genus,Animalia,,
Decapterus,54,class,fathomnet+worms,Decapterus,125937,Genus,Animalia,,
Gorgonocephalus eucnemis,54,class,fathomnet+worms,Gorgonocephalus eucnemis,124969,Species,Animalia,,
Liponema,54,class,fathomnet+worms,Liponema,100769,Genus,Animalia,,
Paralomis verrilli,54,class,fathomnet+worms,Paralomis verrilli,378132,Species,Animalia,,
Buccinidae,53,class,fathomnet+worms,Buccinidae,149,Family,Animalia,,
Buccinoidea,53,class,fathomnet+worms,Buccinoidea,382214,Superfamily,Animalia,,
Calamus,53,class,fathomnet+worms,Calamus,159240,Genus,Animalia,,
cuttlefish,53,class,fathomnet+worms,Sepia officinalis,141444,Species,Animalia,,
Parmaturus xaniurus,53,class,fathomnet+worms,Parmaturus xaniurus,282166,Species,Animalia,,
Umbellula lindahli,53,class,fathomnet+worms,Umbellula lindahli,128531,Species,Animalia,,
Crustacea,52,class,fathomnet+worms,Crustacea,1066,Subphylum,Animalia,,
Sebastolobus alascanus,52,class,fathomnet+worms,Sebastolobus alascanus,282740,Species,Animalia,,
Tjalfiella,52,class,fathomnet+worms,Tjalfiella,265037,Genus,Animalia,,
Caprellidae,51,class,fathomnet+worms,Caprellidae,101361,Family,Animalia,,
Heteropolypus,51,class,fathomnet+worms,Heteropolypus,345446,Genus,Animalia,,
Munidopsidae,51,class,fathomnet+worms,Munidopsidae,562642,Family,Animalia,,
Nanomia,51,class,fathomnet+worms,Nanomia,135392,Genus,Animalia,,
Sclerothamnus,51,class,fathomnet+worms,Sclerothamnus,171812,Genus,Animalia,,
Notobranchaea macdonaldi,50,class,fathomnet+worms,Notobranchaea macdonaldi,140573,Species,Animalia,,
Ophiocreas oedipus,50,class,fathomnet+worms,Ophiocreas oedipus,124956,Species,Animalia,,
Paragorgia yutlinux,50,class,fathomnet+worms,Paragorgia yutlinux,286612,Species,Animalia,,
Psolidae,50,class,fathomnet+worms,Psolidae,123189,Family,Animalia,,
Sabellida,50,class,fathomnet+worms,Sabellida,901,Order,Animalia,,
Calyptogena extenta,49,class,fathomnet+worms,Archivesica extenta,1823003,Species,Animalia,,
Chuniphyes moserae,49,class,fathomnet+worms,Chuniphyes moserae,135408,Species,Animalia,,
Clio andreae,49,class,fathomnet+worms,Clio andreae,224426,Species,Animalia,,
Clio polita,49,class,fathomnet+worms,Clio polita,420556,Species,Animalia,,
Kali kerberti,49,class,fathomnet+worms,Kali kerberti,302801,Species,Animalia,,
Myxoderma,49,class,fathomnet+worms,Myxoderma,254772,Genus,Animalia,,
Sebastes babcocki,49,class,fathomnet+worms,Sebastes babcocki,274775,Species,Animalia,,
Calliostoma,48,class,fathomnet+worms,Calliostoma,138584,Genus,Animalia,,
Calyptrophora angularis,48,class,fathomnet+worms,Calyptrophora angularis,287649,Species,Animalia,,
Ctenophora,48,class,fathomnet+worms,Ctenophora,1248,Phylum,Animalia,,
Regadrella,48,class,fathomnet+worms,Regadrella,132117,Genus,Animalia,,
Sebastes elongatus,48,class,fathomnet+worms,Sebastes elongatus,274788,Species,Animalia,,
Aglantha digitale,47,class,fathomnet+worms,Aglantha digitale,117849,Species,Animalia,,
Candidella gigantea,47,class,fathomnet+worms,Paracandidella gigantea,1875386,Species,Animalia,,
Deepstaria enigmatica,47,class,fathomnet+worms,Deepstaria enigmatica,135307,Species,Animalia,,
Haliscera conica,47,class,fathomnet+worms,Haliscera conica,117620,Species,Animalia,,
Bathypterois,46,class,fathomnet+worms,Bathypterois,125669,Genus,Animalia,,
Laetmogonidae,46,class,fathomnet+worms,Laetmogonidae,123192,Family,Animalia,,
Clausophyes moserae,45,class,fathomnet+worms,Clausophyes moserae,135412,Species,Animalia,,
Echinoidea,45,class,fathomnet+worms,Echinoidea,123082,Class,Animalia,,
Stomphia,45,class,fathomnet+worms,Stomphia,100716,Genus,Animalia,,
Tetronarce californica,45,class,fathomnet+worms,Tetronarce californica,845703,Species,Animalia,,
Zoroasteridae,45,class,fathomnet+worms,Zoroasteridae,123125,Family,Animalia,,
Benthothuria,44,class,fathomnet+worms,Benthothuria,123461,Genus,Animalia,,
Clio pyramidata,44,class,fathomnet+worms,Clio pyramidata,139033,Species,Animalia,,
Deepstaria reticulum,44,class,fathomnet+worms,Deepstaria reticulum,287215,Species,Animalia,,
Desmodema lorum,44,class,fathomnet+worms,Desmodema lorum,275872,Species,Animalia,,
Rathbunaster,44,class,fathomnet+worms,Rathbunaster,254843,Genus,Animalia,,
Solaster,44,class,fathomnet+worms,Solaster,123338,Genus,Animalia,,
Hydrolagus melanophasma,43,class,fathomnet+worms,Hydrolagus melanophasma,474893,Species,Animalia,,
Iridogorgia magnispiralis,43,class,fathomnet+worms,Iridogorgia magnispiralis,286154,Species,Animalia,,
Pocilloporidae,43,class,fathomnet+worms,Pocilloporidae,135079,Family,Animalia,,
Antedonoidea,42,class,fathomnet+worms,Antedonoidea,709095,Superfamily,Animalia,,
Atolla parva,42,class,fathomnet+worms,Atolla parva,135280,Species,Animalia,,
Careproctus melanurus,42,class,fathomnet+worms,Careproctus melanurus,254549,Species,Animalia,,
Halipteris californica,42,class,fathomnet+worms,Balticina californica,1392940,Species,Animalia,,
Munidopsis depressa,42,class,fathomnet+worms,Munidopsis depressa,392515,Species,Animalia,,
Spectrunculus grandis,42,class,fathomnet+worms,Spectrunculus grandis,126678,Species,Animalia,,
Stichopathes spiessi,42,class,fathomnet+worms,Aphanostichopathes spiessi,1516570,Species,Animalia,,
Swima fulgida,42,class,fathomnet+worms,Swima fulgida,587954,Species,Animalia,,
Albula vulpes,41,class,fathomnet+worms,Albula vulpes,212256,Species,Animalia,,
Crossota alba,41,class,fathomnet+worms,Crossota alba,221237,Species,Animalia,,
Myctophidae,41,class,fathomnet+worms,Myctophidae,125498,Family,Animalia,,
Bathyagonus nigripinnis,40,class,fathomnet+worms,Bathyagonus nigripinnis,254505,Species,Animalia,,
Desmophyes,40,class,fathomnet+worms,Desmophyes,135371,Genus,Animalia,,
Gorgonocephalus,40,class,fathomnet+worms,Gorgonocephalus,123586,Genus,Animalia,,
Pleurobranchaea californica,40,class,fathomnet+worms,Pleurobranchaea californica,367819,Species,Animalia,,
Sebastes cortezi,40,class,fathomnet+worms,Sebastes cortezi,274784,Species,Animalia,,
Systellaspis,40,class,fathomnet+worms,Systellaspis,107027,Genus,Animalia,,
Bathycongrus macrurus,39,class,fathomnet+worms,Bathycongrus macrurus,276870,Species,Animalia,,
Benthopecten,39,class,fathomnet+worms,Benthopecten,123239,Genus,Animalia,,
Grimalditeuthis,39,class,fathomnet+worms,Grimalditeuthis,238741,Genus,Animalia,,
Stigmatoteuthis dofleini,39,class,fathomnet+worms,Stigmatoteuthis dofleini,410402,Species,Animalia,,
Trissopathes,39,class,fathomnet+worms,Trissopathes,267926,Genus,Animalia,,
Apogon pacificus,38,class,fathomnet+worms,Apogon pacificus,273065,Species,Animalia,,
Culeolus,38,class,fathomnet+worms,Culeolus,103517,Genus,Animalia,,
Eopsetta jordani,38,class,fathomnet+worms,Eopsetta jordani,280690,Species,Animalia,,
Hymenodora,38,class,fathomnet+worms,Hymenodora,107021,Genus,Animalia,,
Malacalcyonacea,38,class,fathomnet+worms,Malacalcyonacea,1609357,Order,Animalia,,
Provannidae,38,class,fathomnet+worms,Provannidae,382206,Family,Animalia,,
Sebastes ruberrimus,38,class,fathomnet+worms,Sebastes ruberrimus,274844,Species,Animalia,,
Strongylocentrotus,38,class,fathomnet+worms,Strongylocentrotus,123390,Genus,Animalia,,
Bathyraja,37,class,fathomnet+worms,Bathyraja,105761,Genus,Animalia,,
Clavulariidae,37,class,fathomnet+worms,Clavulariidae,125270,Family,Animalia,,
Dipsacaster eximius,37,class,fathomnet+worms,Dipsacaster eximius,380338,Species,Animalia,,
Lamellibrachia,37,class,fathomnet+worms,Lamellibrachia,129107,Genus,Animalia,,
Munida bapensis,37,class,fathomnet+worms,Antillimunida bapensis,1605693,Species,Animalia,,
Sebastes saxicola,37,class,fathomnet+worms,Sebastes saxicola,274848,Species,Animalia,,
Sicyonis careyi,37,class,fathomnet+worms,Sicyonis careyi,854424,Species,Animalia,,
Tergivelum baldwinae,37,class,fathomnet+worms,Tergivelum baldwinae,517255,Species,Animalia,,
Branchiocerianthus imperator,36,class,fathomnet+worms,Branchiocerianthus imperator,284470,Species,Animalia,,
Careproctus kamikawai,36,class,fathomnet+worms,Careproctus kamikawai,834998,Species,Animalia,,
Hormiphora californensis,36,class,fathomnet+worms,Hormiphora californensis,559444,Species,Animalia,,
Nettastoma parviceps,36,class,fathomnet+worms,Nettastoma parviceps,217557,Species,Animalia,,
Paxillosida,36,class,fathomnet+worms,Paxillosida,123088,Order,Animalia,,
Zebrasoma flavescens,36,class,fathomnet+worms,Zebrasoma flavescens,219683,Species,Animalia,,
Bathyteuthis,35,class,fathomnet+worms,Bathyteuthis,137694,Genus,Animalia,,
Bolosoma,35,class,fathomnet+worms,Bolosoma,171837,Genus,Animalia,,
Bothrocara brunneum,35,class,fathomnet+worms,Bothrocara brunneum,279397,Species,Animalia,,
Carcharhinus plumbeus,35,class,fathomnet+worms,Carcharhinus plumbeus,105797,Species,Animalia,,
Holacanthus,35,class,fathomnet+worms,Holacanthus,159282,Genus,Animalia,,
Ostiactis pearseae,35,class,fathomnet+worms,Ostiactis pearseae,1039825,Species,Animalia,,
Phronima sedentaria,35,class,fathomnet+worms,Phronima sedentaria,103272,Species,Animalia,,
Sicyonis,35,class,fathomnet+worms,Sicyonis,100715,Genus,Animalia,,
Stomphia didemon,35,class,fathomnet+worms,Stomphia didemon,283473,Species,Animalia,,
Actinoscyphia,34,class,fathomnet+worms,Actinoscyphia,100707,Genus,Animalia,,
Aporocidaris milleri,34,class,fathomnet+worms,Aporocidaris milleri,160784,Species,Animalia,,
Chaenophryne,34,class,fathomnet+worms,Chaenophryne,125805,Genus,Animalia,,
Craseoa,34,class,fathomnet+worms,Craseoa,196675,Genus,Animalia,,
Doryteuthis opalescens,34,class,fathomnet+worms,Doryteuthis opalescens,574540,Species,Animalia,,
Hippasteria muscipula,34,class,fathomnet+worms,Hippasteria muscipula,762387,Species,Animalia,,
Hydrozoa,34,class,fathomnet+worms,Hydrozoa,1337,Class,Animalia,,
Mysidacea,34,class,fathomnet+worms,Mysida,149668,Order,Animalia,,
Zalophus californianus,34,class,fathomnet+worms,Zalophus californianus,255003,Species,Animalia,,
Actiniidae,33,class,fathomnet+worms,Actiniidae,100653,Family,Animalia,,
Caenogastropoda,33,class,fathomnet+worms,Caenogastropoda,224570,Subclass,Animalia,,
Chorilia,33,class,fathomnet+worms,Chorilia,439300,Genus,Animalia,,
Erenna insidiator,33,class,fathomnet+worms,Erenna insidiator,889341,Species,Animalia,,
Gonatopsis borealis,33,class,fathomnet+worms,Gonatopsis borealis,342326,Species,Animalia,,
Iridogorgia bella,33,class,fathomnet+worms,Iridogorgia bella,286152,Species,Animalia,,
Lophiodes caulinaris,33,class,fathomnet+worms,Lophiodes caulinaris,278525,Species,Animalia,,
Ptychogena hyperborea,33,class,fathomnet+worms,Ptychogena hyperborea,221212,Species,Animalia,,
Rhodaliidae,33,class,fathomnet+worms,Rhodaliidae,135350,Family,Animalia,,
Salpa maxima,33,class,fathomnet+worms,Salpa maxima,137273,Species,Animalia,,
Sibogagorgia,33,class,fathomnet+worms,Sibogagorgia,267835,Genus,Animalia,,
Sipuncula,33,class,fathomnet+worms,Sipuncula,1268,Order,Animalia,,
Tjalfiellidae,33,class,fathomnet+worms,Tjalfiellidae,264871,Family,Animalia,,
Arctomelon stearnsii,32,class,fathomnet+worms,Arctomelon stearnsii,384681,Species,Animalia,,
Bolinopsis infundibulum,32,class,fathomnet+worms,Bolinopsis infundibulum,106393,Species,Animalia,,
Cnidaria,32,class,fathomnet+worms,Cnidaria,1267,Phylum,Animalia,,
Cranchia scabra,32,class,fathomnet+worms,Cranchia scabra,181386,Species,Animalia,,
Eptatretus stoutii,32,class,fathomnet+worms,Eptatretus stoutii,279298,Species,Animalia,,
Farreidae,32,class,fathomnet+worms,Farreidae,131689,Family,Animalia,,
Lophiodes miacanthus,32,class,fathomnet+worms,Lophiodes miacanthus,278530,Species,Animalia,,
Lutjanus guttatus,32,class,fathomnet+worms,Lutjanus guttatus,276539,Species,Animalia,,
Lycodes,32,class,fathomnet+worms,Lycodes,126104,Genus,Animalia,,
Narcomedusae,32,class,fathomnet+worms,Narcomedusae,16349,Order,Animalia,,
Rajiformes,32,class,fathomnet+worms,Rajiformes,10216,Order,Animalia,,
Siboglinidae,32,class,fathomnet+worms,Siboglinidae,129096,Family,Animalia,,
Sphaeronectes christiansonae,32,class,fathomnet+worms,Sphaeronectes christiansonae,430686,Species,Animalia,,
Agalma,31,class,fathomnet+worms,Agalma,135385,Genus,Animalia,,
Anthomastus,31,class,fathomnet+worms,Anthomastus,125285,Genus,Animalia,,
Docosaccus maculatus,31,class,fathomnet+worms,Docosaccus maculatus,730564,Species,Animalia,,
Fissurellidae,31,class,fathomnet+worms,Fissurellidae,111,Family,Animalia,,
Gonatopsis,31,class,fathomnet+worms,Gonatopsis,341428,Genus,Animalia,,
Gonatus berryi,31,class,fathomnet+worms,Gonatus berryi,341855,Species,Animalia,,
Hippasteria lepidonotus,31,class,fathomnet+worms,Hippasteria lepidonotus,762391,Species,Animalia,,
Neoloricata,31,class,fathomnet+worms,Neoloricata,57,Subclass,Animalia,,
Ophiodon elongatus,31,class,fathomnet+worms,Ophiodon elongatus,240745,Species,Animalia,,
Pleurogorgia militaris,31,class,fathomnet+worms,Ramuligorgia militaris,1496012,Species,Animalia,,
Salpidae,31,class,fathomnet+worms,Salpidae,137217,Family,Animalia,,
Thalassocalyce inconstans,31,class,fathomnet+worms,Thalassocalyce inconstans,265827,Species,Animalia,,
Anemone,30,class,fathomnet+worms,Anemonia,100695,Genus,Animalia,,
Echinothuriidae,30,class,fathomnet+worms,Echinothuriidae,160734,Family,Animalia,,
Gigantactis gargantua,30,class,fathomnet+worms,Gigantactis gargantua,272560,Species,Animalia,,
Hydractiniidae,30,class,fathomnet+worms,Hydractiniidae,1601,Family,Animalia,,
Hymenodora frontalis,30,class,fathomnet+worms,Hymenodora frontalis,514273,Species,Animalia,,
Sabellida?,30,class,fathomnet+worms,Sabellida,901,Order,Animalia,,
Salpa fusiformis,30,class,fathomnet+worms,Salpa fusiformis,137272,Species,Animalia,,
Sebastes chlorostictus,30,class,fathomnet+worms,Sebastes chlorostictus,274781,Species,Animalia,,
Stichopathes,30,class,fathomnet+worms,Stichopathes,103308,Genus,Animalia,,
Acesta sphoni,29,class,fathomnet+worms,Acesta sphoni,505422,Species,Animalia,,
Aegina rosea,29,class,fathomnet+worms,Aegina rosea,117264,Species,Animalia,,
Anthoptilum grandiflorum,29,class,fathomnet+worms,Anthoptilum grandiflorum,128504,Species,Animalia,,
Apostichopus,29,class,fathomnet+worms,Apostichopus,241373,Genus,Animalia,,
Cerataspis monstrosus,29,class,fathomnet+worms,Cerataspis monstrosus,589796,Species,Animalia,,
Corallimorphidae,29,class,fathomnet+worms,Corallimorphidae,100685,Family,Animalia,,
Coryphaenoides cinereus,29,class,fathomnet+worms,Coryphaenoides cinereus,272326,Species,Animalia,,
Dibranchus spinosus,29,class,fathomnet+worms,Dibranchus spinosus,272613,Species,Animalia,,
Diomedea,29,class,fathomnet+worms,Diomedea,205273,Genus,Animalia,,
Iridogorgia,29,class,fathomnet+worms,Iridogorgia,125295,Genus,Animalia,,
Scalpellidae,29,class,fathomnet+worms,Scalpellidae,106055,Family,Animalia,,
Walteria flemmingi,29,class,fathomnet+worms,Walteria flemmingii,171884,Species,Animalia,,
Bathydorus laniger,28,class,fathomnet+worms,Bathydorus laniger,730558,Species,Animalia,,
Cataetyx,28,class,fathomnet+worms,Cataetyx,125849,Genus,Animalia,,
Crossaster papposus,28,class,fathomnet+worms,Crossaster papposus,124154,Species,Animalia,,
Dofleinia,28,class,fathomnet+worms,Dofleinia,267397,Genus,Animalia,,
Eualus suckleyi,28,class,fathomnet+worms,Eualus suckleyi,423366,Species,Animalia,,
Lilyopsis,28,class,fathomnet+worms,Lilyopsis,135372,Genus,Animalia,,
Lobata,28,class,fathomnet+worms,Lobata,1258,Order,Animalia,,
Notobranchaea grandis,28,class,fathomnet+worms,Notobranchaea grandis,719527,Species,Animalia,,
Pachycara bulbiceps,28,class,fathomnet+worms,Pachycara bulbiceps,127121,Species,Animalia,,
Stelodoryx,28,class,fathomnet+worms,Stelodoryx,169507,Genus,Animalia,,
Bolosominae,27,class,fathomnet+worms,Bolosominae,171836,Subfamily,Animalia,,
Cephalurus cephalus,27,class,fathomnet+worms,Cephalurus cephalus,280077,Species,Animalia,,
Coryphaenoides armatus,27,class,fathomnet+worms,Coryphaenoides armatus,158952,Species,Animalia,,
Eretmichthys pinnatus,27,class,fathomnet+worms,Eretmichthys pinnatus,280696,Species,Animalia,,
Euphausia,27,class,fathomnet+worms,Euphausia,110673,Genus,Animalia,,
Hertwigia,27,class,fathomnet+worms,Hertwigia,132115,Genus,Animalia,,
Lysianassidae,27,class,fathomnet+worms,Lysianassidae,101395,Family,Animalia,,
Physophora gilmeri,27,class,fathomnet+worms,Physophora gilmeri,196538,Species,Animalia,,
Poraniopsis inflata,27,class,fathomnet+worms,Poraniopsis inflata,381961,Species,Animalia,,
Xeneretmus latifrons,27,class,fathomnet+worms,Xeneretmus latifrons,283171,Species,Animalia,,
Echiura,26,class,fathomnet+worms,Echiura,1269,Subclass,Animalia,,
Eutonina,26,class,fathomnet+worms,Eutonina,117083,Genus,Animalia,,
Gonioplectrus hispanus,26,class,fathomnet+worms,Gonioplectrus hispanus,280924,Species,Animalia,,
Magnapinna pacifica,26,class,fathomnet+worms,Magnapinna pacifica,342364,Species,Animalia,,
Malacostraca,26,class,fathomnet+worms,Malacostraca,1071,Class,Animalia,,
Osedax,26,class,fathomnet+worms,Osedax,265008,Genus,Animalia,,
Pontinus furcirhinus,26,class,fathomnet+worms,Pontinus furcirhinus,274685,Species,Animalia,,
Pythonaster,26,class,fathomnet+worms,Pythonaster,123330,Genus,Animalia,,
Scomberomorus,26,class,fathomnet+worms,Scomberomorus,126064,Genus,Animalia,,
Sternostylus perarmatus,26,class,fathomnet+worms,Sternostylus perarmatus,1310482,Species,Animalia,,
Apolemia rubriversa,25,class,fathomnet+worms,Apolemia rubriversa,738388,Species,Animalia,,
Asteronyx loveni,25,class,fathomnet+worms,Asteronyx loveni,124951,Species,Animalia,,
Hyocrinidae,25,class,fathomnet+worms,Hyocrinidae,123155,Family,Animalia,,
Ptychogena,25,class,fathomnet+worms,Ptychogena,117143,Genus,Animalia,,
Sergestidae,25,class,fathomnet+worms,Sergestidae,106731,Family,Animalia,,
Alternatipathes,24,class,fathomnet+worms,Alternatipathes,994317,Genus,Animalia,,
Enteropneusta,24,class,fathomnet+worms,Enteropneusta,1820,Class,Animalia,,
Forskalia formosa,24,class,fathomnet+worms,Forskalia formosa,135502,Species,Animalia,,
Lensia multicristata,24,class,fathomnet+worms,Lensia multicristata,135436,Species,Animalia,,
Lyopsetta exilis,24,class,fathomnet+worms,Lyopsetta exilis,281452,Species,Animalia,,
Melicertum octocostatum,24,class,fathomnet+worms,Melicertum octocostatum,117743,Species,Animalia,,
Stolonifera,24,class,fathomnet+worms,Stolonifera,153683,Suborder,Animalia,,
Umbellapathes,24,class,fathomnet+worms,Umbellapathes,267936,Genus,Animalia,,
Victorgorgia alba,24,class,fathomnet+worms,Victorgorgia alba,1045634,Species,Animalia,,
Anthomastus tahinodus,23,class,fathomnet+worms,Neoanthomastus tahinodus,1845639,Species,Animalia,,
Chonelasma,23,class,fathomnet+worms,Chonelasma,132102,Genus,Animalia,,
Distichoptilum,23,class,fathomnet+worms,Distichoptilum,128497,Genus,Animalia,,
Hyalocylis striata,23,class,fathomnet+worms,Hyalocylis striata,139047,Species,Animalia,,
Ischnomesidae,23,class,fathomnet+worms,Ischnomesidae,118256,Family,Animalia,,
Laqueus,23,class,fathomnet+worms,Laqueus,235265,Genus,Animalia,,
Majidae,23,class,fathomnet+worms,Majidae,106760,Family,Animalia,,
Munida quadrispina,23,class,fathomnet+worms,Grimothea quadrispina,1607500,Species,Animalia,,
Mysidae,23,class,fathomnet+worms,Mysidae,119822,Family,Animalia,,
Paraliparis cephalus,23,class,fathomnet+worms,Paraliparis cephalus,274562,Species,Animalia,,
Sebastes rufus,23,class,fathomnet+worms,Sebastes rufus,274847,Species,Animalia,,
vampire squid,23,class,fathomnet+worms,Vampyroteuthis infernalis,141887,Species,Animalia,,
Vogtia serrata,23,class,fathomnet+worms,Vogtia serrata,135452,Species,Animalia,,
Acanthuridae,22,class,fathomnet+worms,Acanthuridae,125515,Family,Animalia,,
Acrocirridae,22,class,fathomnet+worms,Acrocirridae,920,Family,Animalia,,
Annelida,22,class,fathomnet+worms,Annelida,882,Phylum,Animalia,,
Clio,22,class,fathomnet+worms,Clio,137751,Genus,Animalia,,
Corynactis californica,22,class,fathomnet+worms,Corynactis californica,283836,Species,Animalia,,
Enallopsammia rostrata,22,class,fathomnet+worms,Enallopsammia rostrata,135190,Species,Animalia,,
Hansenothuria,22,class,fathomnet+worms,Hansenothuria,528619,Genus,Animalia,,
Oikopleura,22,class,fathomnet+worms,Oikopleura,103367,Genus,Animalia,,
Ophioplinthaca,22,class,fathomnet+worms,Ophioplinthaca,123601,Genus,Animalia,,
Pomacanthus paru,22,class,fathomnet+worms,Pomacanthus paru,276025,Species,Animalia,,
Scorpaenidae,22,class,fathomnet+worms,Scorpaenidae,125595,Family,Animalia,,
Trachymedusae,22,class,fathomnet+worms,Trachymedusae,16350,Order,Animalia,,
Asthenactis,21,class,fathomnet+worms,Asthenactis,291570,Genus,Animalia,,
Bathyalcyon robustum,21,class,fathomnet+worms,Bathyalcyon robustum,724718,Species,Animalia,,
Cetostoma regani,21,class,fathomnet+worms,Cetostoma regani,126406,Species,Animalia,,
Cystechinus giganteus,21,class,fathomnet+worms,Cystechinus giganteus,571625,Species,Animalia,,
Holocentrus,21,class,fathomnet+worms,Holocentrus,159376,Genus,Animalia,,
Lebbeus,21,class,fathomnet+worms,Lebbeus,106989,Genus,Animalia,,
Modeeria,21,class,fathomnet+worms,Modeeria,117248,Genus,Animalia,,
Aldrovandia affinis,20,class,fathomnet+worms,Aldrovandia affinis,126637,Species,Animalia,,
Brisaster,20,class,fathomnet+worms,Brisaster,123427,Genus,Animalia,,
Deepstaria,20,class,fathomnet+worms,Deepstaria,135264,Genus,Animalia,,
Kophobelemnon,20,class,fathomnet+worms,Kophobelemnon,128492,Genus,Animalia,,
Lophaster furcilliger,20,class,fathomnet+worms,Lophaster furcilliger,292719,Species,Animalia,,
Rhopalonematidae,20,class,fathomnet+worms,Rhopalonematidae,16842,Family,Animalia,,
Sagartiogeton californicus,20,class,fathomnet+worms,Sagartiogeton californicus,283780,Species,Animalia,,
Schizopathidae,20,class,fathomnet+worms,Schizopathidae,266964,Family,Animalia,,
Sphaeronectes tiburonae,20,class,fathomnet+worms,Sphaeronectes tiburonae,430688,Species,Animalia,,
Anguilliformes,19,class,fathomnet+worms,Anguilliformes,10295,Order,Animalia,,
Bolocera pannosa,19,class,fathomnet+worms,Bolocera pannosa,283382,Species,Animalia,,
Caenopedina,19,class,fathomnet+worms,Caenopedina,123404,Genus,Animalia,,
Ceramaster,19,class,fathomnet+worms,Ceramaster,123291,Genus,Animalia,,
Chrysaora,19,class,fathomnet+worms,Chrysaora,135261,Genus,Animalia,,
Dictyaulus,19,class,fathomnet+worms,Dictyaulus,171858,Genus,Animalia,,
Euretidae,19,class,fathomnet+worms,Euretidae,131688,Family,Animalia,,
Hemicorallium,19,class,fathomnet+worms,Hemicorallium,718773,Genus,Animalia,,
Henricia,19,class,fathomnet+worms,Henricia,123276,Genus,Animalia,,
Heterorete,19,class,fathomnet+worms,Heterorete,171713,Genus,Animalia,,
Megalodicopia hians,19,class,fathomnet+worms,Megalodicopia hians,250823,Species,Animalia,,
Narella,19,class,fathomnet+worms,Narella,125319,Genus,Animalia,,
Paranthias colonus,19,class,fathomnet+worms,Cephalopholis colonus,1750630,Species,Animalia,,
Parantipathes,19,class,fathomnet+worms,Parantipathes,103306,Genus,Animalia,,
Pseudostichopus mollis,19,class,fathomnet+worms,Pseudostichopus mollis,152565,Species,Animalia,,
Rubyspira osteovora,19,class,fathomnet+worms,Rubyspira osteovora,536747,Species,Animalia,,
Sebastes miniatus,19,class,fathomnet+worms,Sebastes miniatus,274820,Species,Animalia,,
Solmundella bitentaculata,19,class,fathomnet+worms,Solmundella bitentaculata,117267,Species,Animalia,,
Thecosomata,19,class,fathomnet+worms,Thecosomata,13703,Order,Animalia,,
Thrissacanthias penicillatus,19,class,fathomnet+worms,Thrissacanthias penicillatus,292833,Species,Animalia,,
Anthoathecata,18,class,fathomnet+worms,Anthoathecata,13551,Order,Animalia,,
Calyptrophora,18,class,fathomnet+worms,Calyptrophora,177833,Genus,Animalia,,
Careproctus,18,class,fathomnet+worms,Careproctus,126156,Genus,Animalia,,
Gadella jordani,18,class,fathomnet+worms,Gadella jordani,272464,Species,Animalia,,
Geryonia proboscidalis,18,class,fathomnet+worms,Geryonia proboscidalis,117567,Species,Animalia,,
Glyphocrangonidae,18,class,fathomnet+worms,Glyphocrangonidae,106783,Family,Animalia,,
Lycodapus,18,class,fathomnet+worms,Lycodapus,234573,Genus,Animalia,,
Lycodes pacificus,18,class,fathomnet+worms,Lycodes pacificus,274116,Species,Animalia,,
Megalodicopia,18,class,fathomnet+worms,Megalodicopia,249571,Genus,Animalia,,
Myxoderma sacculatum,18,class,fathomnet+worms,Myxoderma sacculatum,255087,Species,Animalia,,
Saxipendium implicatum,18,class,fathomnet+worms,Saxipendium implicatum,747071,Species,Animalia,,
Thetys vagina,18,class,fathomnet+worms,Thetys vagina,137281,Species,Animalia,,
Tretopleura,18,class,fathomnet+worms,Tretopleura,171623,Genus,Animalia,,
Aglantha,17,class,fathomnet+worms,Aglantha,117212,Genus,Animalia,,
Alcyonium varum,17,class,fathomnet+worms,Alcyonium varum,743703,Species,Animalia,,
Alvinocaris costaricensis,17,class,fathomnet+worms,Alvinocaris costaricensis,1306922,Species,Animalia,,
Chrysogorgia chryseis,17,class,fathomnet+worms,Parachrysogorgia chryseis,1671461,Species,Animalia,,
Coryphaenoides leptolepis,17,class,fathomnet+worms,Coryphaenoides leptolepis,158959,Species,Animalia,,
Grimpoteuthis,17,class,fathomnet+worms,Grimpoteuthis,138293,Genus,Animalia,,
Lyrocteis,17,class,fathomnet+worms,Lyrocteis,264997,Genus,Animalia,,
Paracis,17,class,fathomnet+worms,Tachygonetria,1585286,Genus,Animalia,,
Parapaguridae,17,class,fathomnet+worms,Parapaguridae,106739,Family,Animalia,,
Pectis,17,class,fathomnet+worms,Pectis,872805,Genus,Animalia,,
Proisocrinus ruberrimus,17,class,fathomnet+worms,Proisocrinus ruberrimus,767206,Species,Animalia,,
Pseudoanthomastus,17,class,fathomnet+worms,Pseudoanthomastus,267770,Genus,Animalia,,
Psolus,17,class,fathomnet+worms,Psolus,146121,Genus,Animalia,,
Ptychogastria,17,class,fathomnet+worms,Ptychogastria,117209,Genus,Animalia,,
Saccocalyx,17,class,fathomnet+worms,Saccocalyx,171844,Genus,Animalia,,
Synaphobranchidae,17,class,fathomnet+worms,Synaphobranchidae,125436,Family,Animalia,,
Synaphobranchus brevidorsalis,17,class,fathomnet+worms,Synaphobranchus brevidorsalis,221388,Species,Animalia,,
Tomopteridae,17,class,fathomnet+worms,Tomopteridae,958,Family,Animalia,,
Aegidae,16,class,fathomnet+worms,Aegidae,118272,Family,Animalia,,
Alepisaurus ferox,16,class,fathomnet+worms,Alepisaurus ferox,126333,Species,Animalia,,
Asthenactis papyraceus,16,class,fathomnet+worms,Asthenactis papyraceus,292733,Species,Animalia,,
Balanoidea,16,class,fathomnet+worms,Balanoidea,106041,Superfamily,Animalia,,
Bassozetus,16,class,fathomnet+worms,Bassozetus,125856,Genus,Animalia,,
Benthodytes,16,class,fathomnet+worms,Benthodytes,123529,Genus,Animalia,,
Creseis virgula,16,class,fathomnet+worms,Creseis virgula,139035,Species,Animalia,,
Gonatus pyros,16,class,fathomnet+worms,Gonatus pyros,341861,Species,Animalia,,
Lepidion,16,class,fathomnet+worms,Lepidion,125768,Genus,Animalia,,
Macrourinae,16,class,fathomnet+worms,Macrourinae,154232,Subfamily,Animalia,,
Phreagena kilmeri,16,class,fathomnet+worms,Phreagena kilmeri,464362,Species,Animalia,,
Polyplacophora,16,class,fathomnet+worms,Polyplacophora,55,Class,Animalia,,
Pseudomunida fragilis,16,class,fathomnet+worms,Pseudomunida fragilis,392037,Species,Animalia,,
Pythonaster pacificus,16,class,fathomnet+worms,Pythonaster pacificus,292735,Species,Animalia,,
Acesta mori,15,class,fathomnet+worms,Acesta mori,505421,Species,Animalia,,
Actinoscyphiidae,15,class,fathomnet+worms,Actinoscyphiidae,100654,Family,Animalia,,
Caryophylliidae,15,class,fathomnet+worms,Caryophylliidae,135073,Family,Animalia,,
Chrysogorgia monticola,15,class,fathomnet+worms,Chrysogorgia monticola,1288557,Species,Animalia,,
Eknomisis,15,class,fathomnet+worms,Eknomisis,759254,Genus,Animalia,,
Heteroscleromorpha,15,class,fathomnet+worms,Heteroscleromorpha,607950,Subclass,Animalia,,
Icosteus aenigmaticus,15,class,fathomnet+worms,Icosteus aenigmaticus,281153,Species,Animalia,,
Oikopleuridae,15,class,fathomnet+worms,Oikopleuridae,103356,Family,Animalia,,
Physiculus nematopus,15,class,fathomnet+worms,Physiculus nematopus,272504,Species,Animalia,,
Poraniopsis,15,class,fathomnet+worms,Poraniopsis,178019,Genus,Animalia,,
Propeamussium meridionale,15,class,fathomnet+worms,Propeamussium meridionale,197392,Species,Animalia,,
Pyloderma,15,class,fathomnet+worms,Pyloderma,169106,Genus,Animalia,,
Scomberomorus maculatus,15,class,fathomnet+worms,Scomberomorus maculatus,159342,Species,Animalia,,
Sebastes entomelas,15,class,fathomnet+worms,Sebastes entomelas,274791,Species,Animalia,,
Sebastes flavidus,15,class,fathomnet+worms,Sebastes flavidus,274795,Species,Animalia,,
Sebastes rubrivinctus,15,class,fathomnet+worms,Sebastes rubrivinctus,274845,Species,Animalia,,
Sebastes zacentrus,15,class,fathomnet+worms,Sebastes zacentrus,274869,Species,Animalia,,
Semperella,15,class,fathomnet+worms,Semperella,171590,Genus,Animalia,,
Thalassometridae,15,class,fathomnet+worms,Thalassometridae,123152,Family,Animalia,,
Uroptychus,15,class,fathomnet+worms,Uroptychus,106833,Genus,Animalia,,
Abraliopsis (Boreabraliopsis) felis,14,class,fathomnet+worms,Abraliopsis felis,341849,Species,Animalia,,
Albatrossia pectoralis,14,class,fathomnet+worms,Albatrossia pectoralis,236135,Species,Animalia,,
Amphianthus,14,class,fathomnet+worms,Amphianthus,100753,Genus,Animalia,,
Anisotremus virginicus,14,class,fathomnet+worms,Anisotremus virginicus,279625,Species,Animalia,,
Aspidoscopulia,14,class,fathomnet+worms,Aspidoscopulia,171733,Genus,Animalia,,
Bassogigas,14,class,fathomnet+worms,Bassogigas,159061,Genus,Animalia,,
Bathycrinidae,14,class,fathomnet+worms,Bathycrinidae,123144,Family,Animalia,,
Chirostylidae,14,class,fathomnet+worms,Chirostylidae,106732,Family,Animalia,,
Cidaroidea,14,class,fathomnet+worms,Cidaroidea,510498,Subclass,Animalia,,
Crossota rufobrunnea,14,class,fathomnet+worms,Crossota rufobrunnea,117856,Species,Animalia,,
Dendrophyllia,14,class,fathomnet+worms,Dendrophyllia,135110,Genus,Animalia,,
Desmophyllum dianthus,14,class,fathomnet+worms,Desmophyllum dianthus,135159,Species,Animalia,,
Gnathophis cinctus,14,class,fathomnet+worms,Gnathophis cinctus,271755,Species,Animalia,,
Gorgonocephalidae,14,class,fathomnet+worms,Gorgonocephalidae,123203,Family,Animalia,,
Jasonisis,14,class,fathomnet+worms,Jasonisis,759256,Genus,Animalia,,
Laetmogone,14,class,fathomnet+worms,Laetmogone,123524,Genus,Animalia,,
Munididae,14,class,fathomnet+worms,Munididae,562645,Family,Animalia,,
Poecilosclerida,14,class,fathomnet+worms,Poecilosclerida,131599,Order,Animalia,,
Protoptilum,14,class,fathomnet+worms,Protoptilum,128498,Genus,Animalia,,
Spirobranchus,14,class,fathomnet+worms,Spirobranchus,129582,Genus,Animalia,,
Walteria leuckarti,14,class,fathomnet+worms,Walteria leuckarti,171885,Species,Animalia,,
Acanella,13,class,fathomnet+worms,Acanella,125303,Genus,Animalia,,
Asteroschema,13,class,fathomnet+worms,Asteroschema,123581,Genus,Animalia,,
Atlantisella,13,class,fathomnet+worms,Atlantisella,171852,Genus,Animalia,,
Bathochordaeinae,13,class,fathomnet+worms,Bathochordaeinae,342463,Subfamily,Animalia,,
Bathykorus,13,class,fathomnet+worms,Bathykorus,458856,Genus,Animalia,,
Benthoctopus,13,class,fathomnet+worms,Bathypolypus,138265,Genus,Animalia,,
Bolinopsis,13,class,fathomnet+worms,Bolinopsis,106350,Genus,Animalia,,
Bonelliidae,13,class,fathomnet+worms,Bonelliidae,110347,Family,Animalia,,
Chrysogorgia pinnata,13,class,fathomnet+worms,Chrysogorgia pinnata,1288558,Species,Animalia,,
Dipsacaster,13,class,fathomnet+worms,Dipsacaster,178680,Genus,Animalia,,
Distichoptilum gracile,13,class,fathomnet+worms,Distichoptilum gracile,128524,Species,Animalia,,
Heteropathes,13,class,fathomnet+worms,Heteropathes,723286,Genus,Animalia,,
Hexactinella,13,class,fathomnet+worms,Hexactinella,132110,Genus,Animalia,,
Hollardia,13,class,fathomnet+worms,Hollardia,269412,Genus,Animalia,,
Hyalonematidae,13,class,fathomnet+worms,Hyalonematidae,131684,Family,Animalia,,
Lefroyella,13,class,fathomnet+worms,Lefroyella,171715,Genus,Animalia,,
Lensia achilles,13,class,fathomnet+worms,Lensia achilles,135425,Species,Animalia,,
Metacarcinus magister,13,class,fathomnet+worms,Metacarcinus magister,440388,Species,Animalia,,
Oneirophanta,13,class,fathomnet+worms,Oneirophanta,123508,Genus,Animalia,,
Pachycara,13,class,fathomnet+worms,Pachycara,126107,Genus,Animalia,,
Pagurus,13,class,fathomnet+worms,Pagurus,106854,Genus,Animalia,,
Paracalyptrophora,13,class,fathomnet+worms,Paracalyptrophora,125320,Genus,Animalia,,
Plectranthias,13,class,fathomnet+worms,Plectranthias,206578,Genus,Animalia,,
Plinthaster,13,class,fathomnet+worms,Plinthaster,123303,Genus,Animalia,,
Proisocrinidae,13,class,fathomnet+worms,Proisocrininae,1735215,Family,Animalia,,
Protoptilidae,13,class,fathomnet+worms,Protoptilidae,128485,Family,Animalia,,
Sebastes macdonaldi,13,class,fathomnet+worms,Sebastes macdonaldi,274814,Species,Animalia,,
Sebastes pinniger,13,class,fathomnet+worms,Sebastes pinniger,274836,Species,Animalia,,
Tubulariidae,13,class,fathomnet+worms,Tubulariidae,1603,Family,Animalia,,
Anarrhichthys ocellatus,12,class,fathomnet+worms,Anarrhichthys ocellatus,279605,Species,Animalia,,
Anthoptilum,12,class,fathomnet+worms,Anthoptilum,128489,Genus,Animalia,,
Beroida,12,class,fathomnet+worms,Beroida,1261,Order,Animalia,,
Chonelasmatinae,12,class,fathomnet+worms,Chonelasmatinae,171658,Subfamily,Animalia,,
Chromis limbaughi,12,class,fathomnet+worms,Chromis limbaughi,273736,Species,Animalia,,
Circeaster pullus,12,class,fathomnet+worms,Circeaster pullus,254813,Species,Animalia,,
Comatulidina,12,class,fathomnet+worms,Comatulida,123093,Suborder,Animalia,,
Eumunida,12,class,fathomnet+worms,Eumunida,106831,Genus,Animalia,,
Freyastera,12,class,fathomnet+worms,Freyastera,123216,Genus,Animalia,,
Gymnothorax berndti,12,class,fathomnet+worms,Gymnothorax berndti,271824,Species,Animalia,,
Halosaurus,12,class,fathomnet+worms,Halosaurus,125839,Genus,Animalia,,
Hemicorallium laauense,12,class,fathomnet+worms,Hemicorallium laauense,1311253,Species,Animalia,,
Homolidae,12,class,fathomnet+worms,Homolidae,106744,Family,Animalia,,
Icelinus filamentosus,12,class,fathomnet+worms,Icelinus filamentosus,281136,Species,Animalia,,
Kophobelemnidae,12,class,fathomnet+worms,Kophobelemnidae,128483,Family,Animalia,,
Leptogorgia,12,class,fathomnet+worms,Leptogorgia,125302,Genus,Animalia,,
Nudibranchia,12,class,fathomnet+worms,Nudibranchia,1762,Order,Animalia,,
Ophiocreas,12,class,fathomnet+worms,Ophiocreas,123582,Genus,Animalia,,
Pandalus,12,class,fathomnet+worms,Pandalus,107044,Genus,Animalia,,
Psathyrometra,12,class,fathomnet+worms,Psathyrometra,173875,Genus,Animalia,,
Rimicaris,12,class,fathomnet+worms,Rimicaris,107001,Genus,Animalia,,
Scotoplanes clarki,12,class,fathomnet+worms,Scotoplanes clarki,428804,Species,Animalia,,
Sebastes brevispinis,12,class,fathomnet+worms,Sebastes brevispinis,274778,Species,Animalia,,
Sternostylus iaspis,12,class,fathomnet+worms,Sternostylus iaspis,1310477,Species,Animalia,,
Thenea,12,class,fathomnet+worms,Thenea,132019,Genus,Animalia,,
Anuropus,11,class,fathomnet+worms,Anuropus,174485,Genus,Animalia,,
Bathyceramaster,11,class,fathomnet+worms,Bathyceramaster,887866,Genus,Animalia,,
Bathymetrinae,11,class,fathomnet+worms,Bathymetrinae,340800,Subfamily,Animalia,,
Calibelemnon symmetricum,11,class,fathomnet+worms,Calibelemnon symmetricum,288080,Species,Animalia,,
Careproctus ovigerus,11,class,fathomnet+worms,Careproctus ovigerus,274454,Species,Animalia,,
Corymorpha,11,class,fathomnet+worms,Corymorpha,117059,Genus,Animalia,,
Dromalia alexandri,11,class,fathomnet+worms,Dromalia alexandri,289842,Species,Animalia,,
Epigonus,11,class,fathomnet+worms,Epigonus,125967,Genus,Animalia,,
Glyptometra lateralis,11,class,fathomnet+worms,Glyptometra lateralis,509020,Species,Animalia,,
Grammatonotus,11,class,fathomnet+worms,Grammatonotus,269264,Genus,Animalia,,
Hemicorallium abyssale,11,class,fathomnet+worms,Hemicorallium abyssale,1311238,Species,Animalia,,
Liopropoma longilepis,11,class,fathomnet+worms,Liopropoma longilepis,275948,Species,Animalia,,
Oasisia,11,class,fathomnet+worms,Oasisia,265005,Genus,Animalia,,
Octopoteuthis deletron,11,class,fathomnet+worms,Octopoteuthis deletron,342057,Species,Animalia,,
Ophichthus frontalis,11,class,fathomnet+worms,Ophichthus frontalis,271952,Species,Animalia,,
Phelliactis,11,class,fathomnet+worms,Phelliactis,100762,Genus,Animalia,,
Pontinus,11,class,fathomnet+worms,Pontinus,126170,Genus,Animalia,,
Porogadus,11,class,fathomnet+worms,Porogadus,158774,Genus,Animalia,,
Solanderia,11,class,fathomnet+worms,Solanderia,206034,Genus,Animalia,,
Swima bombiviridis,11,class,fathomnet+worms,Swima bombiviridis,413515,Species,Animalia,,
Synaphobranchus,11,class,fathomnet+worms,Synaphobranchus,125656,Genus,Animalia,,
Thalassobathia pelagica,11,class,fathomnet+worms,Thalassobathia pelagica,126660,Species,Animalia,,
Urticina,11,class,fathomnet+worms,Urticina,100706,Genus,Animalia,,
Victorgorgia,11,class,fathomnet+worms,Victorgorgia,267946,Genus,Animalia,,
Acanthascus,10,class,fathomnet+worms,Acanthascus,171966,Genus,Animalia,,
Aeginona,10,class,fathomnet+worms,Aeginona,1035134,Genus,Animalia,,
Amphidiscella,10,class,fathomnet+worms,Amphidiscella,171849,Genus,Animalia,,
Antipathes,10,class,fathomnet+worms,Antipathes,103302,Genus,Animalia,,
Aplacophora,10,class,fathomnet+worms,Aplacophora,411,Superclass,Animalia,,
Bathycrinus,10,class,fathomnet+worms,Bathycrinus,123339,Genus,Animalia,,
Bathylagidae,10,class,fathomnet+worms,Bathylagidae,125509,Family,Animalia,,
Chuniphyes,10,class,fathomnet+worms,Chuniphyes,135356,Genus,Animalia,,
Coryphaenoides filifer,10,class,fathomnet+worms,Coryphaenoides filifer,272331,Species,Animalia,,
Cranchiidae,10,class,fathomnet+worms,Cranchiidae,11774,Family,Animalia,,
Dendropathes,10,class,fathomnet+worms,Dendropathes,267376,Genus,Animalia,,
Diplacanthopoma,10,class,fathomnet+worms,Diplacanthopoma,158993,Genus,Animalia,,
Doliolina (Doliolinetta),10,class,fathomnet+worms,Doliolina (Doliolinetta),719944,Subgenus,Animalia,,
Euryplegma,10,class,fathomnet+worms,Euryplegma,171611,Genus,Animalia,,
Homarus gammarus,10,class,fathomnet+worms,Homarus gammarus,107253,Species,Animalia,,
Hyalostylus,10,class,fathomnet+worms,Hyalostylus,171842,Genus,Animalia,,
Lycodinae,10,class,fathomnet+worms,Lycodinae,267127,Subfamily,Animalia,,
Octopoda,10,class,fathomnet+worms,Octopoda,11718,Order,Animalia,,
Phrynocrinidae,10,class,fathomnet+worms,Phrynocrinidae,123146,Family,Animalia,,
Porichthys mimeticus,10,class,fathomnet+worms,Porichthys mimeticus,275656,Species,Animalia,,
Pronotogrammus eos,10,class,fathomnet+worms,Baldwinella eos,1803737,Species,Animalia,,
Ptilosarcus gurneyi,10,class,fathomnet+worms,Ptilosarcus gurneyi,290947,Species,Animalia,,
Ridgeia,10,class,fathomnet+worms,Ridgeia,324627,Genus,Animalia,,
Sebastes levis,10,class,fathomnet+worms,Sebastes levis,274812,Species,Animalia,,
Sebastes semicinctus,10,class,fathomnet+worms,Sebastes semicinctus,274851,Species,Animalia,,
Serranus psittacinus,10,class,fathomnet+worms,Serranus psittacinus,273904,Species,Animalia,,
Stauropathes,10,class,fathomnet+worms,Stauropathes,267854,Genus,Animalia,,
Stereocidaris hawaiiensis,10,class,fathomnet+worms,Stereocidaris hawaiiensis,513562,Species,Animalia,,
Sternostylus,10,class,fathomnet+worms,Sternostylus,1310469,Genus,Animalia,,
Sympagurus,10,class,fathomnet+worms,Sympagurus,106860,Genus,Animalia,,
Synallactida,10,class,fathomnet+worms,Synallactida,1036229,Order,Animalia,,
Thalassocalyce,10,class,fathomnet+worms,Thalassocalyce,238010,Genus,Animalia,,
Virgulariidae,10,class,fathomnet+worms,Virgulariidae,128488,Family,Animalia,,
Agononida,9,class,fathomnet+worms,Agononida,345790,Genus,Animalia,,
Anthoptilum lithophilum,9,class,fathomnet+worms,Lithoptilum lithophilum,1769885,Species,Animalia,,
Ascidea,9,class,fathomnet+worms,Ascidia,103483,Genus,Animalia,,
Bathycongrus,9,class,fathomnet+worms,Bathycongrus,203953,Genus,Animalia,,
Bathypathes patula,9,class,fathomnet+worms,Bathypathes patula,103323,Species,Animalia,,
Bullagummizoanthus emilyacadiaarum,9,class,fathomnet+worms,Bullagummizoanthus emilyacadiaarum,715094,Species,Animalia,,
Calliostomatidae,9,class,fathomnet+worms,Calliostomatidae,382180,Family,Animalia,,
Callogorgia,9,class,fathomnet+worms,Callogorgia,125317,Genus,Animalia,,
Chrysaora colorata,9,class,fathomnet+worms,Chrysaora colorata,287204,Species,Animalia,,
Clio cuspidata,9,class,fathomnet+worms,Clio cuspidata,139032,Species,Animalia,,
Creseis,9,class,fathomnet+worms,Creseis,137752,Genus,Animalia,,
Deimatidae,9,class,fathomnet+worms,Deimatidae,123190,Family,Animalia,,
Diadematidae,9,class,fathomnet+worms,Diadematidae,123163,Family,Animalia,,
Epinephelus adscensionis,9,class,fathomnet+worms,Epinephelus adscensionis,159351,Species,Animalia,,
Eualus townsendi,9,class,fathomnet+worms,Eualus townsendi,515240,Species,Animalia,,
Eulimidae,9,class,fathomnet+worms,Eulimidae,135,Family,Animalia,,
Euryalida,9,class,fathomnet+worms,Euryalida,242196,Order,Animalia,,
Evoplosoma,9,class,fathomnet+worms,Evoplosoma,123293,Genus,Animalia,,
Freyella,9,class,fathomnet+worms,Freyella,123217,Genus,Animalia,,
Gersemia,9,class,fathomnet+worms,Gersemia,146953,Genus,Animalia,,
Halipteris,9,class,fathomnet+worms,Balticina,146534,Genus,Animalia,,
Heterozonias alternatus,9,class,fathomnet+worms,Heterozonias alternatus,292713,Species,Animalia,,
Histioteuthis,9,class,fathomnet+worms,Histioteuthis,138074,Genus,Animalia,,
Isidella trichotoma,9,class,fathomnet+worms,Isidella trichotoma,286310,Species,Animalia,,
Metacrinus,9,class,fathomnet+worms,Metacrinus,411397,Genus,Animalia,,
Munidopsis bairdii,9,class,fathomnet+worms,Munidopsis bairdii,107172,Species,Animalia,,
Myzostomida,9,class,fathomnet+worms,Myzostomida,233983,Order,Animalia,,
Narella alata,9,class,fathomnet+worms,Narella alata,409567,Species,Animalia,,
Narella dichotoma,9,class,fathomnet+worms,Narella dichotoma,286515,Species,Animalia,,
Nezumia,9,class,fathomnet+worms,Nezumia,125754,Genus,Animalia,,
Pandalus dispar,9,class,fathomnet+worms,Pandalus dispar,1337983,Species,Animalia,,
Paralabrax auroguttatus,9,class,fathomnet+worms,Paralabrax auroguttatus,282052,Species,Animalia,,
Parophrys vetulus,9,class,fathomnet+worms,Parophrys vetulus,254393,Species,Animalia,,
Phyllochaetopterus gigas,9,class,fathomnet+worms,Phyllochaetopterus gigas,754493,Species,Animalia,,
Relicanthus daphneae,9,class,fathomnet+worms,Relicanthus daphneae,1338746,Species,Animalia,,
Sardinops sagax,9,class,fathomnet+worms,Sardinops sagax,217452,Species,Animalia,,
Sebastes caurinus,9,class,fathomnet+worms,Sebastes caurinus,274780,Species,Animalia,,
Sebastes paucispinis,9,class,fathomnet+worms,Sebastes paucispinis,274833,Species,Animalia,,
Sebastes serranoides,9,class,fathomnet+worms,Sebastes serranoides,274852,Species,Animalia,,
Squalus suckleyi,9,class,fathomnet+worms,Squalus suckleyi,299224,Species,Animalia,,
Tetractinellida,9,class,fathomnet+worms,Tetractinellida,597812,Order,Animalia,,
Tiburonicrinus,9,class,fathomnet+worms,Tiburonicrinus,1309340,Genus,Animalia,,
Tritonia,9,class,fathomnet+worms,Tritonia,138580,Genus,Animalia,,
Zoroaster,9,class,fathomnet+worms,Zoroaster,123237,Genus,Animalia,,
Actinernus nobilis,8,class,fathomnet+worms,Actinernus nobilis,158217,Species,Animalia,,
Aphrocallistes vastus,8,class,fathomnet+worms,Aphrocallistes vastus,171632,Species,Animalia,,
Astroceramus,8,class,fathomnet+worms,Astroceramus,178069,Genus,Animalia,,
Auloplax,8,class,fathomnet+worms,Auloplax,132109,Genus,Animalia,,
Balanophyllia,8,class,fathomnet+worms,Balanophyllia,135108,Genus,Animalia,,
Bathydorus,8,class,fathomnet+worms,Bathydorus,132123,Genus,Animalia,,
Benthopectinidae,8,class,fathomnet+worms,Benthopectinidae,123126,Family,Animalia,,
Cephalopoda,8,class,fathomnet+worms,Cephalopoda,11707,Class,Animalia,,
Cladorhiza,8,class,fathomnet+worms,Cladorhiza,131895,Genus,Animalia,,
Clione,8,class,fathomnet+worms,Clione,137793,Genus,Animalia,,
Crystallophyes amygdalina,8,class,fathomnet+worms,Crystallophyes amygdalina,135414,Species,Animalia,,
Didemnum,8,class,fathomnet+worms,Didemnum,103456,Genus,Animalia,,
Ectenagena elongata,8,class,fathomnet+worms,Ectenagena elongata,464349,Species,Animalia,,
Epimenia,8,class,fathomnet+worms,Epimenia,298341,Genus,Animalia,,
Geryonia,8,class,fathomnet+worms,Geryonia,117098,Genus,Animalia,,
Grammatonotus laysanus,8,class,fathomnet+worms,Grammatonotus laysanus,280938,Species,Animalia,,
Gymnorete,8,class,fathomnet+worms,Gymnorete,171711,Genus,Animalia,,
Histocidaris variabilis,8,class,fathomnet+worms,Histocidaris variabilis,414199,Species,Animalia,,
Homeryon asper,8,class,fathomnet+worms,Homeryon asper,382977,Species,Animalia,,
Iosactis,8,class,fathomnet+worms,Iosactis,100764,Genus,Animalia,,
Iridogorgia splendens,8,class,fathomnet+worms,Iridogorgia splendens,286155,Species,Animalia,,
Leptothecata,8,class,fathomnet+worms,Leptothecata,13552,Order,Animalia,,
Lophocalyx,8,class,fathomnet+worms,Lophocalyx,171955,Genus,Animalia,,
Lutjanus,8,class,fathomnet+worms,Lutjanus,159791,Genus,Animalia,,
Lutjanus mahogoni,8,class,fathomnet+worms,Lutjanus mahogoni,159799,Species,Animalia,,
Macroprimnoa ornata,8,class,fathomnet+worms,Macroprimnoa ornata,1317075,Species,Animalia,,
Mediaster ornatus,8,class,fathomnet+worms,Mediaster ornatus,368835,Species,Animalia,,
Nemertea,8,class,fathomnet+worms,Nemertea,152391,Phylum,Animalia,,
Ophioplinthaca rudis,8,class,fathomnet+worms,Ophioplinthaca rudis,214615,Species,Animalia,,
Paguridae,8,class,fathomnet+worms,Paguridae,106738,Family,Animalia,,
Paratelecrinus conifer,8,class,fathomnet+worms,Paratelecrinus conifer,828389,Species,Animalia,,
Patellogastropoda,8,class,fathomnet+worms,Patellogastropoda,382158,Subclass,Animalia,,
Pentanchidae,8,class,fathomnet+worms,Pentanchidae,826579,Family,Animalia,,
Pleurobranchidae,8,class,fathomnet+worms,Pleurobranchidae,1755,Family,Animalia,,
Poecillastra,8,class,fathomnet+worms,Poecillastra,132016,Genus,Animalia,,
Rhodaniridogorgia,8,class,fathomnet+worms,Iridogorgia,125295,Genus,Animalia,,
Sladenia remiger,8,class,fathomnet+worms,Sladenia remiger,282815,Species,Animalia,,
Sperosoma,8,class,fathomnet+worms,Sperosoma,123402,Genus,Animalia,,
Symphurus,8,class,fathomnet+worms,Symphurus,126113,Genus,Animalia,,
Thaumatocrinus rugosus,8,class,fathomnet+worms,Thaumatocrinus rugosus,711310,Species,Animalia,,
Tretodictyidae,8,class,fathomnet+worms,Tretodictyidae,131690,Family,Animalia,,
Tromikosoma,8,class,fathomnet+worms,Tromikosoma,123403,Genus,Animalia,,
Umimayanthus,8,class,fathomnet+worms,Umimayanthus,843618,Genus,Animalia,,
Vacatina,8,class,fathomnet+worms,Vacatina,1517259,Suborder,Animalia,,
Zeuxokoma,8,class,fathomnet+worms,Zeuxokoma,249481,Genus,Animalia,,
Aequorea,7,class,fathomnet+worms,Aequorea,116998,Genus,Animalia,,
Alcockianum,7,class,fathomnet+worms,Alcockianum,534844,Genus,Animalia,,
Aldrovandia phalacra,7,class,fathomnet+worms,Aldrovandia phalacra,126638,Species,Animalia,,
Alternatipathes alternata,7,class,fathomnet+worms,Alternatipathes alternata,994319,Species,Animalia,,
Aspidodiadema,7,class,fathomnet+worms,Aspidodiadema,123392,Genus,Animalia,,
Aspidodiadema hawaiiense,7,class,fathomnet+worms,Aspidodiadema hawaiiense,513130,Species,Animalia,,
Bathycrinus complanatus,7,class,fathomnet+worms,Bathycrinus complanatus,723579,Species,Animalia,,
Bonelliida,7,class,fathomnet+worms,Bonelliida,110344,Suborder,Animalia,,
Calliaster,7,class,fathomnet+worms,Calliaster,205380,Genus,Animalia,,
Calyptraeidae,7,class,fathomnet+worms,Calyptraeidae,141,Family,Animalia,,
Calyptrophora pileata,7,class,fathomnet+worms,Calyptrophora pileata,883729,Species,Animalia,,
Candidella,7,class,fathomnet+worms,Candidella,125318,Genus,Animalia,,
Chirostyloidea,7,class,fathomnet+worms,Chirostyloidea,562583,Superfamily,Animalia,,
Chrysogorgia flavescens,7,class,fathomnet+worms,Chrysogorgia flavescens,286119,Species,Animalia,,
Cidaridae,7,class,fathomnet+worms,Cidaridae,123158,Family,Animalia,,
Clausophyidae,7,class,fathomnet+worms,Clausophyidae,135337,Family,Animalia,,
Coelorinchus doryssus,7,class,fathomnet+worms,Coelorinchus doryssus,280276,Species,Animalia,,
Coryphaenoides capito,7,class,fathomnet+worms,Coryphaenoides capito,272323,Species,Animalia,,
Ctenophoricola,7,class,fathomnet+worms,Ctenophoricola,1444250,Genus,Animalia,,
Decapodiformes,7,class,fathomnet+worms,Decapodiformes,325342,Superorder,Animalia,,
Echinidae,7,class,fathomnet+worms,Echinidae,123160,Family,Animalia,,
Epinephelus labriformis,7,class,fathomnet+worms,Epinephelus labriformis,273858,Species,Animalia,,
Gymnopraia,7,class,fathomnet+worms,Gymnopraia,196677,Genus,Animalia,,
Hemichordata,7,class,fathomnet+worms,Hemichordata,1818,Phylum,Animalia,,
Henricia pauperrima,7,class,fathomnet+worms,Henricia pauperrima,369134,Species,Animalia,,
Hollardia goslinei,7,class,fathomnet+worms,Hollardia goslinei,281083,Species,Animalia,,
Ilyophis,7,class,fathomnet+worms,Ilyophis,125654,Genus,Animalia,,
Isactinernus quadrilobatus,7,class,fathomnet+worms,Isactinernus quadrilobatus,290193,Species,Animalia,,
Lamoha longirostris,7,class,fathomnet+worms,Lamoha longirostris,440187,Species,Animalia,,
Lumpenus sagitta,7,class,fathomnet+worms,Lumpenus sagitta,254579,Species,Animalia,,
Lyssacinosida,7,class,fathomnet+worms,Lyssacinosida,171834,Order,Animalia,,
Macroregonia macrochira,7,class,fathomnet+worms,Macroregonia macrochira,442169,Species,Animalia,,
Madrepora oculata,7,class,fathomnet+worms,Madrepora oculata,135209,Species,Animalia,,
Mediaster tenellus,7,class,fathomnet+worms,Mediaster tenellus,368837,Species,Animalia,,
Munidopsis recta,7,class,fathomnet+worms,Munidopsis recta,392592,Species,Animalia,,
Munnopsis,7,class,fathomnet+worms,Munnopsis,118377,Genus,Animalia,,
Munnopsurus,7,class,fathomnet+worms,Munnopsurus,118343,Genus,Animalia,,
Myroconger seychellensis,7,class,fathomnet+worms,Myroconger seychellensis,281610,Species,Animalia,,
Narella bowersi,7,class,fathomnet+worms,Narella bowersi,286512,Species,Animalia,,
Narella muzikae,7,class,fathomnet+worms,Narella muzikae,409564,Species,Animalia,,
Neptunea amianta,7,class,fathomnet+worms,Neptunea amianta,423554,Species,Animalia,,
Paracalyptrophora hawaiiensis,7,class,fathomnet+worms,Paracalyptrophora hawaiiensis,1288564,Species,Animalia,,
Parisis,7,class,fathomnet+worms,Parisis,267706,Genus,Animalia,,
Patiria miniata,7,class,fathomnet+worms,Patiria miniata,382131,Species,Animalia,,
Paulasterias,7,class,fathomnet+worms,Paulasterias,845453,Genus,Animalia,,
Pennatula inflata,7,class,fathomnet+worms,Ptilella inflata,1379631,Species,Animalia,,
Rhinochimaeridae,7,class,fathomnet+worms,Rhinochimaeridae,105697,Family,Animalia,,
Sebastes goodei,7,class,fathomnet+worms,Sebastes goodei,274798,Species,Animalia,,
Strongylocentrotus purpuratus,7,class,fathomnet+worms,Strongylocentrotus purpuratus,240747,Species,Animalia,,
Sufflamen verres,7,class,fathomnet+worms,Sufflamen verres,276853,Species,Animalia,,
Thermopalia,7,class,fathomnet+worms,Thermopalia,267907,Genus,Animalia,,
Xeneretmus,7,class,fathomnet+worms,Xeneretmus,271228,Genus,Animalia,,
Abyssocladia,6,class,fathomnet+worms,Abyssocladia,184559,Genus,Animalia,,
Acanthamunnopsis,6,class,fathomnet+worms,Acanthamunnopsis,248361,Genus,Animalia,,
Advhena magnifica,6,class,fathomnet+worms,Advhena magnifica,1446846,Species,Animalia,,
Akoya,6,class,fathomnet+worms,Akoya,465573,Genus,Animalia,,
Alcyonium,6,class,fathomnet+worms,Alcyonium,125284,Genus,Animalia,,
Alepocephalidae,6,class,fathomnet+worms,Alepocephalidae,125507,Family,Animalia,,
Alepocephalus tenebrosus,6,class,fathomnet+worms,Alepocephalus tenebrosus,272849,Species,Animalia,,
Antigonia,6,class,fathomnet+worms,Antigonia,126242,Genus,Animalia,,
Apristurus kampae,6,class,fathomnet+worms,Apristurus kampae,271342,Species,Animalia,,
Aristeus,6,class,fathomnet+worms,Aristeus,106807,Genus,Animalia,,
Asellota,6,class,fathomnet+worms,Asellota,13794,Suborder,Animalia,,
Bathygorgia,6,class,fathomnet+worms,Bathygorgia,883738,Genus,Animalia,,
Bellonella,6,class,fathomnet+worms,Bellonella,267263,Genus,Animalia,,
Benthalbella,6,class,fathomnet+worms,Benthalbella,125681,Genus,Animalia,,
Bregmaceros bathymaster,6,class,fathomnet+worms,Bregmaceros bathymaster,272290,Species,Animalia,,
Bythograea thermydron,6,class,fathomnet+worms,Bythograea thermydron,440289,Species,Animalia,,
Calyptrophora distolos,6,class,fathomnet+worms,Calyptrophora distolos,1317072,Species,Animalia,,
Careproctus longifilis,6,class,fathomnet+worms,Careproctus longifilis,274437,Species,Animalia,,
Chaunax,6,class,fathomnet+worms,Chaunax,125796,Genus,Animalia,,
Chilara taylori,6,class,fathomnet+worms,Chilara taylori,280146,Species,Animalia,,
Chrionema chryseres,6,class,fathomnet+worms,Chrionema chryseres,280176,Species,Animalia,,
Chrysogorgia stellata,6,class,fathomnet+worms,Parachrysogorgia stellata,1671474,Species,Animalia,,
Circeaster arandae,6,class,fathomnet+worms,Atheraster arandae,1593535,Species,Animalia,,
Coelorinchus,6,class,fathomnet+worms,Coelorinchus,268809,Genus,Animalia,,
Corallimorphus rigidus,6,class,fathomnet+worms,Corallimorphus rigidus,283832,Species,Animalia,,
Cyclothone,6,class,fathomnet+worms,Cyclothone,126187,Genus,Animalia,,
Dibranchus,6,class,fathomnet+worms,Dibranchus,125804,Genus,Animalia,,
Doliolida,6,class,fathomnet+worms,Doliolida,137212,Order,Animalia,,
Edwardsiidae,6,class,fathomnet+worms,Edwardsiidae,100665,Family,Animalia,,
Eurytheneidae,6,class,fathomnet+worms,Eurytheneidae,177050,Family,Animalia,,
Gadiformes,6,class,fathomnet+worms,Gadiformes,10313,Order,Animalia,,
Habrocidaris,6,class,fathomnet+worms,Habrocidaris,123374,Genus,Animalia,,
Haemulidae,6,class,fathomnet+worms,Haemulidae,125538,Family,Animalia,,
Hansenothuria benti,6,class,fathomnet+worms,Hansenothuria benti,529029,Species,Animalia,,
Hemicorallium ducale,6,class,fathomnet+worms,Hemicorallium ducale,1311247,Species,Animalia,,
Heteralepas,6,class,fathomnet+worms,Heteralepas,106095,Genus,Animalia,,
Heterocarpus,6,class,fathomnet+worms,Heterocarpus,107042,Genus,Animalia,,
Heteropathes americana,6,class,fathomnet+worms,Heteropathes americana,723294,Species,Animalia,,
Hexapathes,6,class,fathomnet+worms,Hexapathes,267484,Genus,Animalia,,
Hymenodiscus,6,class,fathomnet+worms,Hymenodiscus,381753,Genus,Animalia,,
Icelinus,6,class,fathomnet+worms,Icelinus,269476,Genus,Animalia,,
Kephyes,6,class,fathomnet+worms,Kephyes,387272,Genus,Animalia,,
Kulamanamana haumeaae,6,class,fathomnet+worms,Kulamanamana haumeaae,715097,Species,Animalia,,
Kumba,6,class,fathomnet+worms,Kumba,156705,Genus,Animalia,,
Lamoha williamsi,6,class,fathomnet+worms,Lamoha williamsi,440191,Species,Animalia,,
Lamprogrammus brunswigi,6,class,fathomnet+worms,Lamprogrammus brunswigi,159133,Species,Animalia,,
Lensia,6,class,fathomnet+worms,Lensia,135365,Genus,Animalia,,
Lophiodes,6,class,fathomnet+worms,Lophiodes,205817,Genus,Animalia,,
Majoidea,6,class,fathomnet+worms,Majoidea,106700,Superfamily,Animalia,,
Micropyga,6,class,fathomnet+worms,Micropyga,512435,Genus,Animalia,,
Moridae,6,class,fathomnet+worms,Moridae,125474,Family,Animalia,,
Munneurycope,6,class,fathomnet+worms,Munneurycope,118342,Genus,Animalia,,
Narella virgosa,6,class,fathomnet+worms,Narella virgosa,1317082,Species,Animalia,,
Nematocarcinus,6,class,fathomnet+worms,Nematocarcinus,107015,Genus,Animalia,,
Notobranchaea,6,class,fathomnet+worms,Notobranchaea,138257,Genus,Animalia,,
Novodinia pacifica,6,class,fathomnet+worms,Novodinia pacifica,254862,Species,Animalia,,
Ophioleuce brevispinum,6,class,fathomnet+worms,Ophioleuce brevispinum,243708,Species,Animalia,,
Orstomisis,6,class,fathomnet+worms,Orstomisis,267656,Genus,Animalia,,
Pentametrocrinus,6,class,fathomnet+worms,Pentametrocrinus,123362,Genus,Animalia,,
Pheronematidae,6,class,fathomnet+worms,Pheronematidae,131685,Family,Animalia,,
Phronima,6,class,fathomnet+worms,Phronima,101804,Genus,Animalia,,
Pneumodermopsis,6,class,fathomnet+worms,Pneumodermopsis,138366,Genus,Animalia,,
Polymyces wellsi,6,class,fathomnet+worms,Polymyces wellsi,290839,Species,Animalia,,
Prognathodes falcifer,6,class,fathomnet+worms,Prognathodes falcifer,273374,Species,Animalia,,
Psychropotes depressa,6,class,fathomnet+worms,Psychropotes depressa,124774,Species,Animalia,,
Pterotracheoidea,6,class,fathomnet+worms,Pterotracheoidea,387338,Superfamily,Animalia,,
Rhodaniridogorgia superba,6,class,fathomnet+worms,Iridogorgia superba,1476377,Species,Animalia,,
Rubyspira,6,class,fathomnet+worms,Rubyspira,536746,Genus,Animalia,,
Saccocalyx pedunculatus,6,class,fathomnet+worms,Saccocalyx pedunculatus,171845,Species,Animalia,,
Scaphopoda,6,class,fathomnet+worms,Scaphopoda,104,Class,Animalia,,
Scina,6,class,fathomnet+worms,Scina,101810,Genus,Animalia,,
Sergestoidea,6,class,fathomnet+worms,Sergestoidea,106684,Superfamily,Animalia,,
Symphurus oligomerus,6,class,fathomnet+worms,Symphurus oligomerus,274264,Species,Animalia,,
Thetys,6,class,fathomnet+worms,Thetys,137237,Genus,Animalia,,
Tremaster mirabilis,6,class,fathomnet+worms,Tremaster mirabilis,124002,Species,Animalia,,
Tromikosoma hispidum,6,class,fathomnet+worms,Tromikosoma hispidum,513621,Species,Animalia,,
Venefica,6,class,fathomnet+worms,Venefica,125643,Genus,Animalia,,
Verum proximum,6,class,fathomnet+worms,Catherinum proximum,1423917,Species,Animalia,,
Virgularia,6,class,fathomnet+worms,Virgularia,128503,Genus,Animalia,,
Watersipora subtorquata,6,class,fathomnet+worms,Watersipora subtorquata,111592,Species,Animalia,,
Acanthurus triostegus,5,class,fathomnet+worms,Acanthurus triostegus,219630,Species,Animalia,,
Agonidae,5,class,fathomnet+worms,Agonidae,125588,Family,Animalia,,
Amphinomidae,5,class,fathomnet+worms,Amphinomidae,960,Family,Animalia,,
Anthomastus?,5,class,fathomnet+worms,Anthomastus,125285,Genus,Animalia,,
Antipathes leptocrada,5,class,fathomnet+worms,Antipathes leptocrada,884132,Species,Animalia,,
Arcturidae,5,class,fathomnet+worms,Arcturidae,118280,Family,Animalia,,
Arthropoda,5,class,fathomnet+worms,Arthropoda,1065,Phylum,Animalia,,
Astrophiura,5,class,fathomnet+worms,Astrophiura,205464,Genus,Animalia,,
Bathydoris aioca,5,class,fathomnet+worms,Bathydoris aioca,531388,Species,Animalia,,
Bathypalaemonella,5,class,fathomnet+worms,Bathypalaemonella,107004,Genus,Animalia,,
Bathypterois atricolor,5,class,fathomnet+worms,Bathypterois atricolor,221394,Species,Animalia,,
Bathypterois grallator,5,class,fathomnet+worms,Bathypterois grallator,126343,Species,Animalia,,
Branchiocerianthus,5,class,fathomnet+worms,Branchiocerianthus,117058,Genus,Animalia,,
Caenopedina pulchella,5,class,fathomnet+worms,Caenopedina pulchella,456763,Species,Animalia,,
Callogorgia formosa,5,class,fathomnet+worms,Callogorgia formosa,286487,Species,Animalia,,
Callogorgia gilberti,5,class,fathomnet+worms,Callogorgia gilberti,286488,Species,Animalia,,
Calyptrophora diaphana,5,class,fathomnet+worms,Calyptrophora diaphana,719492,Species,Animalia,,
Caranx latus,5,class,fathomnet+worms,Caranx latus,126804,Species,Animalia,,
Chaceon,5,class,fathomnet+worms,Chaceon,106917,Genus,Animalia,,
Cheiraster,5,class,fathomnet+worms,Cheiraster,123240,Genus,Animalia,,
Chelonia mydas,5,class,fathomnet+worms,Chelonia mydas,137206,Species,Animalia,,
Chiroteuthis,5,class,fathomnet+worms,Chiroteuthis,137777,Genus,Animalia,,
Chlorophthalmus,5,class,fathomnet+worms,Chlorophthalmus,125664,Genus,Animalia,,
Chondrocladia lyra,5,class,fathomnet+worms,Chondrocladia (Symmetrocladia) lyra,710164,Species,Animalia,,
Chrysogorgia tricaulis,5,class,fathomnet+worms,Chrysogorgia tricaulis,883737,Species,Animalia,,
Clavularia grandiflora,5,class,fathomnet+worms,Clavularia grandiflora,286025,Species,Animalia,,
Coryphaenoides longicirrhus,5,class,fathomnet+worms,Coryphaenoides longicirrhus,272335,Species,Animalia,,
Cyrtomaia smithi,5,class,fathomnet+worms,Cyrtomaia smithi,441893,Species,Animalia,,
Cystisoma,5,class,fathomnet+worms,Cystisoma,101793,Genus,Animalia,,
Democrinus japonicus,5,class,fathomnet+worms,Democrinus japonicus,723462,Species,Animalia,,
Dexaminidae,5,class,fathomnet+worms,Dexaminidae,101378,Family,Animalia,,
Dictyocalyx,5,class,fathomnet+worms,Dictyocalyx,171860,Genus,Animalia,,
Diogenidae,5,class,fathomnet+worms,Diogenidae,106736,Family,Animalia,,
Earleria corachloeae,5,class,fathomnet+worms,Earleria corachloeae,578127,Species,Animalia,,
Epialtidae,5,class,fathomnet+worms,Epialtidae,196143,Family,Animalia,,
Eretmochelys imbricata,5,class,fathomnet+worms,Eretmochelys imbricata,137207,Species,Animalia,,
Exocoelactis,5,class,fathomnet+worms,Exocoelactis,267431,Genus,Animalia,,
Fritillaria,5,class,fathomnet+worms,Fritillaria,103358,Genus,Animalia,,
Fusitriton oregonensis,5,class,fathomnet+worms,Fusitriton oregonensis,476496,Species,Animalia,,
Gastroptychus iaspis,5,class,fathomnet+worms,Sternostylus iaspis,1310477,Species,Animalia,,
Geodia,5,class,fathomnet+worms,Geodia,132005,Genus,Animalia,,
Gordonopsis,5,class,fathomnet+worms,Gordonopsis,439381,Genus,Animalia,,
Guillecrinus,5,class,fathomnet+worms,Guillecrinus,707675,Genus,Animalia,,
Heterocarpus laevigatus,5,class,fathomnet+worms,Heterocarpus laevigatus,107646,Species,Animalia,,
Heteropathes pacifica,5,class,fathomnet+worms,Heteropathes pacifica,723306,Species,Animalia,,
Histocidaris,5,class,fathomnet+worms,Histocidaris,411386,Genus,Animalia,,
Hydrodendron gorgonoide,5,class,fathomnet+worms,Hydrodendron gorgonoide,117612,Species,Animalia,,
Hydrolagus,5,class,fathomnet+worms,Hydrolagus,105734,Genus,Animalia,,
Hyocrinida,5,class,fathomnet+worms,Hyocrinida,246674,Order,Animalia,,
Lamoha,5,class,fathomnet+worms,Lamoha,415541,Genus,Animalia,,
Lanuginella,5,class,fathomnet+worms,Lanuginella,132125,Genus,Animalia,,
Leiopathes,5,class,fathomnet+worms,Leiopathes,103305,Genus,Animalia,,
Lonchiphora,5,class,fathomnet+worms,Lonchiphora,171779,Genus,Animalia,,
Mitrocomidae,5,class,fathomnet+worms,Mitrocomidae,14665,Family,Animalia,,
Munidopsis albatrossae,5,class,fathomnet+worms,Munidopsis albatrossae,378083,Species,Animalia,,
Munidopsis quadrata,5,class,fathomnet+worms,Munidopsis quadrata,392590,Species,Animalia,,
Narella aurantiaca,5,class,fathomnet+worms,Narella aurantiaca,1317085,Species,Animalia,,
Nezumia obliquata,5,class,fathomnet+worms,Nezumia obliquata,272421,Species,Animalia,,
Nicella,5,class,fathomnet+worms,Nicella,125299,Genus,Animalia,,
Odontanthias katayamai,5,class,fathomnet+worms,Odontanthias katayamai,398481,Species,Animalia,,
Ophidiiformes,5,class,fathomnet+worms,Ophidiiformes,10314,Order,Animalia,,
Ophiuridae,5,class,fathomnet+worms,Ophiuridae,123200,Family,Animalia,,
Orphnurgus,5,class,fathomnet+worms,Orphnurgus,205984,Genus,Animalia,,
Parapagurus,5,class,fathomnet+worms,Parapagurus,106858,Genus,Animalia,,
Paratelecrinus,5,class,fathomnet+worms,Paratelecrinus,751756,Genus,Animalia,,
Patellidae,5,class,fathomnet+worms,Patellidae,113,Family,Animalia,,
Pennatula murrayi,5,class,fathomnet+worms,Pennatula murrayi,221130,Species,Animalia,,
Pentametrocrinidae,5,class,fathomnet+worms,Pentametrocrinidae,123151,Family,Animalia,,
Periphragella,5,class,fathomnet+worms,Periphragella,132105,Genus,Animalia,,
Pilematechinus,5,class,fathomnet+worms,Pilematechinus,160752,Genus,Animalia,,
Pleurocorallium porcellanum,5,class,fathomnet+worms,Pleurocorallium porcellanum,1311286,Species,Animalia,,
Pleuronectidae,5,class,fathomnet+worms,Pleuronectidae,125579,Family,Animalia,,
Plumarella circumoperculum,5,class,fathomnet+worms,Plumarella circumoperculum,574228,Species,Animalia,,
Polymyces,5,class,fathomnet+worms,Polymyces,267758,Genus,Animalia,,
Pseudochrysogorgia,5,class,fathomnet+worms,Pseudochrysogorgia,882825,Genus,Animalia,,
Pteraster reticulatus,5,class,fathomnet+worms,Pteraster reticulatus,369050,Species,Animalia,,
Sebastes auriculatus,5,class,fathomnet+worms,Sebastes auriculatus,274773,Species,Animalia,,
Sebastes crameri,5,class,fathomnet+worms,Sebastes crameri,274785,Species,Animalia,,
Sebastes ensifer,5,class,fathomnet+worms,Sebastes ensifer,274790,Species,Animalia,,
Sebastes ovalis,5,class,fathomnet+worms,Sebastes ovalis,274830,Species,Animalia,,
Siphonophora,5,class,fathomnet+worms,Siphonophora,892593,Genus,Animalia,,
Spongiactis,5,class,fathomnet+worms,Spongiactis,1048819,Genus,Animalia,,
Styelidae,5,class,fathomnet+worms,Styelidae,103450,Family,Animalia,,
Stylaster,5,class,fathomnet+worms,Stylaster,117246,Genus,Animalia,,
Terebellida,5,class,fathomnet+worms,Terebellida,900,Order,Animalia,,
Thoracica,5,class,fathomnet+worms,Thoracica,1107,Infraclass,Animalia,,
Thoridae,5,class,fathomnet+worms,Thoridae,883967,Family,Animalia,,
Urophycis cirrata,5,class,fathomnet+worms,Urophycis cirrata,272520,Species,Animalia,,
Zoanthidae,5,class,fathomnet+worms,Zoanthidae,100690,Family,Animalia,,
Aeginura,4,class,fathomnet+worms,Aeginura,116996,Genus,Animalia,,
Agalmatidae,4,class,fathomnet+worms,Agalmatidae,135344,Family,Animalia,,
Alcyoniidae,4,class,fathomnet+worms,Alcyoniidae,125269,Family,Animalia,,
Alicia,4,class,fathomnet+worms,Alicia,100720,Genus,Animalia,,
Alviniconcha hessleri,4,class,fathomnet+worms,Alviniconcha hessleri,449947,Species,Animalia,,
Amathillopsis,4,class,fathomnet+worms,Amathillopsis,101444,Genus,Animalia,,
Amblyraja hyperborea,4,class,fathomnet+worms,Amblyraja hyperborea,105863,Species,Animalia,,
Anchinothria fissurata,4,class,fathomnet+worms,Anchinothria fissurata,736596,Species,Animalia,,
Anthoptilidae,4,class,fathomnet+worms,Anthoptilidae,128480,Family,Animalia,,
Apristurus,4,class,fathomnet+worms,Apristurus,105727,Genus,Animalia,,
Arachnactidae,4,class,fathomnet+worms,Arachnactidae,100682,Family,Animalia,,
Astroceras,4,class,fathomnet+worms,Astroceras,242444,Genus,Animalia,,
Balticina californica,4,class,fathomnet+worms,Balticina californica,1392940,Species,Animalia,,
Bargmannia,4,class,fathomnet+worms,Bargmannia,135398,Genus,Animalia,,
Bathyalcyon,4,class,fathomnet+worms,Bathyalcyon,724717,Genus,Animalia,,
Bathybembix bairdii,4,class,fathomnet+worms,Bathybembix bairdii,512110,Species,Animalia,,
Bathydevius,4,class,fathomnet+worms,Bathydevius,1779672,Genus,Animalia,,
Bathymodiolus,4,class,fathomnet+worms,Bathymodiolus,138214,Genus,Animalia,,
Bathypathes conferta,4,class,fathomnet+worms,Bathypathes conferta,589657,Species,Animalia,,
Benthesicymus,4,class,fathomnet+worms,Benthesicymus,106811,Genus,Animalia,,
Benthopecten claviger,4,class,fathomnet+worms,Benthopecten claviger,380747,Species,Animalia,,
Beryx decadactylus,4,class,fathomnet+worms,Beryx decadactylus,126394,Species,Animalia,,
Callogorgia cracentis,4,class,fathomnet+worms,Callogorgia cracentis,1317063,Species,Animalia,,
Calyptogena,4,class,fathomnet+worms,Calyptogena,367971,Genus,Animalia,,
Candelabridae,4,class,fathomnet+worms,Candelabridae,1595,Family,Animalia,,
Candidella helminthophora,4,class,fathomnet+worms,Candidella helminthophora,286506,Species,Animalia,,
Cataetyx rubrirostris,4,class,fathomnet+worms,Cataetyx rubrirostris,272767,Species,Animalia,,
Chaetodon humeralis,4,class,fathomnet+worms,Chaetodon humeralis,273343,Species,Animalia,,
Cheloniidae,4,class,fathomnet+worms,Cheloniidae,136999,Family,Animalia,,
Circeaster sandrae,4,class,fathomnet+worms,Circeaster sandrae,254812,Species,Animalia,,
Clausophyes tropica,4,class,fathomnet+worms,Clausophyes tropica,287244,Species,Animalia,,
Coronaster,4,class,fathomnet+worms,Coronaster,123232,Genus,Animalia,,
Coronatae,4,class,fathomnet+worms,Coronatae,851649,Order,Animalia,,
Crateromorpha,4,class,fathomnet+worms,Crateromorpha,172068,Genus,Animalia,,
Crystallophyes,4,class,fathomnet+worms,Crystallophyes,135358,Genus,Animalia,,
Dendrobranchiata,4,class,fathomnet+worms,Dendrobranchiata,106669,Suborder,Animalia,,
Eguchipsammia fistula,4,class,fathomnet+worms,Eguchipsammia fistula,286983,Species,Animalia,,
Enallopsammia pusilla,4,class,fathomnet+worms,Enallopsammia pusilla,286988,Species,Animalia,,
Enypniastes,4,class,fathomnet+worms,Enypniastes,123526,Genus,Animalia,,
Etelis carbunculus,4,class,fathomnet+worms,Etelis carbunculus,212545,Species,Animalia,,
Eukrohnia fowleri,4,class,fathomnet+worms,Eukrohnia fowleri,105415,Species,Animalia,,
Gadomus,4,class,fathomnet+worms,Gadomus,125750,Genus,Animalia,,
Galiteuthis,4,class,fathomnet+worms,Galiteuthis,137848,Genus,Animalia,,
Geodiidae,4,class,fathomnet+worms,Geodiidae,131664,Family,Animalia,,
Halcurias,4,class,fathomnet+worms,Halcurias,267466,Genus,Animalia,,
Halicmetus niger,4,class,fathomnet+worms,Halicmetus niger,712513,Species,Animalia,,
Halosauridae,4,class,fathomnet+worms,Halosauridae,125500,Family,Animalia,,
Hermodice,4,class,fathomnet+worms,Hermodice,129187,Genus,Animalia,,
Hexanchus griseus,4,class,fathomnet+worms,Hexanchus griseus,105833,Species,Animalia,,
Holacanthus passer,4,class,fathomnet+worms,Holacanthus passer,276016,Species,Animalia,,
Holothuria (Vaneyothuria) zacae,4,class,fathomnet+worms,Holothuria (Vaneyothuria) zacae,241882,Species,Animalia,,
Hoplostethus crassispinus,4,class,fathomnet+worms,Hoplostethus crassispinus,272225,Species,Animalia,,
Hormathia,4,class,fathomnet+worms,Hormathia,100757,Genus,Animalia,,
Hydrodendron,4,class,fathomnet+worms,Hydrodendron,117105,Genus,Animalia,,
Hymenaster koehleri,4,class,fathomnet+worms,Hymenaster koehleri,369019,Species,Animalia,,
Idoteidae,4,class,fathomnet+worms,Idoteidae,118283,Family,Animalia,,
Ilyophinae,4,class,fathomnet+worms,Ilyophinae,151826,Subfamily,Animalia,,
Japetella diaphana,4,class,fathomnet+worms,Japetella diaphana,138849,Species,Animalia,,
Laetmogone wyvillethomsoni,4,class,fathomnet+worms,Laetmogone wyvillethomsoni,124757,Species,Animalia,,
Lepidotheca hebetis,4,class,fathomnet+worms,Paraerrina hebetis,1782267,Species,Animalia,,
Leuroglossus stilbius,4,class,fathomnet+worms,Leuroglossus stilbius,313514,Species,Animalia,,
Limidae,4,class,fathomnet+worms,Limidae,1778,Family,Animalia,,
Lithodes,4,class,fathomnet+worms,Lithodes,106845,Genus,Animalia,,
Lithodes longispina,4,class,fathomnet+worms,Lithodes longispina,550629,Species,Animalia,,
Luciobrotula,4,class,fathomnet+worms,Luciobrotula,158763,Genus,Animalia,,
Lycodes brevipes,4,class,fathomnet+worms,Lycodes brevipes,254595,Species,Animalia,,
Marianactis,4,class,fathomnet+worms,Marianactis,267578,Genus,Animalia,,
Melicertum,4,class,fathomnet+worms,Melicertum,117152,Genus,Animalia,,
Mesochordaeus erythrocephalus,4,class,fathomnet+worms,Mesochordaeus erythrocephalus,342465,Species,Animalia,,
Mesothuria,4,class,fathomnet+worms,Mesothuria,123465,Genus,Animalia,,
Narella hawaiiensis,4,class,fathomnet+worms,Narella hawaiiensis,1467969,Species,Animalia,,
Narella macrocalyx,4,class,fathomnet+worms,Narella macrocalyx,409566,Species,Animalia,,
Neocyttus acanthorhynchus,4,class,fathomnet+worms,Neocyttus acanthorhynchus,217960,Species,Animalia,,
Nepanthia,4,class,fathomnet+worms,Nepanthia,123288,Genus,Animalia,,
Nephropidae,4,class,fathomnet+worms,Nephropidae,106741,Family,Animalia,,
Odontaspis ferox,4,class,fathomnet+worms,Odontaspis ferox,105844,Species,Animalia,,
Ophioplinthaca defensor,4,class,fathomnet+worms,Ophioplinthaca defensor,243962,Species,Animalia,,
Pandea rubra,4,class,fathomnet+worms,Pandea rubra,117799,Species,Animalia,,
Paracalyptrophora spiralis,4,class,fathomnet+worms,Paracalyptrophora spiralis,1317089,Species,Animalia,,
Paraliparis rosaceus,4,class,fathomnet+worms,Paraliparis rosaceus,274608,Species,Animalia,,
Pennatulidae,4,class,fathomnet+worms,Pennatulidae,128484,Family,Animalia,,
Peribolaster biserialis,4,class,fathomnet+worms,Peribolaster biserialis,292746,Species,Animalia,,
Podoceridae,4,class,fathomnet+worms,Podoceridae,101405,Family,Animalia,,
Pristigenys serrula,4,class,fathomnet+worms,Pristigenys serrula,276037,Species,Animalia,,
Psychronaetes,4,class,fathomnet+worms,Psychronaetes,528604,Genus,Animalia,,
Psychropotes longicauda,4,class,fathomnet+worms,Psychropotes longicauda,124778,Species,Animalia,,
Psychropotes semperiana,4,class,fathomnet+worms,Psychropotes semperiana,124779,Species,Animalia,,
Pteroctopus hoylei,4,class,fathomnet+worms,Pteroctopus hoylei,342051,Species,Animalia,,
Pycnocraspedum,4,class,fathomnet+worms,Pycnocraspedum,204022,Genus,Animalia,,
Pycnopodia helianthoides,4,class,fathomnet+worms,Pycnopodia helianthoides,240764,Species,Animalia,,
Relicanthus,4,class,fathomnet+worms,Relicanthus,1338745,Genus,Animalia,,
Sarsia,4,class,fathomnet+worms,Sarsia,117070,Genus,Animalia,,
Scalicus,4,class,fathomnet+worms,Scalicus,712364,Genus,Animalia,,
Scleronephthya,4,class,fathomnet+worms,Scleronephthya,205324,Genus,Animalia,,
Sebastes mystinus,4,class,fathomnet+worms,Sebastes mystinus,274823,Species,Animalia,,
Sebastes phillipsi,4,class,fathomnet+worms,Sebastes phillipsi,274835,Species,Animalia,,
Sericolophus,4,class,fathomnet+worms,Ijimalophus,1423588,Genus,Animalia,,
Serrivomer,4,class,fathomnet+worms,Serrivomer,125650,Genus,Animalia,,
Solmundaegina nematophora,4,class,fathomnet+worms,Solmundaegina nematophora,1035143,Species,Animalia,,
Stauropathes staurocrada,4,class,fathomnet+worms,Stauropathes staurocrada,291113,Species,Animalia,,
Stenobrachius leucopsarus,4,class,fathomnet+worms,Stenobrachius leucopsarus,254363,Species,Animalia,,
Stereochlamis,4,class,fathomnet+worms,Stereochlamis,171644,Genus,Animalia,,
Stomatopoda,4,class,fathomnet+worms,Stomatopoda,14355,Order,Animalia,,
Stylocidaris rufa,4,class,fathomnet+worms,Stylocidaris rufa,513587,Species,Animalia,,
Symphurus thermophilus,4,class,fathomnet+worms,Symphurus thermophilus,398703,Species,Animalia,,
Synaphobranchus affinis,4,class,fathomnet+worms,Synaphobranchus affinis,158665,Species,Animalia,,
Synodus lacertinus,4,class,fathomnet+worms,Synodus lacertinus,272130,Species,Animalia,,
Tanyostea,4,class,fathomnet+worms,Tanyostea,1595369,Genus,Animalia,,
Teuthidodrilus,4,class,fathomnet+worms,Teuthidodrilus,556104,Genus,Animalia,,
Thouarella hilgendorfi,4,class,fathomnet+worms,Thouarella (Euthouarella) hilgendorfi,125413,Species,Animalia,,
Tonrometra,4,class,fathomnet+worms,Tonrometra,340804,Genus,Animalia,,
Trissopathes tristicha,4,class,fathomnet+worms,Trissopathes tristicha,291245,Species,Animalia,,
Turridae,4,class,fathomnet+worms,Turridae,152,Family,Animalia,,
Tylopathes,4,class,fathomnet+worms,Tylopathes,267934,Genus,Animalia,,
Umbellapathes helioanthes,4,class,fathomnet+worms,Umbellapathes helioanthes,291268,Species,Animalia,,
Viminella,4,class,fathomnet+worms,Viminella,125300,Genus,Animalia,,
Yoda purpurata,4,class,fathomnet+worms,Yoda purpurata,708677,Species,Animalia,,
Zaniolepis latipinnis,4,class,fathomnet+worms,Zaniolepis latipinnis,283209,Species,Animalia,,
Acanthacaris tenuimana,3,class,fathomnet+worms,Acanthacaris tenuimana,246160,Species,Animalia,,
Acanthonus armatus,3,class,fathomnet+worms,Acanthonus armatus,158998,Species,Animalia,,
Acanthurus xanthopterus,3,class,fathomnet+worms,Acanthurus xanthopterus,219634,Species,Animalia,,
Alcockianum alcockianum,3,class,fathomnet+worms,Alcockianum alcockianum,534911,Species,Animalia,,
Aldrovandia rostrata,3,class,fathomnet+worms,Aldrovandia rostrata,272739,Species,Animalia,,
Amathillopsis annectens,3,class,fathomnet+worms,Amathillopsis annectens,488310,Species,Animalia,,
Amperima rosea,3,class,fathomnet+worms,Amperima rosea,124723,Species,Animalia,,
Antipathella,3,class,fathomnet+worms,Antipathella,267233,Genus,Animalia,,
Aphanipathes,3,class,fathomnet+worms,Aphanipathes,103303,Genus,Animalia,,
Argyropelecus affinis,3,class,fathomnet+worms,Argyropelecus affinis,127307,Species,Animalia,,
Asteriidae,3,class,fathomnet+worms,Asteriidae,123121,Family,Animalia,,
Austinograea,3,class,fathomnet+worms,Austinograea,390899,Genus,Animalia,,
Barathronus,3,class,fathomnet+worms,Barathronus,125843,Genus,Animalia,,
Bassogigas walkeri,3,class,fathomnet+worms,Bassogigas walkeri,712476,Species,Animalia,,
Bathyctenidae,3,class,fathomnet+worms,Bathyctenidae,264856,Family,Animalia,,
Bathygorgia tasmaniensis,3,class,fathomnet+worms,Bathygorgia tasmaniensis,883740,Species,Animalia,,
Bathytyphlops marionae,3,class,fathomnet+worms,Bathytyphlops marionae,158864,Species,Animalia,,
Bathyuroconger vicinus,3,class,fathomnet+worms,Bathyuroconger vicinus,126284,Species,Animalia,,
Beryx splendens,3,class,fathomnet+worms,Beryx splendens,126395,Species,Animalia,,
Botrucnidifer,3,class,fathomnet+worms,Botrucnidifer,267273,Genus,Animalia,,
Buskiella,3,class,fathomnet+worms,Buskiella,324747,Genus,Animalia,,
Callistephanus,3,class,fathomnet+worms,Callistephanus,1473059,Genus,Animalia,,
Callistephanus pacificus,3,class,fathomnet+worms,Callistephanus pacificus,1567760,Species,Animalia,,
Callogorgia robusta,3,class,fathomnet+worms,Callogorgia robusta,286500,Species,Animalia,,
Calyptrophora carinata,3,class,fathomnet+worms,Calyptrophora carinata,1317068,Species,Animalia,,
Calyptrophora pourtalesi,3,class,fathomnet+worms,Calyptrophora pourtalesi,1317070,Species,Animalia,,
Calyptrophora wyvillei,3,class,fathomnet+worms,Calyptrophora wyvillei,287658,Species,Animalia,,
Cancridae,3,class,fathomnet+worms,Cancridae,106749,Family,Animalia,,
Cataetyx hawaiiensis,3,class,fathomnet+worms,Cataetyx hawaiiensis,272762,Species,Animalia,,
Charitometridae,3,class,fathomnet+worms,Charitometridae,196172,Family,Animalia,,
Chauliodus,3,class,fathomnet+worms,Chauliodus,126205,Genus,Animalia,,
Chaunax umbrinus,3,class,fathomnet+worms,Chaunax umbrinus,217857,Species,Animalia,,
Chlopsis,3,class,fathomnet+worms,Chlopsis,125621,Genus,Animalia,,
Chondrocladia,3,class,fathomnet+worms,Chondrocladia,131894,Genus,Animalia,,
Chrysogorgia abludo,3,class,fathomnet+worms,Chrysogorgia abludo,883734,Species,Animalia,,
Coelorinchus spilonotus,3,class,fathomnet+worms,Coelorinchus spilonotus,280344,Species,Animalia,,
Comatulidae,3,class,fathomnet+worms,Comatulidae,828512,Family,Animalia,,
Corallistes,3,class,fathomnet+worms,Corallistes,132080,Genus,Animalia,,
Corbitella,3,class,fathomnet+worms,Corbitella,171854,Genus,Animalia,,
Coronaster halicepus,3,class,fathomnet+worms,Coronaster halicepus,254848,Species,Animalia,,
Corymorphidae,3,class,fathomnet+worms,Corymorphidae,1598,Family,Animalia,,
Coryphaenoides yaquinae,3,class,fathomnet+worms,Coryphaenoides yaquinae,272358,Species,Animalia,,
Crotalometra,3,class,fathomnet+worms,Crotalometra,711232,Genus,Animalia,,
Crypthelia kelleyi,3,class,fathomnet+worms,Crypthelia kelleyi,954687,Species,Animalia,,
Cyclosalpa,3,class,fathomnet+worms,Cyclosalpa,137227,Genus,Animalia,,
Cyclothone pallida,3,class,fathomnet+worms,Cyclothone pallida,127288,Species,Animalia,,
Deiopea,3,class,fathomnet+worms,Deiopea,106353,Genus,Animalia,,
Dendropathes bacotaylorae,3,class,fathomnet+worms,Dendropathes bacotaylorae,289796,Species,Animalia,,
Desmophyllum,3,class,fathomnet+worms,Desmophyllum,135093,Genus,Animalia,,
Dicrolene,3,class,fathomnet+worms,Dicrolene,159129,Genus,Animalia,,
Doliolidae,3,class,fathomnet+worms,Doliolidae,137215,Family,Animalia,,
Earleria,3,class,fathomnet+worms,Earleria,395323,Genus,Animalia,,
Eguchipsammia,3,class,fathomnet+worms,Eguchipsammia,135111,Genus,Animalia,,
Elacatinus evelynae,3,class,fathomnet+worms,Elacatinus evelynae,280601,Species,Animalia,,
Ellisellidae,3,class,fathomnet+worms,Ellisellidae,125274,Family,Animalia,,
Enallopsammia,3,class,fathomnet+worms,Enallopsammia,135112,Genus,Animalia,,
Enteroctopus,3,class,fathomnet+worms,Enteroctopus,341422,Genus,Animalia,,
Entosphenus tridentatus,3,class,fathomnet+worms,Entosphenus tridentatus,314348,Species,Animalia,,
Euchirella bitumida,3,class,fathomnet+worms,Euchirella bitumida,104298,Species,Animalia,,
Euchone,3,class,fathomnet+worms,Euchone,129528,Genus,Animalia,,
Eumedusa,3,class,fathomnet+worms,Eumedusa,158161,Genus,Animalia,,
Eumunida treguieri,3,class,fathomnet+worms,Eumunida treguieri,392016,Species,Animalia,,
Eunicella,3,class,fathomnet+worms,Eunicella,125301,Genus,Animalia,,
Eurete,3,class,fathomnet+worms,Eurete,132104,Genus,Animalia,,
Forcipiger flavissimus,3,class,fathomnet+worms,Forcipiger flavissimus,218760,Species,Animalia,,
Gadomus melanopterus,3,class,fathomnet+worms,Gadomus melanopterus,272366,Species,Animalia,,
Galatheathuria,3,class,fathomnet+worms,Galatheathuria,428543,Genus,Animalia,,
Gaza daedala,3,class,fathomnet+worms,Gaza daedala,594177,Species,Animalia,,
Gonatidae,3,class,fathomnet+worms,Gonatidae,11743,Family,Animalia,,
Gymnosomata,3,class,fathomnet+worms,Gymnosomata,164,Suborder,Animalia,,
Gymnothorax kidako,3,class,fathomnet+worms,Gymnothorax kidako,271843,Species,Animalia,,
Halieutaea,3,class,fathomnet+worms,Halieutaea,206650,Genus,Animalia,,
Halistemma rubrum,3,class,fathomnet+worms,Halistemma rubrum,135490,Species,Animalia,,
Hexapathes heterosticha,3,class,fathomnet+worms,Hexapathes heterosticha,290115,Species,Animalia,,
Hoplolatilus,3,class,fathomnet+worms,Hoplolatilus,205418,Genus,Animalia,,
Hormiphora,3,class,fathomnet+worms,Hormiphora,106344,Genus,Animalia,,
Hymenaster pentagonalis,3,class,fathomnet+worms,Hymenaster pentagonalis,369021,Species,Animalia,,
Hyporthodus octofasciatus,3,class,fathomnet+worms,Hyporthodus octofasciatus,475079,Species,Animalia,,
Ilyophis arx,3,class,fathomnet+worms,Ilyophis arx,126324,Species,Animalia,,
Ipnops meadi,3,class,fathomnet+worms,Ipnops meadi,275831,Species,Animalia,,
Kuronezumia,3,class,fathomnet+worms,Kuronezumia,205768,Genus,Animalia,,
Lagenorhynchus obliquidens,3,class,fathomnet+worms,Sagmatias obliquidens,1571909,Species,Animalia,,
Lamprogrammus,3,class,fathomnet+worms,Lamprogrammus,125861,Genus,Animalia,,
Leucicorus,3,class,fathomnet+worms,Leucicorus,269678,Genus,Animalia,,
Leucicorus atlanticus,3,class,fathomnet+worms,Leucicorus atlanticus,281339,Species,Animalia,,
Leucicorus lusciosus,3,class,fathomnet+worms,Leucicorus lusciosus,281340,Species,Animalia,,
Liopropoma fasciatum,3,class,fathomnet+worms,Liopropoma fasciatum,275942,Species,Animalia,,
Lophiiformes,3,class,fathomnet+worms,Lophiiformes,10316,Order,Animalia,,
Lophiodes beroe,3,class,fathomnet+worms,Lophiodes beroe,278523,Species,Animalia,,
Malacocephalus boretzi,3,class,fathomnet+worms,Malacocephalus boretzi,272390,Species,Animalia,,
Massya longecirrata,3,class,fathomnet+worms,Massya longecirrata,416647,Species,Animalia,,
Melichthys niger,3,class,fathomnet+worms,Melichthys niger,219881,Species,Animalia,,
Mikadotrochus,3,class,fathomnet+worms,Mikadotrochus,413450,Genus,Animalia,,
Monomitopus,3,class,fathomnet+worms,Monomitopus,125862,Genus,Animalia,,
Munneurycope murrayi,3,class,fathomnet+worms,Munneurycope murrayi,118632,Species,Animalia,,
Narella calamus,3,class,fathomnet+worms,Narella calamus,1317084,Species,Animalia,,
Narella horrida,3,class,fathomnet+worms,Narella horrida,286520,Species,Animalia,,
Narella hypsocalyx,3,class,fathomnet+worms,Narella hypsocalyx,719480,Species,Animalia,,
Narella merga,3,class,fathomnet+worms,Narella merga,1317080,Species,Animalia,,
Narella vermifera,3,class,fathomnet+worms,Narella vermifera,409565,Species,Animalia,,
Nematocarcinus longirostris,3,class,fathomnet+worms,Nematocarcinus longirostris,514315,Species,Animalia,,
Nematocarcinus tenuirostris,3,class,fathomnet+worms,Nematocarcinus tenuirostris,514332,Species,Animalia,,
Neobythites,3,class,fathomnet+worms,Neobythites,182835,Genus,Animalia,,
Neogastropoda,3,class,fathomnet+worms,Neogastropoda,146,Order,Animalia,,
Neopilina,3,class,fathomnet+worms,Neopilina,343675,Genus,Animalia,,
Neoscopelus macrolepidotus,3,class,fathomnet+worms,Neoscopelus macrolepidotus,126634,Species,Animalia,,
Nezumia liolepis,3,class,fathomnet+worms,Nezumia liolepis,272416,Species,Animalia,,
Notostomus,3,class,fathomnet+worms,Notostomus,107025,Genus,Animalia,,
Octacnemus,3,class,fathomnet+worms,Octacnemus,103501,Genus,Animalia,,
Oncorhynchus,3,class,fathomnet+worms,Oncorhynchus,126140,Genus,Animalia,,
Ophioleucidae,3,class,fathomnet+worms,Ophioleucidae,123198,Family,Animalia,,
Ophioplinthaca clothilde,3,class,fathomnet+worms,Ophioplinthaca clothilde,243959,Species,Animalia,,
Osmeriformes,3,class,fathomnet+worms,Osmeriformes,10304,Order,Animalia,,
Ostracoda,3,class,fathomnet+worms,Ostracoda,1078,Class,Animalia,,
Paralepididae,3,class,fathomnet+worms,Paralepididae,125447,Family,Animalia,,
Paramunnopsis,3,class,fathomnet+worms,Paramunnopsis,118378,Genus,Animalia,,
Parantipathes larix,3,class,fathomnet+worms,Parantipathes larix,103328,Species,Animalia,,
Parascombrops,3,class,fathomnet+worms,Parascombrops,1043466,Genus,Animalia,,
Parastichopus leukothele,3,class,fathomnet+worms,Apostichopus leukothele,529431,Species,Animalia,,
Paropsurus giganteus,3,class,fathomnet+worms,Paropsurus giganteus,261959,Species,Animalia,,
Pelagothuria natatrix,3,class,fathomnet+worms,Pelagothuria natatrix,148777,Species,Animalia,,
Physiculus,3,class,fathomnet+worms,Physiculus,125770,Genus,Animalia,,
Physiculus rhodopinnis,3,class,fathomnet+worms,Physiculus rhodopinnis,272511,Species,Animalia,,
Plesiobatis daviesi,3,class,fathomnet+worms,Plesiobatis daviesi,220089,Species,Animalia,,
Pleurobranchaea,3,class,fathomnet+worms,Pleurobranchaea,138363,Genus,Animalia,,
Pleurochorium,3,class,fathomnet+worms,Pleurochorium,171678,Genus,Animalia,,
Polymastiidae,3,class,fathomnet+worms,Polymastiidae,131673,Family,Animalia,,
Pontinus macrocephalus,3,class,fathomnet+worms,Pontinus macrocephalus,274689,Species,Animalia,,
Pontinus sierra,3,class,fathomnet+worms,Pontinus sierra,274693,Species,Animalia,,
Porphyrocrinus,3,class,fathomnet+worms,Porphyrocrinus,123347,Genus,Animalia,,
Psilocalyx wilsoni,3,class,fathomnet+worms,Psilocalyx wilsoni,171808,Species,Animalia,,
Psychrolutidae,3,class,fathomnet+worms,Psychrolutidae,125594,Family,Animalia,,
Psychropotidae,3,class,fathomnet+worms,Psychropotidae,123194,Family,Animalia,,
Ptilosarcus,3,class,fathomnet+worms,Ptilosarcus,267795,Genus,Animalia,,
Pyuridae,3,class,fathomnet+worms,Pyuridae,103449,Family,Animalia,,
Rhabdocalyptus,3,class,fathomnet+worms,Acanthascus (Rhabdocalyptus),171972,Genus,Animalia,,
Rochinia,3,class,fathomnet+worms,Rochinia,106913,Genus,Animalia,,
Scalpelliformes,3,class,fathomnet+worms,Scalpellomorpha,106038,Order,Animalia,,
Schizopathes,3,class,fathomnet+worms,Schizopathes,103307,Genus,Animalia,,
Sclerothamnopsis compressa,3,class,fathomnet+worms,Sclerothamnopsis compressa,171810,Species,Animalia,,
Scorpaeniformes,3,class,fathomnet+worms,Scorpaenoidei,154247,Order,Animalia,,
Scyliorhinidae,3,class,fathomnet+worms,Scyliorhinidae,105693,Family,Animalia,,
Sebastolobinae,3,class,fathomnet+worms,Sebastolobinae,154408,Subfamily,Animalia,,
Sepia,3,class,fathomnet+worms,Sepia,138477,Genus,Animalia,,
Setarches guentheri,3,class,fathomnet+worms,Setarches guentheri,127258,Species,Animalia,,
Shinkailepas,3,class,fathomnet+worms,Shinkailepas,180861,Genus,Animalia,,
Sladenia zhui,3,class,fathomnet+worms,Sladenia zhui,712498,Species,Animalia,,
Solocisquama erythrina,3,class,fathomnet+worms,Solocisquama erythrina,282828,Species,Animalia,,
Spatangus californicus,3,class,fathomnet+worms,Spatangus californicus,513547,Species,Animalia,,
Spectrunculus,3,class,fathomnet+worms,Spectrunculus,125865,Genus,Animalia,,
Spongicola,3,class,fathomnet+worms,Spongicola,348054,Genus,Animalia,,
Stichopodidae,3,class,fathomnet+worms,Stichopodidae,123184,Family,Animalia,,
Stylocidaris calacantha,3,class,fathomnet+worms,Stylocidaris calacantha,513579,Species,Animalia,,
Sympagurus dofleini,3,class,fathomnet+worms,Sympagurus dofleini,368076,Species,Animalia,,
Symphysanodon maunaloae,3,class,fathomnet+worms,Symphysanodon maunaloae,276567,Species,Animalia,,
Tactostoma macropus,3,class,fathomnet+worms,Tactostoma macropus,282922,Species,Animalia,,
Tetragondacnus spilotus,3,class,fathomnet+worms,Tetragondacnus spilotus,398387,Species,Animalia,,
Thaumatocrinus,3,class,fathomnet+worms,Thaumatocrinus,123363,Genus,Animalia,,
Thermarces cerberus,3,class,fathomnet+worms,Thermarces cerberus,282964,Species,Animalia,,
Torquaratoridae,3,class,fathomnet+worms,Torquaratoridae,258461,Family,Animalia,,
Trissopathes tetracrada,3,class,fathomnet+worms,Trissopathes tetracrada,291244,Species,Animalia,,
Umbellulidae,3,class,fathomnet+worms,Umbellulidae,1758274,Family,Animalia,,
Zalembius,3,class,fathomnet+worms,Zalembius,271270,Genus,Animalia,,
Zenometridae,3,class,fathomnet+worms,Zenometridae,163752,Family,Animalia,,
Abyssoberyx,2,class,fathomnet+worms,Abyssoberyx,397696,Genus,Animalia,,
Abyssopathes,2,class,fathomnet+worms,Abyssopathes,267184,Genus,Animalia,,
Abyssopathes lyra,2,class,fathomnet+worms,Abyssopathes lyra,289303,Species,Animalia,,
Acanella dispar,2,class,fathomnet+worms,Acanella dispar,286298,Species,Animalia,,
Acanthephyra eximia,2,class,fathomnet+worms,Acanthephyra eximia,564909,Species,Animalia,,
Aeginidae,2,class,fathomnet+worms,Aeginidae,16846,Family,Animalia,,
Aeolidiidae,2,class,fathomnet+worms,Aeolidiidae,192,Family,Animalia,,
Aequorea aequorea,2,class,fathomnet+worms,Aequorea forskalea,117270,Species,Animalia,,
Aldrovandia,2,class,fathomnet+worms,Aldrovandia,125837,Genus,Animalia,,
Alepas pacifica,2,class,fathomnet+worms,Alepas pacifica,534913,Species,Animalia,,
Alopias superciliosus,2,class,fathomnet+worms,Alopias superciliosus,105835,Species,Animalia,,
Amphiprion,2,class,fathomnet+worms,Amphiprion,205723,Genus,Animalia,,
Apogonidae,2,class,fathomnet+worms,Apogonidae,125518,Family,Animalia,,
Apostichopus californicus,2,class,fathomnet+worms,Apostichopus californicus,529363,Species,Animalia,,
Arachnactis,2,class,fathomnet+worms,Arachnactis,100778,Genus,Animalia,,
Aristeidae,2,class,fathomnet+worms,Aristeidae,106725,Family,Animalia,,
Articulata,2,class,fathomnet+worms,Articulata,183494,Subclass,Animalia,,
Astronesthes,2,class,fathomnet+worms,Astronesthes,126202,Genus,Animalia,,
Astropecten,2,class,fathomnet+worms,Astropecten,123245,Genus,Animalia,,
Astropectinidae,2,class,fathomnet+worms,Astropectinidae,123127,Family,Animalia,,
Aulostomus chinensis,2,class,fathomnet+worms,Aulostomus chinensis,217964,Species,Animalia,,
Babamunida plexaura,2,class,fathomnet+worms,Babamunida plexaura,392186,Species,Animalia,,
Barathrites,2,class,fathomnet+worms,Barathrites,125855,Genus,Animalia,,
Barbourisia rufa,2,class,fathomnet+worms,Barbourisia rufa,159425,Species,Animalia,,
Bassozetus nasus,2,class,fathomnet+worms,Bassozetus nasus,272792,Species,Animalia,,
Bathycrininae,2,class,fathomnet+worms,Bathycrininae,722847,Subfamily,Animalia,,
Bathygorgia abyssicola,2,class,fathomnet+worms,Bathygorgia abyssicola,883739,Species,Animalia,,
Bathylagus,2,class,fathomnet+worms,Bathylagus,125888,Genus,Animalia,,
Bathypathes seculata,2,class,fathomnet+worms,Bathypathes seculata,283948,Species,Animalia,,
Bathystylodactylus bathyalis,2,class,fathomnet+worms,Bathystylodactylus bathyalis,514389,Species,Animalia,,
Bembradium,2,class,fathomnet+worms,Bembradium,268530,Genus,Animalia,,
Benthesicymus laciniatus,2,class,fathomnet+worms,Benthesicymus laciniatus,107090,Species,Animalia,,
Benthonectes,2,class,fathomnet+worms,Benthonectes,106812,Genus,Animalia,,
Beringraja stellulata,2,class,fathomnet+worms,Caliraja stellulata,1803740,Species,Animalia,,
Bodianus cylindriatus,2,class,fathomnet+worms,Bodianus cylindriatus,273526,Species,Animalia,,
Bonellia viridis,2,class,fathomnet+worms,Bonellia viridis,110363,Species,Animalia,,
Branchinotogluma,2,class,fathomnet+worms,Branchinotogluma,324929,Genus,Animalia,,
Brisinga,2,class,fathomnet+worms,Brisinga,123210,Genus,Animalia,,
Brotula multibarbata,2,class,fathomnet+worms,Brotula multibarbata,217797,Species,Animalia,,
Caenopedina hawaiiensis,2,class,fathomnet+worms,Caenopedina hawaiiensis,456751,Species,Animalia,,
Calappidae,2,class,fathomnet+worms,Calappidae,106747,Family,Animalia,,
Calibelemnon,2,class,fathomnet+worms,Calibelemnon,205127,Genus,Animalia,,
Callianassidae,2,class,fathomnet+worms,Callianassidae,106800,Family,Animalia,,
Calliaster pedicellaris,2,class,fathomnet+worms,Calliaster pedicellaris,368798,Species,Animalia,,
Callistoctopus,2,class,fathomnet+worms,Pinnoctopus,341453,Genus,Animalia,,
Calocarcinus,2,class,fathomnet+worms,Calocarcinus,206047,Genus,Animalia,,
Calyptrophora clarki,2,class,fathomnet+worms,Calyptrophora clarki,287651,Species,Animalia,,
Calyptrophora lyra,2,class,fathomnet+worms,Calyptrophora lyra,1317066,Species,Animalia,,
Canalipalpata,2,class,fathomnet+worms,Canalipalpata,154974,Infraclass,Animalia,,
Carcharhiniformes,2,class,fathomnet+worms,Carcharhiniformes,10210,Order,Animalia,,
Carcharhinus albimarginatus,2,class,fathomnet+worms,Carcharhinus albimarginatus,217352,Species,Animalia,,
Caryophyllia,2,class,fathomnet+worms,Caryophyllia,135085,Genus,Animalia,,
Caryophyllia atlantica,2,class,fathomnet+worms,Caryophyllia (Caryophyllia) atlantica,135136,Species,Animalia,,
Centroberyx druzhinini,2,class,fathomnet+worms,Centroberyx druzhinini,276893,Species,Animalia,,
Cerataspis,2,class,fathomnet+worms,Cerataspis,589793,Genus,Animalia,,
Chaunax endeavouri,2,class,fathomnet+worms,Chaunax endeavouri,272550,Species,Animalia,,
Chirostylus,2,class,fathomnet+worms,Chirostylus,148414,Genus,Animalia,,
Chrysogorgia admete,2,class,fathomnet+worms,Parachrysogorgia admete,1671463,Species,Animalia,,
Cirroteuthis,2,class,fathomnet+worms,Cirroteuthis,153091,Genus,Animalia,,
Clypeaster lytopetalus,2,class,fathomnet+worms,Clypeaster lytopetalus,513188,Species,Animalia,,
Cnemidocarpa finmarkiensis,2,class,fathomnet+worms,Cnemidocarpa finmarkiensis,103870,Species,Animalia,,
Coelorinchus cingulatus,2,class,fathomnet+worms,Coelorinchus cingulatus,280268,Species,Animalia,,
Coelorinchus tokiensis,2,class,fathomnet+worms,Coelorinchus tokiensis,280349,Species,Animalia,,
Corallimorphus denhartogi,2,class,fathomnet+worms,Corallimorphus denhartogi,283828,Species,Animalia,,
Cordagalma,2,class,fathomnet+worms,Cordagalma,135386,Genus,Animalia,,
Cottoidei,2,class,fathomnet+worms,Cottoidei,154417,Suborder,Animalia,,
Cranchia,2,class,fathomnet+worms,Cranchia,181385,Genus,Animalia,,
Crypthelia,2,class,fathomnet+worms,Crypthelia,117241,Genus,Animalia,,
Culeolus recumbens,2,class,fathomnet+worms,Culeolus recumbens,250404,Species,Animalia,,
Cunina,2,class,fathomnet+worms,Cunina,117072,Genus,Animalia,,
Cupressopathes,2,class,fathomnet+worms,Cupressopathes,267357,Genus,Animalia,,
Cupressopathes abies,2,class,fathomnet+worms,Cupressopathes abies,289759,Species,Animalia,,
Cyclothone parapallida,2,class,fathomnet+worms,Cyclothone parapallida,274946,Species,Animalia,,
Cyllometra manca,2,class,fathomnet+worms,Cyllometra manca,711362,Species,Animalia,,
Cyphoma gibbosum,2,class,fathomnet+worms,Cyphoma gibbosum,432297,Species,Animalia,,
Cyttomimus,2,class,fathomnet+worms,Cyttomimus,268935,Genus,Animalia,,
Dendronotus patricki,2,class,fathomnet+worms,Dendronotus patricki,577361,Species,Animalia,,
Diastobranchus capensis,2,class,fathomnet+worms,Diastobranchus capensis,158656,Species,Animalia,,
Distichopora,2,class,fathomnet+worms,Distichopora,205513,Genus,Animalia,,
Dolioletta,2,class,fathomnet+worms,Dolioletta,137219,Genus,Animalia,,
Doliolula equus,2,class,fathomnet+worms,Doliolula equus,720105,Species,Animalia,,
Dytaster gilberti,2,class,fathomnet+worms,Dytaster gilberti,380342,Species,Animalia,,
Echidna nebulosa,2,class,fathomnet+worms,Echidna nebulosa,217469,Species,Animalia,,
Echinometridae,2,class,fathomnet+worms,Echinometridae,179653,Family,Animalia,,
Ectreposebastes imus,2,class,fathomnet+worms,Ectreposebastes imus,159566,Species,Animalia,,
Eknomoliparis chirichignoae,2,class,fathomnet+worms,Eknomoliparis chirichignoae,280596,Species,Animalia,,
Eleutherobia,2,class,fathomnet+worms,Eleutherobia,203986,Genus,Animalia,,
Elysia,2,class,fathomnet+worms,Elysia,137928,Genus,Animalia,,
Eptatretus carlhubbsi,2,class,fathomnet+worms,Eptatretus carlhubbsi,279274,Species,Animalia,,
Eptatretus sinus,2,class,fathomnet+worms,Eptatretus sinus,279296,Species,Animalia,,
Etelis,2,class,fathomnet+worms,Etelis,159788,Genus,Animalia,,
Etelis coruscans,2,class,fathomnet+worms,Etelis coruscans,212544,Species,Animalia,,
Etelis radiosus,2,class,fathomnet+worms,Etelis radiosus,276518,Species,Animalia,,
Etmopteridae,2,class,fathomnet+worms,Etmopteridae,267045,Family,Animalia,,
Etmopterus,2,class,fathomnet+worms,Etmopterus,105775,Genus,Animalia,,
Eucryphycus californicus,2,class,fathomnet+worms,Eucryphycus californicus,280736,Species,Animalia,,
Eumegistus illustris,2,class,fathomnet+worms,Eumegistus illustris,280749,Species,Animalia,,
Euphausiidae,2,class,fathomnet+worms,Euphausiidae,110671,Family,Animalia,,
Euplectella,2,class,fathomnet+worms,Euplectella,132114,Genus,Animalia,,
Euplexaura,2,class,fathomnet+worms,Euplexaura,204195,Genus,Animalia,,
Evoplosoma forcipifera,2,class,fathomnet+worms,Evoplosoma forcipifera,242159,Species,Animalia,,
Facciolella,2,class,fathomnet+worms,Facciolella,125640,Genus,Animalia,,
Farrea truncata,2,class,fathomnet+worms,Farrea truncata,747394,Species,Animalia,,
Forcipulatacea,2,class,fathomnet+worms,Forcipulatacea,582527,Superorder,Animalia,,
Frillagalma,2,class,fathomnet+worms,Frillagalma,135388,Genus,Animalia,,
Fritillariidae,2,class,fathomnet+worms,Fritillariidae,103354,Family,Animalia,,
Fungiacyathus,2,class,fathomnet+worms,Fungiacyathus,135119,Genus,Animalia,,
Galacantha rostrata,2,class,fathomnet+worms,Galacantha rostrata,392211,Species,Animalia,,
Gandalfus yunohana,2,class,fathomnet+worms,Gandalfus yunohana,440292,Species,Animalia,,
Gephyroberyx,2,class,fathomnet+worms,Gephyroberyx,125705,Genus,Animalia,,
Gigantocypris,2,class,fathomnet+worms,Gigantocypris,127522,Genus,Animalia,,
Gilbertaster anacanthus,2,class,fathomnet+worms,Gilbertaster anacanthus,254888,Species,Animalia,,
Glyphocrangon,2,class,fathomnet+worms,Glyphocrangon,107014,Genus,Animalia,,
Gnathophis,2,class,fathomnet+worms,Gnathophis,125625,Genus,Animalia,,
Gorgonocephalus dolichodactylus,2,class,fathomnet+worms,Gorgonocephalus dolichodactylus,243262,Species,Animalia,,
Grammatonotus macrophthalmus,2,class,fathomnet+worms,Grammatonotus macrophthalmus,280939,Species,Animalia,,
Grammicolepis brachiusculus,2,class,fathomnet+worms,Grammicolepis brachiusculus,127420,Species,Animalia,,
Guentherus katoi,2,class,fathomnet+worms,Guentherus katoi,398369,Species,Animalia,,
Gymnosarda unicolor,2,class,fathomnet+worms,Gymnosarda unicolor,219712,Species,Animalia,,
Halcampidae,2,class,fathomnet+worms,Halcampidae,100667,Family,Animalia,,
Halcampoides,2,class,fathomnet+worms,Halcampoides,100743,Genus,Animalia,,
Halieutopsis,2,class,fathomnet+worms,Halieutopsis,206334,Genus,Animalia,,
Halimochirurgus alcocki,2,class,fathomnet+worms,Halimochirurgus alcocki,280983,Species,Animalia,,
Hexatrygon bickelli,2,class,fathomnet+worms,Hexatrygon bickelli,221455,Species,Animalia,,
Hippasteria imperialis,2,class,fathomnet+worms,Hippasteria imperialis,254894,Species,Animalia,,
Histiobranchus bathybius,2,class,fathomnet+worms,Histiobranchus bathybius,126323,Species,Animalia,,
Histocidaris carinata,2,class,fathomnet+worms,Histocidaris carinata,513330,Species,Animalia,,
Holacanthus ciliaris,2,class,fathomnet+worms,Holacanthus ciliaris,276012,Species,Animalia,,
Hoplostethus,2,class,fathomnet+worms,Hoplostethus,125706,Genus,Animalia,,
Hydrolagus trolli,2,class,fathomnet+worms,Hydrolagus trolli,271418,Species,Animalia,,
Hymenopenaeus,2,class,fathomnet+worms,Hymenopenaeus,106825,Genus,Animalia,,
Hymenopenaeus doris,2,class,fathomnet+worms,Hymenopenaeus doris,377450,Species,Animalia,,
Hyocrinus,2,class,fathomnet+worms,Hyocrinus,340805,Genus,Animalia,,
Incirrata,2,class,fathomnet+worms,Incirrata,11733,Suborder,Animalia,,
Isocrinina,2,class,fathomnet+worms,Isocrinida,123095,Suborder,Animalia,,
Javania,2,class,fathomnet+worms,Javania,135115,Genus,Animalia,,
Kochichthys flavofasciatus,2,class,fathomnet+worms,Kochichthys flavofasciatus,281224,Species,Animalia,,
Labridae,2,class,fathomnet+worms,Labridae,125541,Family,Animalia,,
Laemonema rhodochir,2,class,fathomnet+worms,Laemonema rhodochir,272478,Species,Animalia,,
Laemonema robustum,2,class,fathomnet+worms,Laemonema robustum,126491,Species,Animalia,,
Leiodermatium,2,class,fathomnet+worms,Leiodermatium,132086,Genus,Animalia,,
Leiopathes annosa,2,class,fathomnet+worms,Leiopathes annosa,888633,Species,Animalia,,
Lepidopora,2,class,fathomnet+worms,Lepidopora,117243,Genus,Animalia,,
Lepidopsetta bilineata,2,class,fathomnet+worms,Lepidopsetta bilineata,281305,Species,Animalia,,
Lithodoidea,2,class,fathomnet+worms,Lithodidae,106737,Superfamily,Animalia,,
Lutjanus argentiventris,2,class,fathomnet+worms,Lutjanus argentiventris,276524,Species,Animalia,,
Marrus,2,class,fathomnet+worms,Marrus,135391,Genus,Animalia,,
Melanostigma pammelas,2,class,fathomnet+worms,Melanostigma pammelas,274134,Species,Animalia,,
Metadynomene tanensis,2,class,fathomnet+worms,Metadynomene tanensis,440137,Species,Animalia,,
Microstomatidae,2,class,fathomnet+worms,Microstomatidae,125511,Family,Animalia,,
Munnicope,2,class,fathomnet+worms,Munnicope,248995,Genus,Animalia,,
Mytilidae,2,class,fathomnet+worms,Mytilidae,211,Family,Animalia,,
Myxasteridae,2,class,fathomnet+worms,Myxasteridae,123141,Family,Animalia,,
Nassariidae,2,class,fathomnet+worms,Nassariidae,151,Family,Animalia,,
Nebaliacea,2,class,fathomnet+worms,Nebaliacea,147028,Suborder,Animalia,,
Nemichthyidae,2,class,fathomnet+worms,Nemichthyidae,125432,Family,Animalia,,
Neotrygon,2,class,fathomnet+worms,Neotrygon,397897,Genus,Animalia,,
Nidaliidae,2,class,fathomnet+worms,Nidaliidae,196169,Family,Animalia,,
Oceanapia,2,class,fathomnet+worms,Oceanapia,131852,Genus,Animalia,,
Octacnemidae,2,class,fathomnet+worms,Octacnemidae,103446,Family,Animalia,,
Odontanthias unimaculatus,2,class,fathomnet+worms,Odontanthias unimaculatus,311421,Species,Animalia,,
Ophichthus,2,class,fathomnet+worms,Ophichthus,125647,Genus,Animalia,,
Ophichthus kunaloa,2,class,fathomnet+worms,Ophichthus kunaloa,271959,Species,Animalia,,
Ophidiaster,2,class,fathomnet+worms,Ophidiaster,123314,Genus,Animalia,,
Ophioleuce,2,class,fathomnet+worms,Ophioleuce,172639,Genus,Animalia,,
Ophiura aequalis,2,class,fathomnet+worms,Ophiura aequalis,244256,Species,Animalia,,
Opisthoteuthis,2,class,fathomnet+worms,Opisthoteuthis,138294,Genus,Animalia,,
Opisthoteuthis californiana,2,class,fathomnet+worms,Insigniteuthis albatrossi,1813559,Species,Animalia,,
Osteodiscus,2,class,fathomnet+worms,Osteodiscus,270136,Genus,Animalia,,
Ostichthys,2,class,fathomnet+worms,Ostichthys,159398,Genus,Animalia,,
Oxynaspis,2,class,fathomnet+worms,Oxynaspis,106088,Genus,Animalia,,
Pachastrellidae,2,class,fathomnet+worms,Pachastrellidae,131665,Family,Animalia,,
Parabothus,2,class,fathomnet+worms,Parabothus,270184,Genus,Animalia,,
Paracaesio,2,class,fathomnet+worms,Paracaesio,206169,Genus,Animalia,,
Paracalyptrophora echinata,2,class,fathomnet+worms,Paracalyptrophora echinata,883732,Species,Animalia,,
Paragorgia coralloides,2,class,fathomnet+worms,Paragorgia coralloides,286602,Species,Animalia,,
Paralithodes rathbuni,2,class,fathomnet+worms,Paralithodes rathbuni,550645,Species,Animalia,,
Paralomis birsteini,2,class,fathomnet+worms,Paralomis birsteini,246545,Species,Animalia,,
Paralomis seagranti,2,class,fathomnet+worms,Paralomis seagranti,550598,Species,Animalia,,
Paranepanthia,2,class,fathomnet+worms,Paranepanthia,377369,Genus,Animalia,,
Parasicyonis,2,class,fathomnet+worms,Parasicyonis,100713,Genus,Animalia,,
Parastenella ramosa,2,class,fathomnet+worms,Parastenella ramosa,290684,Species,Animalia,,
Paraulopus,2,class,fathomnet+worms,Paraulopus,270275,Genus,Animalia,,
Paromola,2,class,fathomnet+worms,Paromola,106869,Genus,Animalia,,
Paropsurus,2,class,fathomnet+worms,Paropsurus,249149,Genus,Animalia,,
Parvilux,2,class,fathomnet+worms,Parvilux,270310,Genus,Animalia,,
Peinaleopolynoe orphanae,2,class,fathomnet+worms,Peinaleopolynoe orphanae,1436333,Species,Animalia,,
Pelagobia longicirrata,2,class,fathomnet+worms,Pelagobia longicirrata,130219,Species,Animalia,,
Penaeoidea,2,class,fathomnet+worms,Penaeoidea,106683,Superfamily,Animalia,,
Peracarida,2,class,fathomnet+worms,Peracarida,1090,Superorder,Animalia,,
Phrissocystis,2,class,fathomnet+worms,Phrissocystis,512940,Genus,Animalia,,
Phymorhynchus,2,class,fathomnet+worms,Phymorhynchus,137827,Genus,Animalia,,
Placopegma,2,class,fathomnet+worms,Placopegma,171932,Genus,Animalia,,
Platepistoma macrophthalmum,2,class,fathomnet+worms,Platepistoma macrophthalmum,440394,Species,Animalia,,
Platyhelminthes,2,class,fathomnet+worms,Platyhelminthes,793,Phylum,Animalia,,
Plectobranchus evides,2,class,fathomnet+worms,Plectobranchus evides,282283,Species,Animalia,,
Plectranthias xanthomaculatus,2,class,fathomnet+worms,Sayonara xanthomaculata,1846862,Species,Animalia,,
Plesionika pacifica,2,class,fathomnet+worms,Plesionika pacifica,515504,Species,Animalia,,
Pleurocorallium secundum,2,class,fathomnet+worms,Pleurocorallium secundum,1311288,Species,Animalia,,
Pleurotomariidae,2,class,fathomnet+worms,Pleurotomariidae,196325,Family,Animalia,,
Polyceridae,2,class,fathomnet+worms,Polyceridae,177,Family,Animalia,,
Polylepion russelli,2,class,fathomnet+worms,Polylepion russelli,282315,Species,Animalia,,
Polymastia,2,class,fathomnet+worms,Polymastia,132046,Genus,Animalia,,
Porcellanasteridae,2,class,fathomnet+worms,Porcellanasteridae,123130,Family,Animalia,,
Porogadus silus,2,class,fathomnet+worms,Tenuicephalichthys silus,1859438,Species,Animalia,,
Pristigenys refulgens,2,class,fathomnet+worms,Pristigenys refulgens,1021147,Species,Animalia,,
Pristipomoides zonatus,2,class,fathomnet+worms,Pristipomoides zonatus,218514,Species,Animalia,,
Progeryon,2,class,fathomnet+worms,Progeryon,106956,Genus,Animalia,,
Progeryon mus,2,class,fathomnet+worms,Progeryon mus,441027,Species,Animalia,,
Pseudarchaster,2,class,fathomnet+worms,Pseudarchaster,123304,Genus,Animalia,,
Pyramodon,2,class,fathomnet+worms,Pyramodon,206307,Genus,Animalia,,
Radicipes spiralis,2,class,fathomnet+worms,Radicipes spiralis,286162,Species,Animalia,,
Randallichthys filamentosus,2,class,fathomnet+worms,Randallichthys filamentosus,282547,Species,Animalia,,
ratfish,2,class,fathomnet+worms,Hydrolagus colliei,271406,Species,Animalia,,
Rectisura,2,class,fathomnet+worms,Rectisura,249262,Genus,Animalia,,
Resomia ornicephala,2,class,fathomnet+worms,Resomia ornicephala,430683,Species,Animalia,,
Rhipidaster,2,class,fathomnet+worms,Rhipidaster,292714,Genus,Animalia,,
Rosaster,2,class,fathomnet+worms,Rosaster,178136,Genus,Animalia,,
Rossellinae,2,class,fathomnet+worms,Rossellidae,131694,Subfamily,Animalia,,
Sagartiogeton undatus,2,class,fathomnet+worms,Sagartia undata,854485,Species,Animalia,,
Saloptia powelli,2,class,fathomnet+worms,Saloptia powelli,282656,Species,Animalia,,
Samariscus,2,class,fathomnet+worms,Samariscus,206731,Genus,Animalia,,
Scalicus engyceros,2,class,fathomnet+worms,Scalicus engyceros,1020525,Species,Animalia,,
Scalpellomorpha,2,class,fathomnet+worms,Scalpellomorpha,106038,Order,Animalia,,
Scarus,2,class,fathomnet+worms,Scarus,159299,Genus,Animalia,,
Sclerasterias,2,class,fathomnet+worms,Sclerasterias,123225,Genus,Animalia,,
Scyphozoa,2,class,fathomnet+worms,Scyphozoa,135220,Class,Animalia,,
Sebastes borealis,2,class,fathomnet+worms,Sebastes borealis,274777,Species,Animalia,,
Sebastes simulator,2,class,fathomnet+worms,Sebastes simulator,274854,Species,Animalia,,
Selachii,2,class,fathomnet+worms,Selachii,368408,Infraclass,Animalia,,
Sepioteuthis sepioidea,2,class,fathomnet+worms,Sepioteuthis sepioidea,342241,Species,Animalia,,
Sericolophus hawaiicus,2,class,fathomnet+worms,Ijimalophus hawaiicus,1424919,Species,Animalia,,
Serranidae,2,class,fathomnet+worms,Serranidae,125561,Family,Animalia,,
Setarches,2,class,fathomnet+worms,Setarches,126177,Genus,Animalia,,
Simenchelys parasitica,2,class,fathomnet+worms,Simenchelys parasitica,126327,Species,Animalia,,
Sladenia,2,class,fathomnet+worms,Sladenia,270919,Genus,Animalia,,
Solemyidae,2,class,fathomnet+worms,Solemyidae,22632,Family,Animalia,,
Somniosus pacificus,2,class,fathomnet+worms,Somniosus pacificus,271654,Species,Animalia,,
Sphaeriodiscus,2,class,fathomnet+worms,Sphaeriodiscus,123305,Genus,Animalia,,
Sphaeriodiscus ammophilus,2,class,fathomnet+worms,Sphaeriodiscus ammophilus,368852,Species,Animalia,,
Sphaeronectes,2,class,fathomnet+worms,Sphaeronectes,135381,Genus,Animalia,,
Spongosorites siliquaria,2,class,fathomnet+worms,Spongosorites siliquaria,165937,Species,Animalia,,
Squalus hawaiiensis,2,class,fathomnet+worms,Squalus hawaiiensis,1320613,Species,Animalia,,
Stegastes rectifraenum,2,class,fathomnet+worms,Stegastes rectifraenum,276680,Species,Animalia,,
Stenosemus,2,class,fathomnet+worms,Stenosemus,152686,Genus,Animalia,,
Stereocidaris,2,class,fathomnet+worms,Stereocidaris,123382,Genus,Animalia,,
Stereocidaris granularis,2,class,fathomnet+worms,Stereocidaris granularis,513561,Species,Animalia,,
Storthyngurinae,2,class,fathomnet+worms,Storthyngurinae,325348,Subfamily,Animalia,,
Striatobalanus amaryllis,2,class,fathomnet+worms,Striatobalanus amaryllis,535364,Species,Animalia,,
Stylatula,2,class,fathomnet+worms,Stylatula,128502,Genus,Animalia,,
Stylobates aeneus,2,class,fathomnet+worms,Stylobates aeneus,291146,Species,Animalia,,
Symphurus strictus,2,class,fathomnet+worms,Symphurus strictus,219860,Species,Animalia,,
Symphysanodon katayamai,2,class,fathomnet+worms,Symphysanodon katayamai,276566,Species,Animalia,,
Tamaria,2,class,fathomnet+worms,Tamaria,178195,Genus,Animalia,,
Telopathes,2,class,fathomnet+worms,Telopathes,740050,Genus,Animalia,,
Tenebrincola cukri,2,class,fathomnet+worms,Tenebrincola cukri,385501,Species,Animalia,,
Tetrorchis erythrogaster,2,class,fathomnet+worms,Tetrorchis erythrogaster,117868,Species,Animalia,,
Thalassocalycida,2,class,fathomnet+worms,Thalassocalycida,238008,Order,Animalia,,
Trichiuridae,2,class,fathomnet+worms,Trichiuridae,125571,Family,Animalia,,
Venefica tentaculata,2,class,fathomnet+worms,Venefica tentaculata,271922,Species,Animalia,,
Ventrifossa,2,class,fathomnet+worms,Ventrifossa,158746,Genus,Animalia,,
Zanclus cornutus,2,class,fathomnet+worms,Zanclus cornutus,220083,Species,Animalia,,
Ziminella vrijenhoeki,2,class,fathomnet+worms,Ziminella vrijenhoeki,1313257,Species,Animalia,,
Zoroaster ophiurus,2,class,fathomnet+worms,Zoroaster ophiurus,254837,Species,Animalia,,
Abralia,1,class,fathomnet+worms,Abralia,137930,Genus,Animalia,,
Abyssocladia lakwollii,1,class,fathomnet+worms,Abyssocladia lakwollii,765500,Species,Animalia,,
Acanthaster planci,1,class,fathomnet+worms,Acanthaster planci,213289,Species,Animalia,,
Acanthopathes,1,class,fathomnet+worms,Acanthopathes,267186,Genus,Animalia,,
Acharax,1,class,fathomnet+worms,Acharax,293237,Genus,Animalia,,
Acroporidae,1,class,fathomnet+worms,Acroporidae,196095,Family,Animalia,,
Actiniaria?,1,class,fathomnet+worms,Actiniaria,1360,Order,Animalia,,
Actinostola,1,class,fathomnet+worms,Actinostola,100709,Genus,Animalia,,
Aeginura grimaldii,1,class,fathomnet+worms,Aeginura grimaldii,117266,Species,Animalia,,
Aeolidia,1,class,fathomnet+worms,Aeolidia,137630,Genus,Animalia,,
Aeolidioidea,1,class,fathomnet+worms,Aeolidioidea,189,Superfamily,Animalia,,
Albatrossia,1,class,fathomnet+worms,Albatrossia,236134,Genus,Animalia,,
Alciopidae,1,class,fathomnet+worms,Alciopini,932,Family,Animalia,,
Alepocephalus,1,class,fathomnet+worms,Alepocephalus,125868,Genus,Animalia,,
Alternatipathes bipinnata,1,class,fathomnet+worms,Alternatipathes bipinnata,994318,Species,Animalia,,
Alternatipathes venusta,1,class,fathomnet+worms,Alternatipathes venusta,1466703,Species,Animalia,,
Alternatipathes venusta?,1,class,fathomnet+worms,Alternatipathes venusta,1466703,Species,Animalia,,
Amathillopsidae,1,class,fathomnet+worms,Amathillopsidae,101363,Family,Animalia,,
Amphigymnas,1,class,fathomnet+worms,Amphigymnas,415047,Genus,Animalia,,
Anseropoda,1,class,fathomnet+worms,Anseropoda,123280,Genus,Animalia,,
Antennariidae,1,class,fathomnet+worms,Antennariidae,125484,Family,Animalia,,
Anthomastus ritteri,1,class,fathomnet+worms,Heteropolypus ritteri,724715,Species,Animalia,,
Antimora,1,class,fathomnet+worms,Antimora,125763,Genus,Animalia,,
Antiopella,1,class,fathomnet+worms,Antiopella,162684,Genus,Animalia,,
Aphanopus,1,class,fathomnet+worms,Aphanopus,126095,Genus,Animalia,,
Aphyonidae,1,class,fathomnet+worms,Bythitidae,125503,Family,Animalia,,
Apollonaster kelleyi,1,class,fathomnet+worms,Apollonaster kelleyi,835326,Species,Animalia,,
Araeosoma,1,class,fathomnet+worms,Araeosoma,123396,Genus,Animalia,,
Archaeobalanidae,1,class,fathomnet+worms,Archaeobalaninae,106070,Family,Animalia,,
Archeterokrohnia docrickettsae,1,class,fathomnet+worms,Archeterokrohnia docrickettsae,742233,Species,Animalia,,
Ariomma,1,class,fathomnet+worms,Ariomma,159591,Genus,Animalia,,
Arothron,1,class,fathomnet+worms,Arothron,156706,Genus,Animalia,,
Asceptrulum,1,class,fathomnet+worms,Asceptrulum,171731,Genus,Animalia,,
Asteronyx luzonicus,1,class,fathomnet+worms,Asteronyx luzonicus,243098,Species,Animalia,,
Astrochele laevis,1,class,fathomnet+worms,Astrochele laevis,243169,Species,Animalia,,
Atelecrinidae,1,class,fathomnet+worms,Atelecrinidae,123149,Family,Animalia,,
Babamunida,1,class,fathomnet+worms,Babamunida,387290,Genus,Animalia,,
Bateidae,1,class,fathomnet+worms,Bateidae,158030,Family,Animalia,,
Bathydoris,1,class,fathomnet+worms,Bathydoris,137691,Genus,Animalia,,
Bathymetra,1,class,fathomnet+worms,Bathymetra,710764,Genus,Animalia,,
Bathyphylax pruvosti,1,class,fathomnet+worms,Bathyphylax pruvosti,390094,Species,Animalia,,
Bathyplotes,1,class,fathomnet+worms,Bathyplotes,123460,Genus,Animalia,,
Bathyuroconger,1,class,fathomnet+worms,Bathyuroconger,125623,Genus,Animalia,,
Bebryce,1,class,fathomnet+worms,Bebryce,125308,Genus,Animalia,,
Bembradium roseum,1,class,fathomnet+worms,Bembradium roseum,279893,Species,Animalia,,
Benthocometes,1,class,fathomnet+worms,Benthocometes,125858,Genus,Animalia,,
Benthocometes australiensis,1,class,fathomnet+worms,Benthocometes australiensis,712477,Species,Animalia,,
Beuroisia major,1,class,fathomnet+worms,Beuroisia major,441008,Species,Animalia,,
Bodianus diplotaenia,1,class,fathomnet+worms,Bodianus diplotaenia,273527,Species,Animalia,,
Bodianus thoracotaeniatus,1,class,fathomnet+worms,Bodianus thoracotaeniatus,273543,Species,Animalia,,
Bothidae,1,class,fathomnet+worms,Bothidae,125576,Family,Animalia,,
Botrynema brucei,1,class,fathomnet+worms,Botrynema brucei,117615,Species,Animalia,,
Brisaster townsendi,1,class,fathomnet+worms,Brisaster townsendi,513144,Species,Animalia,,
Brisingaster,1,class,fathomnet+worms,Brisingaster,206192,Genus,Animalia,,
Brisingaster robillardi,1,class,fathomnet+worms,Brisingaster robillardi,221144,Species,Animalia,,
Calocarides quinqueseriatus,1,class,fathomnet+worms,Calocarides quinqueseriatus,246244,Species,Animalia,,
Careproctus filamentosus,1,class,fathomnet+worms,Careproctus filamentosus,274428,Species,Animalia,,
Carinaria japonica,1,class,fathomnet+worms,Carinaria japonica,574937,Species,Animalia,,
Centrodraco,1,class,fathomnet+worms,Centrodraco,125961,Genus,Animalia,,
Centrostephanus coronatus,1,class,fathomnet+worms,Centrostephanus coronatus,513165,Species,Animalia,,
Cephalopholis igarashiensis,1,class,fathomnet+worms,Cephalopholis igarashiensis,279149,Species,Animalia,,
Cephalurus,1,class,fathomnet+worms,Cephalurus,268685,Genus,Animalia,,
Cetomimus,1,class,fathomnet+worms,Cetomimus,125707,Genus,Animalia,,
Chaetodon striatus,1,class,fathomnet+worms,Chaetodon striatus,159663,Species,Animalia,,
Chaetopterus pugaporcinus,1,class,fathomnet+worms,Chaetopterus pugaporcinus,605520,Species,Animalia,,
Chaunax penicillatus,1,class,fathomnet+worms,Chaunax penicillatus,217856,Species,Animalia,,
Chaunax suttkusi,1,class,fathomnet+worms,Chaunax suttkusi,126540,Species,Animalia,,
Cheilostomatida,1,class,fathomnet+worms,Cheilostomatida,110722,Order,Animalia,,
Chiasmodontidae,1,class,fathomnet+worms,Chiasmodontidae,125529,Family,Animalia,,
Chionoecetes,1,class,fathomnet+worms,Chionoecetes,106898,Genus,Animalia,,
Chlorophthalmus proridens,1,class,fathomnet+worms,Chlorophthalmus proridens,272061,Species,Animalia,,
Chondrocladia (Symmetrocladia) lyra,1,class,fathomnet+worms,Chondrocladia (Symmetrocladia) lyra,710164,Species,Animalia,,
Chromodoris,1,class,fathomnet+worms,Chromodoris,137782,Genus,Animalia,,
Cidaris cidaris,1,class,fathomnet+worms,Cidaris cidaris,124257,Species,Animalia,,
Ciliopagurus,1,class,fathomnet+worms,Ciliopagurus,246256,Genus,Animalia,,
Cirolanidae,1,class,fathomnet+worms,Cirolanidae,118273,Family,Animalia,,
Cirroteuthidae,1,class,fathomnet+worms,Cirroteuthidae,11776,Family,Animalia,,
Cirrothauma,1,class,fathomnet+worms,Cirrothauma,137791,Genus,Animalia,,
Cladopathidae,1,class,fathomnet+worms,Cladopathidae,266961,Family,Animalia,,
Clavelina huntsmani,1,class,fathomnet+worms,Clavelina huntsmani,250311,Species,Animalia,,
Coelorinchus aratrum,1,class,fathomnet+worms,Coelorinchus aratrum,280249,Species,Animalia,,
Coenocyathus,1,class,fathomnet+worms,Coenocyathus,135088,Genus,Animalia,,
Condylactis,1,class,fathomnet+worms,Condylactis,100701,Genus,Animalia,,
Conger oligoporus,1,class,fathomnet+worms,Conger oligoporus,271746,Species,Animalia,,
Conopora unifacialis,1,class,fathomnet+worms,Conopora unifacialis,287512,Species,Animalia,,
Conus,1,class,fathomnet+worms,Conus,137813,Genus,Animalia,,
Corynascidia,1,class,fathomnet+worms,Corynascidia,103497,Genus,Animalia,,
Coryphaenoides longifilis,1,class,fathomnet+worms,Coryphaenoides longifilis,272336,Species,Animalia,,
Crangonidae,1,class,fathomnet+worms,Crangonidae,106782,Family,Animalia,,
Cucumariidae,1,class,fathomnet+worms,Cucumariidae,123187,Family,Animalia,,
Cyathidium,1,class,fathomnet+worms,Cyathidium,123367,Genus,Animalia,,
Cyema atrum,1,class,fathomnet+worms,Cyema atrum,127164,Species,Animalia,,
Cypraeidae,1,class,fathomnet+worms,Cypraeidae,23022,Family,Animalia,,
Cyttopsis rosea,1,class,fathomnet+worms,Cyttopsis rosea,127425,Species,Animalia,,
Desbruyeresia,1,class,fathomnet+worms,Desbruyeresia,391517,Genus,Animalia,,
Diadematoida,1,class,fathomnet+worms,Diadematoida,510522,Order,Animalia,,
Dictyaulus starmeri,1,class,fathomnet+worms,Dictyaulus starmeri,389048,Species,Animalia,,
Didemnidae,1,class,fathomnet+worms,Didemnidae,103439,Family,Animalia,,
Doliolidina,1,class,fathomnet+worms,Doliolidina,719942,Suborder,Animalia,,
Dorididae,1,class,fathomnet+worms,Dorididae,9904,Family,Animalia,,
Doryteuthis,1,class,fathomnet+worms,Doryteuthis,410349,Genus,Animalia,,
Dromalia,1,class,fathomnet+worms,Dromalia,267398,Genus,Animalia,,
Dysalotus,1,class,fathomnet+worms,Dysalotus,159664,Genus,Animalia,,
Dytaster,1,class,fathomnet+worms,Dytaster,123248,Genus,Animalia,,
Earleria purpurea,1,class,fathomnet+worms,Earleria purpurea,395327,Species,Animalia,,
Echinidea,1,class,fathomnet+worms,Echinidea,510534,Infraorder,Animalia,,
Echinometra mathaei,1,class,fathomnet+worms,Echinometra mathaei,213383,Species,Animalia,,
Echinorhinus cookei,1,class,fathomnet+worms,Echinorhinus cookei,271656,Species,Animalia,,
Echinothrix,1,class,fathomnet+worms,Echinothrix,179636,Genus,Animalia,,
Echinothurioida,1,class,fathomnet+worms,Echinothurioida,160732,Order,Animalia,,
Echinothuroida,1,class,fathomnet+worms,Echinothurioida,160732,Order,Animalia,,
Edwardsiella,1,class,fathomnet+worms,Edwardsiella,100731,Genus,Animalia,,
Elasipodida,1,class,fathomnet+worms,Elasipodida,123112,Order,Animalia,,
Emblemariopsis,1,class,fathomnet+worms,Emblemariopsis,269061,Genus,Animalia,,
Endoxocrinus,1,class,fathomnet+worms,Endoxocrinus,242113,Genus,Animalia,,
Enoploteuthidae?,1,class,fathomnet+worms,Enoploteuthidae,11740,Family,Animalia,,
Enthemonae,1,class,fathomnet+worms,Enthemonae,888371,Suborder,Animalia,,
Eopsetta exilis,1,class,fathomnet+worms,Lyopsetta exilis,281452,Species,Animalia,,
Epetriodus freddyi,1,class,fathomnet+worms,Epetriodus freddyi,280691,Species,Animalia,,
Epigonidae,1,class,fathomnet+worms,Epigonidae,125535,Family,Animalia,,
Epigonus atherinoides,1,class,fathomnet+worms,Epigonus atherinoides,273402,Species,Animalia,,
Epigonus glossodontus,1,class,fathomnet+worms,Epigonus glossodontus,273410,Species,Animalia,,
Epimeria,1,class,fathomnet+worms,Epimeria,101506,Genus,Animalia,,
Epizoanthidae,1,class,fathomnet+worms,Epizoanthidae,100688,Family,Animalia,,
Eumunididae,1,class,fathomnet+worms,Eumunididae,562590,Family,Animalia,,
Euphysa,1,class,fathomnet+worms,Euphysa,117095,Genus,Animalia,,
Euphysora gigantea,1,class,fathomnet+worms,Corymorpha gigantea,284479,Species,Animalia,,
Euplectellinae,1,class,fathomnet+worms,Euplectellinae,171888,Subfamily,Animalia,,
Euplokamidae,1,class,fathomnet+worms,Euplokamididae,848355,Family,Animalia,,
Eusergestes,1,class,fathomnet+worms,Eusergestes,513958,Genus,Animalia,,
Eutima,1,class,fathomnet+worms,Eutima,117082,Genus,Animalia,,
Farrea occa occa,1,class,fathomnet+worms,Farrea occa occa,171758,Subspecies,Animalia,,
Flabellidae,1,class,fathomnet+worms,Flabellidae,135075,Family,Animalia,,
Flabelligeridae,1,class,fathomnet+worms,Flabelligeridae,976,Family,Animalia,,
Flabellum pavoninum,1,class,fathomnet+worms,Flabellum (Flabellum) pavoninum,287022,Species,Animalia,,
Forcipulatida,1,class,fathomnet+worms,Forcipulatida,123086,Order,Animalia,,
Freyellidae,1,class,fathomnet+worms,Freyellidae,123120,Family,Animalia,,
Fromia monilis,1,class,fathomnet+worms,Fromia monilis,213301,Species,Animalia,,
Fungiidae,1,class,fathomnet+worms,Fungiidae,196100,Family,Animalia,,
Funiculinidae,1,class,fathomnet+worms,Funiculinidae,128481,Family,Animalia,,
Gadella,1,class,fathomnet+worms,Gadella,125765,Genus,Animalia,,
Gammaridea,1,class,fathomnet+worms,Gammaridea,1207,Suborder,Animalia,,
Gaza,1,class,fathomnet+worms,Gaza,391640,Genus,Animalia,,
Gilbertaster,1,class,fathomnet+worms,Gilbertaster,254794,Genus,Animalia,,
Ginglymostomatidae,1,class,fathomnet+worms,Ginglymostomatidae,105705,Family,Animalia,,
Gobius,1,class,fathomnet+worms,Gobius,125988,Genus,Animalia,,
Gonostomatidae,1,class,fathomnet+worms,Gonostomatidae,125601,Family,Animalia,,
Gorgoniidae,1,class,fathomnet+worms,Gorgoniidae,125275,Family,Animalia,,
Graneledone,1,class,fathomnet+worms,Graneledone,157018,Genus,Animalia,,
Gymnothorax,1,class,fathomnet+worms,Gymnothorax,125636,Genus,Animalia,,
Haemulon sciurus,1,class,fathomnet+worms,Haemulon sciurus,275733,Species,Animalia,,
Halieutaea indica,1,class,fathomnet+worms,Halieutaea indica,279063,Species,Animalia,,
Haliphron atlanticus,1,class,fathomnet+worms,Haliphron atlanticus,341781,Species,Animalia,,
Halistemma?,1,class,fathomnet+worms,Halistemma,135389,Genus,Animalia,,
Halitrephes,1,class,fathomnet+worms,Halitrephes,117110,Genus,Animalia,,
Haplomacrourus,1,class,fathomnet+worms,Haplomacrourus,205649,Genus,Animalia,,
Haplosclerida,1,class,fathomnet+worms,Haplosclerida,131598,Order,Animalia,,
Harmothoe,1,class,fathomnet+worms,Harmothoe,129491,Genus,Animalia,,
Heterobranchia,1,class,fathomnet+worms,Heterobranchia,14712,Subclass,Animalia,,
Heterocarpus ensifer,1,class,fathomnet+worms,Heterocarpus ensifer,107644,Species,Animalia,,
Heterochone,1,class,fathomnet+worms,Heterochone,171634,Genus,Animalia,,
Hexapathes australiensis,1,class,fathomnet+worms,Hexapathes australiensis,290114,Species,Animalia,,
Hippasteria phrygiana,1,class,fathomnet+worms,Hippasteria phrygiana,124043,Species,Animalia,,
Holocentridae,1,class,fathomnet+worms,Holocentridae,125458,Family,Animalia,,
Holothuroidea?,1,class,fathomnet+worms,Holothuroidea,123083,Class,Animalia,,
Holtbyrnia innesi,1,class,fathomnet+worms,Holtbyrnia innesi,158723,Species,Animalia,,
Homola,1,class,fathomnet+worms,Homola,106867,Genus,Animalia,,
Hoplostethus atlanticus,1,class,fathomnet+worms,Hoplostethus atlanticus,126402,Species,Animalia,,
Hymenocephalus,1,class,fathomnet+worms,Hymenocephalus,125751,Genus,Animalia,,
Ijimaia plicatellus,1,class,fathomnet+worms,Ijimaia plicatellus,272026,Species,Animalia,,
Ilyophis blachei,1,class,fathomnet+worms,Ilyophis blachei,126325,Species,Animalia,,
Ischyroceridae,1,class,fathomnet+worms,Ischyroceridae,101389,Family,Animalia,,
Javania lamprotichum,1,class,fathomnet+worms,Javania lamprotichum,287037,Species,Animalia,,
Johnrandallia nigrirostris,1,class,fathomnet+worms,Johnrandallia nigrirostris,281202,Species,Animalia,,
Kamoharaia megastoma,1,class,fathomnet+worms,Kamoharaia megastoma,281207,Species,Animalia,,
Kauluzoanthus kerbyi,1,class,fathomnet+worms,Kauluzoanthus kerbyi,715096,Species,Animalia,,
Keratoisis flabellum,1,class,fathomnet+worms,Keratoisis flabellum,286312,Species,Animalia,,
Keroeides mosaica,1,class,fathomnet+worms,Keroeides mosaica,517724,Species,Animalia,,
Kophobelemnon macrospinosum,1,class,fathomnet+worms,Kophobelemnon macrospinosum,128511,Species,Animalia,,
Labroides phthirophagus,1,class,fathomnet+worms,Labroides phthirophagus,278690,Species,Animalia,,
Laganidae,1,class,fathomnet+worms,Laganidae,196178,Family,Animalia,,
Lanceolidae,1,class,fathomnet+worms,Lanceolidae,101418,Family,Animalia,,
Latreillia metanesa,1,class,fathomnet+worms,Latreillia metanesa,440218,Species,Animalia,,
Lebbeus polaris,1,class,fathomnet+worms,Lebbeus polaris,107521,Species,Animalia,,
Leptychaster,1,class,fathomnet+worms,Leptychaster,123250,Genus,Animalia,,
Lestidiops,1,class,fathomnet+worms,Lestidiops,125675,Genus,Animalia,,
Leuckartiara,1,class,fathomnet+worms,Leuckartiara,117183,Genus,Animalia,,
Linopneustes,1,class,fathomnet+worms,Linopneustes,415565,Genus,Animalia,,
Liopropoma maculatum,1,class,fathomnet+worms,Liopropoma maculatum,275949,Species,Animalia,,
Lophiodes endoi,1,class,fathomnet+worms,Lophiodes endoi,398419,Species,Animalia,,
Lottiidae,1,class,fathomnet+worms,Lottiidae,7173,Family,Animalia,,
Loxorhynchus crispatus,1,class,fathomnet+worms,Loxorhynchus crispatus,441601,Species,Animalia,,
Lycodapus mandibularis,1,class,fathomnet+worms,Lycodapus mandibularis,279391,Species,Animalia,,
Meadia abyssalis,1,class,fathomnet+worms,Meadia abyssalis,221387,Species,Animalia,,
Megalasma,1,class,fathomnet+worms,Megalasma,204443,Genus,Animalia,,
Melichthys vidua,1,class,fathomnet+worms,Melichthys vidua,219879,Species,Animalia,,
Mesochordaeus,1,class,fathomnet+worms,Mesochordaeus,103365,Genus,Animalia,,
Metallogorgia,1,class,fathomnet+worms,Metallogorgia,125296,Genus,Animalia,,
Mollusca,1,class,fathomnet+worms,Mollusca,51,Phylum,Animalia,,
Moloha alcocki,1,class,fathomnet+worms,Moloha alcocki,440202,Species,Animalia,,
Montastraea cavernosa,1,class,fathomnet+worms,Montastraea cavernosa,287962,Species,Animalia,,
Montipora,1,class,fathomnet+worms,Montipora,203834,Genus,Animalia,,
Munidopsis antonii,1,class,fathomnet+worms,Munidopsis antonii,107171,Species,Animalia,,
Munidopsis lignaria,1,class,fathomnet+worms,Munidopsis lignaria,378115,Species,Animalia,,
Munidopsis nitida,1,class,fathomnet+worms,Munidopsis nitida,392568,Species,Animalia,,
Munidopsis scotti,1,class,fathomnet+worms,Munidopsis scotti,392602,Species,Animalia,,
Munidopsis subsquamosa,1,class,fathomnet+worms,Munidopsis subsquamosa,107183,Species,Animalia,,
Munnopsinae,1,class,fathomnet+worms,Munnopsinae,325355,Subfamily,Animalia,,
Muraena argus,1,class,fathomnet+worms,Muraena argus,271896,Species,Animalia,,
Muriceides,1,class,fathomnet+worms,Muriceides,125310,Genus,Animalia,,
Myroconger gracilis,1,class,fathomnet+worms,Myroconger gracilis,281607,Species,Animalia,,
Myxini,1,class,fathomnet+worms,Myxini,10189,Class,Animalia,,
Nausithoe,1,class,fathomnet+worms,Nausithoe,135250,Genus,Animalia,,
Nausithoe?,1,class,fathomnet+worms,Nausithoe,135250,Genus,Animalia,,
Nectadamas diomedeae,1,class,fathomnet+worms,Nectadamas diomedeae,135461,Species,Animalia,,
Nectopyramis natans,1,class,fathomnet+worms,Nectopyramis natans,135463,Species,Animalia,,
Nemichthys,1,class,fathomnet+worms,Nemichthys,125639,Genus,Animalia,,
Neoscopelus,1,class,fathomnet+worms,Neoscopelus,125835,Genus,Animalia,,
Nephtheidae,1,class,fathomnet+worms,Nephtheidae,146762,Family,Animalia,,
Nezumia propinqua,1,class,fathomnet+worms,Nezumia propinqua,217778,Species,Animalia,,
Nezumia stelgidolepis,1,class,fathomnet+worms,Nezumia stelgidolepis,272428,Species,Animalia,,
Nototodarus,1,class,fathomnet+worms,Nototodarus,341450,Genus,Animalia,,
Novodinia,1,class,fathomnet+worms,Novodinia,123213,Genus,Animalia,,
Octogonade,1,class,fathomnet+worms,Octogonade,117164,Genus,Animalia,,
Octogonade mediterranea,1,class,fathomnet+worms,Octogonade mediterranea,117757,Species,Animalia,,
Octopodoidea,1,class,fathomnet+worms,Octopodoidea,14672,Superfamily,Animalia,,
Odontanthias,1,class,fathomnet+worms,Odontanthias,205290,Genus,Animalia,,
Odontanthias tapui,1,class,fathomnet+worms,Odontanthias tapui,344679,Species,Animalia,,
Onychoteuthis borealijaponica,1,class,fathomnet+worms,Onychoteuthis borealijaponica,342069,Species,Animalia,,
Ophichthidae,1,class,fathomnet+worms,Ophichthidae,125434,Family,Animalia,,
Ophiomyxa,1,class,fathomnet+worms,Ophiomyxa,123631,Genus,Animalia,,
Ophiosphalma,1,class,fathomnet+worms,Ophiosphalma,123569,Genus,Animalia,,
Ophiothamnus,1,class,fathomnet+worms,Ophiothamnus,123605,Genus,Animalia,,
Osteodiscus cascadiae,1,class,fathomnet+worms,Osteodiscus cascadiae,281946,Species,Animalia,,
Owstonia hawaiiensis,1,class,fathomnet+worms,Owstonia hawaiiensis,1385104,Species,Animalia,,
Pachycara?,1,class,fathomnet+worms,Pachycara,126107,Genus,Animalia,,
Pandalus danae,1,class,fathomnet+worms,Pandalus danae,515462,Species,Animalia,,
Pantachogon haeckeli,1,class,fathomnet+worms,Pantachogon haeckeli,117860,Species,Animalia,,
Paraliparis,1,class,fathomnet+worms,Paraliparis,126161,Genus,Animalia,,
Paraliparis hawaiiensis,1,class,fathomnet+worms,Paraliparis hawaiiensis,1007123,Species,Animalia,,
Paramunida,1,class,fathomnet+worms,Paramunida,387313,Genus,Animalia,,
Paraphronima,1,class,fathomnet+worms,Paraphronima,236595,Genus,Animalia,,
Parastichopus,1,class,fathomnet+worms,Parastichopus,123458,Genus,Animalia,,
Paratriacanthodes retrospinis,1,class,fathomnet+worms,Paratriacanthodes retrospinis,219869,Species,Animalia,,
Paromola japonica,1,class,fathomnet+worms,Paromola japonica,440209,Species,Animalia,,
Parthenopidae,1,class,fathomnet+worms,Parthenopidae,106761,Family,Animalia,,
Paulasterias mcclaini,1,class,fathomnet+worms,Paulasterias mcclaini,845455,Species,Animalia,,
Pectinida,1,class,fathomnet+worms,Pectinida,387324,Order,Animalia,,
Peltaster cycloplax,1,class,fathomnet+worms,Peltaster cycloplax,368653,Species,Animalia,,
Penaeopsis serrata,1,class,fathomnet+worms,Penaeopsis serrata,107111,Species,Animalia,,
Pentametrocrinus paucispinulus,1,class,fathomnet+worms,Pentametrocrinus paucispinulus,472848,Species,Animalia,,
Perciformes,1,class,fathomnet+worms,Perciformes,11014,Order,Animalia,,
Peribolaster,1,class,fathomnet+worms,Peribolaster,172589,Genus,Animalia,,
Periclimenes yucatanicus,1,class,fathomnet+worms,Periclimenes yucatanicus,421713,Species,Animalia,,
Phidolopora,1,class,fathomnet+worms,Phidolopora,110955,Genus,Animalia,,
Phoca vitulina richardii,1,class,fathomnet+worms,Phoca vitulina richardii,255036,Subspecies,Animalia,,
Phormosoma,1,class,fathomnet+worms,Phormosoma,123401,Genus,Animalia,,
Phoronida,1,class,fathomnet+worms,Phoronida,1789,Phylum,Animalia,,
Phyllidiella,1,class,fathomnet+worms,Phyllidiella,206596,Genus,Animalia,,
Phyllodocida,1,class,fathomnet+worms,Phyllodocida,892,Order,Animalia,,
Platyctenida,1,class,fathomnet+worms,Platyctenida,22585,Order,Animalia,,
Platymera gaudichaudii,1,class,fathomnet+worms,Platymera gaudichaudii,440341,Species,Animalia,,
Plesiodiadema,1,class,fathomnet+worms,Plesiodiadema,123393,Genus,Animalia,,
Plesionika alcocki,1,class,fathomnet+worms,Plesionika alcocki,210440,Species,Animalia,,
Plesionika bimaculata,1,class,fathomnet+worms,Plesionika bimaculata,388642,Species,Animalia,,
Plesionika spinipes,1,class,fathomnet+worms,Plesionika spinipes,515521,Species,Animalia,,
Pleurobrachia,1,class,fathomnet+worms,Pleurobrachia,106346,Genus,Animalia,,
Pleurobranchus mamillatus,1,class,fathomnet+worms,Pleurobranchus mamillatus,599476,Species,Animalia,,
Pleurocorallium,1,class,fathomnet+worms,Pleurocorallium,1248796,Genus,Animalia,,
Pleustidae,1,class,fathomnet+worms,Pleustidae,101404,Family,Animalia,,
Plutonaster,1,class,fathomnet+worms,Plutonaster,123254,Genus,Animalia,,
Poecilopsettinae,1,class,fathomnet+worms,Poecilopsettinae,154756,Subfamily,Animalia,,
Polyipnus,1,class,fathomnet+worms,Polyipnus,126198,Genus,Animalia,,
Polylepion cruentum,1,class,fathomnet+worms,Polylepion cruentum,282314,Species,Animalia,,
Polymixia,1,class,fathomnet+worms,Polymixia,126134,Genus,Animalia,,
Polymixia japonica,1,class,fathomnet+worms,Polymixia japonica,274320,Species,Animalia,,
Polyorchis,1,class,fathomnet+worms,Polyorchis,267759,Genus,Animalia,,
Portunus,1,class,fathomnet+worms,Portunus,106930,Genus,Animalia,,
Prionace glauca,1,class,fathomnet+worms,Prionace glauca,105801,Species,Animalia,,
Pristilepis oligolepis,1,class,fathomnet+worms,Pristilepis oligolepis,217938,Species,Animalia,,
Pristipomoides argyrogrammicus,1,class,fathomnet+worms,Pristipomoides argyrogrammicus,218510,Species,Animalia,,
Pristipomoides auricilla,1,class,fathomnet+worms,Pristipomoides auricilla,218512,Species,Animalia,,
Prognathodes guyotensis,1,class,fathomnet+worms,Prognathodes guyotensis,273376,Species,Animalia,,
Pseudarchaster dissonus,1,class,fathomnet+worms,Pseudarchaster dissonus,370836,Species,Animalia,,
Pseudobathylagus,1,class,fathomnet+worms,Pseudobathylagus,270573,Genus,Animalia,,
Pseudosagitta maxima,1,class,fathomnet+worms,Pseudosagitta maxima,105445,Species,Animalia,,
Pterois volitans,1,class,fathomnet+worms,Pterois volitans,159559,Species,Animalia,,
Pteropsaron,1,class,fathomnet+worms,Pteropsaron,204769,Genus,Animalia,,
Pterotrachea,1,class,fathomnet+worms,Pterotrachea,138009,Genus,Animalia,,
Radiaster,1,class,fathomnet+worms,Radiaster,123272,Genus,Animalia,,
Raphitomidae,1,class,fathomnet+worms,Raphitomidae,153879,Family,Animalia,,
Rexea,1,class,fathomnet+worms,Rexea,203973,Genus,Animalia,,
Rhinecanthus rectangulus,1,class,fathomnet+worms,Rhinecanthus rectangulus,219886,Species,Animalia,,
Rhizopsammia,1,class,fathomnet+worms,Rhizopsammia,206565,Genus,Animalia,,
Rhynchonereella,1,class,fathomnet+worms,Rhynchonereella,129148,Genus,Animalia,,
Ruvettus pretiosus,1,class,fathomnet+worms,Ruvettus pretiosus,126867,Species,Animalia,,
Sabellariidae,1,class,fathomnet+worms,Sabellariidae,979,Family,Animalia,,
Sacoglossa,1,class,fathomnet+worms,Sacoglossa,167,Superorder,Animalia,,
Salenocidaris,1,class,fathomnet+worms,Salenocidaris,123411,Genus,Animalia,,
Sapphirina,1,class,fathomnet+worms,Sapphirina,128722,Genus,Animalia,,
Scaridae,1,class,fathomnet+worms,Calotomus,203850,Genus,Animalia,,
Scorpaena plumieri,1,class,fathomnet+worms,Scorpaena plumieri,159564,Species,Animalia,,
Scorpaenoidei,1,class,fathomnet+worms,Scorpaenoidei,154247,Suborder,Animalia,,
Scrippsia pacifica,1,class,fathomnet+worms,Scrippsia pacifica,291041,Species,Animalia,,
Scypholanceola,1,class,fathomnet+worms,Scypholanceola,180729,Genus,Animalia,,
Sebastes maliger,1,class,fathomnet+worms,Sebastes maliger,274815,Species,Animalia,,
Sebastes rosenblatti,1,class,fathomnet+worms,Sebastes rosenblatti,274842,Species,Animalia,,
Sedentaria,1,class,fathomnet+worms,Sedentaria,754175,Subclass,Animalia,,
Sepia officinalis,1,class,fathomnet+worms,Sepia officinalis,141444,Species,Animalia,,
Setarches longimanus,1,class,fathomnet+worms,Setarches longimanus,274874,Species,Animalia,,
Situla,1,class,fathomnet+worms,Situla,103502,Genus,Animalia,,
Sminthea?,1,class,fathomnet+worms,Sminthea,117222,Genus,Animalia,,
Snyderidia,1,class,fathomnet+worms,Snyderidia,270921,Genus,Animalia,,
Solaster borealis,1,class,fathomnet+worms,Solaster borealis,379865,Species,Animalia,,
Solenogastres,1,class,fathomnet+worms,Solenogastres,2094,Class,Animalia,,
Solmarisidae,1,class,fathomnet+worms,Solmarisidae,16848,Family,Animalia,,
Solmissus marshalli,1,class,fathomnet+worms,Solmissus marshalli,221243,Species,Animalia,,
Somniosidae,1,class,fathomnet+worms,Somniosidae,267047,Family,Animalia,,
Spilocuma,1,class,fathomnet+worms,Spilocuma,181410,Genus,Animalia,,
Spondylus,1,class,fathomnet+worms,Spondylus,138518,Genus,Animalia,,
Spongosorites,1,class,fathomnet+worms,Spongosorites,131818,Genus,Animalia,,
Squalogadus modificatus,1,class,fathomnet+worms,Squalogadus modificatus,221514,Species,Animalia,,
Stegophiura ponderosa,1,class,fathomnet+worms,Stegophiura ponderosa,244369,Species,Animalia,,
Stenorhynchus seticornis,1,class,fathomnet+worms,Stenorhynchus seticornis,421957,Species,Animalia,,
Stephanocyathus,1,class,fathomnet+worms,Stephanocyathus,135102,Genus,Animalia,,
Sternoptyx,1,class,fathomnet+worms,Sternoptyx,126199,Genus,Animalia,,
Sternoptyx diaphana,1,class,fathomnet+worms,Sternoptyx diaphana,127314,Species,Animalia,,
Streetsia,1,class,fathomnet+worms,Streetsia,236591,Genus,Animalia,,
Stylocidaris,1,class,fathomnet+worms,Stylocidaris,123383,Genus,Animalia,,
Sufflamen bursa,1,class,fathomnet+worms,Sufflamen bursa,219894,Species,Animalia,,
Synagrops japonicus,1,class,fathomnet+worms,Synagrops japonicus,367291,Species,Animalia,,
Synchiropus,1,class,fathomnet+worms,Synchiropus,125932,Genus,Animalia,,
Synchiropus orstom,1,class,fathomnet+worms,Synchiropus orstom,273256,Species,Animalia,,
Systellaspis debilis,1,class,fathomnet+worms,Debaspis debilis,1790004,Species,Animalia,,
Taractichthys steindachneri,1,class,fathomnet+worms,Taractichthys steindachneri,221420,Species,Animalia,,
Tarletonbeania,1,class,fathomnet+worms,Tarletonbeania,271040,Genus,Animalia,,
Tarsastrocles,1,class,fathomnet+worms,Tarsastrocles,255065,Genus,Animalia,,
Tarsastrocles verrilli,1,class,fathomnet+worms,Tarsastrocles verrilli,255066,Species,Animalia,,
Teleostei,1,class,fathomnet+worms,Teleostei,293496,Class,Animalia,,
Telesto,1,class,fathomnet+worms,Telesto,177688,Genus,Animalia,,
Tergivelum,1,class,fathomnet+worms,Tergivelum,517254,Genus,Animalia,,
Thouarella,1,class,fathomnet+worms,Thouarella,125323,Genus,Animalia,,
Thuridilla,1,class,fathomnet+worms,Thuridilla,137929,Genus,Animalia,,
Tochuina gigantea,1,class,fathomnet+worms,Tochuina gigantea,572093,Species,Animalia,,
Trachylinae,1,class,fathomnet+worms,Trachylinae,22754,Subclass,Animalia,,
Triaenodon obesus,1,class,fathomnet+worms,Triaenodon obesus,214557,Species,Animalia,,
Triakis semifasciata,1,class,fathomnet+worms,Triakis semifasciata,279060,Species,Animalia,,
Trichobranchidae,1,class,fathomnet+worms,Trichobranchidae,983,Family,Animalia,,
Tridacna,1,class,fathomnet+worms,Tridacna,205753,Genus,Animalia,,
Tritoniidae,1,class,fathomnet+worms,Tritoniidae,183,Family,Animalia,,
Typhlonus nasus,1,class,fathomnet+worms,Typhlonus nasus,158777,Species,Animalia,,
Typhloscolecidae,1,class,fathomnet+worms,Typhloscolecidae,959,Family,Animalia,,
Umbellapathes tenuis,1,class,fathomnet+worms,Bathypathes tenuis,103324,Species,Animalia,,
Uria aalge,1,class,fathomnet+worms,Uria aalge,137133,Species,Animalia,,
Uroptychus abdominalis,1,class,fathomnet+worms,Uroptychus abdominalis,1298872,Species,Animalia,,
Uroptychus soyomaruae,1,class,fathomnet+worms,Uroptychus soyomaruae,392130,Species,Animalia,,
Urticina piscivora,1,class,fathomnet+worms,Urticina piscivora,283445,Species,Animalia,,
Valvatida,1,class,fathomnet+worms,Valvatida,123090,Order,Animalia,,
Victorgorgiidae,1,class,fathomnet+worms,Victorgorgiidae,1045592,Family,Animalia,,
Vityazicrinus,1,class,fathomnet+worms,Vityazicrinus,767204,Genus,Animalia,,
Yoda demiankoopi,1,class,fathomnet+worms,Yoda demiankoopi,1646244,Species,Animalia,,
Zaniolepis frenata,1,class,fathomnet+worms,Zaniolepis frenata,283208,Species,Animalia,,
Zoarcoidei,1,class,fathomnet+worms,Zoarcoidei,151739,Suborder,Animalia,,
Zonophryxus,1,class,fathomnet+worms,Zonophryxus,174833,Genus,Animalia,,
Zoroaster spinulosus,1,class,fathomnet+worms,Zoroaster spinulosus,369064,Species,Animalia,,
Nano plankton,1858,drop,policy,,,,,,diatom
Chaetoceros,1237,drop,worms direct,Chaetoceros,148985,Genus,Chromista,,diatom
Detritus,1148,drop,policy,,,,,,not an organism
Pseudo-nitzschia,751,drop,worms direct,Pseudo-nitzschia,149151,Genus,Chromista,,diatom
Skeletonema,305,drop,worms direct,Skeletonema,149073,Genus,Chromista,,diatom
Thalassiosira,155,drop,worms direct,Thalassiosira,148912,Genus,Chromista,,diatom
Asterionellopsis,55,drop,worms direct,Asterionellopsis,149138,Genus,Chromista,,diatom
Stephanopyxis,46,drop,worms direct,Stephanopyxis,149630,Genus,Chromista,,diatom
Eucampia,37,drop,worms direct,Eucampia,149130,Genus,Chromista,,diatom
Salpa,34,drop,fathomnet+worms,Salpa,602637,Genus,Chromista,,diatom
Thalassionema,21,drop,worms direct,Thalassionema,149092,Genus,Chromista,,diatom
Biremis,3,drop,fathomnet+worms,Biremis,450604,Genus,Chromista,,diatom
Ditylum,3,drop,worms direct,Ditylum,149022,Genus,Chromista,,diatom
bony fish,32060,class,vernacular suggestion,Actinopterygii,10194,Gigaclass,Animalia,Actinopterygii,"auto-suggested, confirm"
sponge,23641,class,vernacular suggestion,Porifera,558,Phylum,Animalia,Porifera,"auto-suggested, confirm"
brittle star,16467,class,vernacular suggestion,Ophiuroidea,123084,Class,Animalia,Ophiuroidea,"auto-suggested, confirm"
urchin,15613,class,vernacular suggestion,Echinoidea,123082,Class,Animalia,Echinoidea,"auto-suggested, confirm"
shrimp,6698,class,vernacular suggestion,Caridea,106674,Infraorder,Animalia,Caridea,"auto-suggested, confirm"
sea star,6288,class,vernacular suggestion,Asteroidea,123080,Class,Animalia,Asteroidea,"auto-suggested, confirm"
stony coral,6192,class,vernacular suggestion,Scleractinia,1363,Order,Animalia,Scleractinia,"auto-suggested, confirm"
coral,4997,class,vernacular suggestion,Anthozoa,1292,Subphylum,Animalia,Anthozoa,"auto-suggested, confirm"
crab,4368,class,vernacular suggestion,Brachyura,106673,Infraorder,Animalia,Brachyura,"auto-suggested, confirm"
actiniarian,3882,class,vernacular suggestion,Actiniaria,1360,Order,Animalia,Actiniaria,"auto-suggested, confirm"
physonect siphonophore,3549,class,vernacular suggestion,Physonectae,135335,Suborder,Animalia,Physonectae,"auto-suggested, confirm"
soft coral,3075,class,vernacular suggestion,Octocorallia,1341,Order,Animalia,Alcyonacea,"auto-suggested, confirm"
anemone+,3043,class,vernacular suggestion,Actiniaria,1360,Order,Animalia,Actiniaria,"auto-suggested, confirm"
Peniagone sp. A,2654,class,sp. suffix stripped,Peniagone,123515,Genus,Animalia,Peniagone,"auto-suggested, confirm"
bivalve,1967,class,vernacular suggestion,Bivalvia,105,Class,Animalia,Bivalvia,"auto-suggested, confirm"
sea cucumber,1835,class,vernacular suggestion,Holothuroidea,123083,Class,Animalia,Holothuroidea,"auto-suggested, confirm"
zoanthid,1788,class,vernacular suggestion,Zoantharia,607338,Order,Animalia,Zoantharia,"auto-suggested, confirm"
calycophoran siphonophore,1693,class,vernacular suggestion,Calycophorae,135333,Suborder,Animalia,Calycophorae,"auto-suggested, confirm"
medusae,1604,class,vernacular suggestion,Medusozoa,1740301,Subphylum,Animalia,Medusozoa,"auto-suggested, confirm"
equipment,1525,drop,unresolved,,,,,,
medusa,1407,class,worms direct,Medusozoa,1740301,Subphylum,Animalia,Medusozoa,non-Animalia (Chromista)
benthic annelid,1373,drop,vernacular suggestion,Annelida,882,Phylum,Animalia,Annelida,"auto-suggested, confirm"
Funiculina-Balticina complex,1323,class,unresolved,Pennatuloidea,1609360,Superfamily,Animalia,,
Suction Sampler,1283,drop,unresolved,,,,,,
squid,1247,class,vernacular suggestion,Cephalopoda,11707,Class,Animalia,Decapodiformes,"auto-suggested, confirm"
larvacean,1129,class,vernacular suggestion,Appendicularia,146421,Class,Animalia,Appendicularia,"auto-suggested, confirm"
pyrosome,1058,class,vernacular suggestion,Pyrosomatida,137213,Order,Animalia,Pyrosomatida,"auto-suggested, confirm"
LRJ complex,1040,drop,unresolved,,,,,,
manipulator,1032,drop,unresolved,,,,,,
lobed ctenophore,922,class,vernacular suggestion,Lobata,1258,Order,Animalia,Lobata,"auto-suggested, confirm"
Pyrosoma detritus,912,drop,unresolved,,,,,,
Psamminidae,896,class,worms direct,Psamminidae,22742,Family,Chromista,,non-Animalia (Chromista)
Umbellula sp. 2,891,class,sp. suffix stripped,Umbellula,1757986,Genus,Animalia,Umbellula,"auto-suggested, confirm"
corallimorph,846,class,vernacular suggestion,Corallimorpharia,1362,Order,Animalia,Corallimorpharia,"auto-suggested, confirm"
Push Corer,795,drop,unresolved,,,,,,
sea squirt,701,class,vernacular suggestion,Ascidiacea,1839,Class,Animalia,Ascidiacea,"auto-suggested, confirm"
crustacean,699,class,vernacular suggestion,Crustacea,1066,Subphylum,Animalia,Crustacea,"auto-suggested, confirm"
Scotoplanes sp. A,680,class,sp. suffix stripped,Scotoplanes,123520,Genus,Animalia,Scotoplanes,"auto-suggested, confirm"
HYPORTHODUSNIGRITUS-170021202,679,class,noaa code split,Hyporthodus nigritus,475100,Species,Animalia,Hyporthodus nigritus,"auto-suggested, confirm"
detrital aggregate,617,drop,unresolved,,,,,,
sea pen,615,drop,unresolved,,,,,,
Peniagone sp. 1,605,class,sp. suffix stripped,Peniagone,123515,Genus,Animalia,Peniagone,"auto-suggested, confirm"
Neptunea-Buccinum Complex,602,class,unresolved,Buccinidae,149,Family,Animalia,,
Chrysogorgia sp.,600,class,sp. suffix stripped,Chrysogorgia,125294,Genus,Animalia,Chrysogorgia,"auto-suggested, confirm"
coral skeleton,539,drop,unresolved,,,,,,
cydippid ctenophore,538,class,unresolved,Cydippida,1251,Order,Animalia,,
Pennate,509,drop,unresolved,,,,,,
sea turtle,503,class,unresolved,Chelonioidea,987094,Superfamily,Animalia,,
ray or skate,482,class,unresolved,Batoidea,368409,Infrafamily,Animalia,,
midwater annelid,449,class,unresolved,Polychaeta,883,Class,Animalia,,
inconclusive,444,drop,unresolved,,,,,,
other,437,drop,unresolved,,,,,,
Ciliate,431,drop,unresolved,,,,,,
Hemicorallium sp.,431,class,sp. suffix stripped,Hemicorallium,718773,Genus,Animalia,Hemicorallium,"auto-suggested, confirm"
siphonophore,421,class,unresolved,Siphonophorae,1371,Order,Animalia,,
Euphausia 2,397,class,unresolved,Euphausia,110673,Genus,Animalia,,
Heterocarpus sp. 1,390,class,sp. suffix stripped,Heterocarpus,107042,Genus,Animalia,Heterocarpus,"auto-suggested, confirm"
tube anemone,390,class,unresolved,Cerianthus,100782,Genus,,,
shark,376,class,unresolved,Selachii,368408,Infraclass,Animalia,,
Diatom,369,drop,unresolved,,,,,,
none,362,drop,unresolved,,,,,,
Elpidia sp. A,349,class,sp. suffix stripped,Elpidia,123512,Genus,Animalia,Elpidia,"auto-suggested, confirm"
Sebastolobus sp.,345,class,sp. suffix stripped,Sebastolobus,270859,Genus,Animalia,Sebastolobus,"auto-suggested, confirm"
Mixed diatom chain,340,drop,unresolved,,,,,,
echinoderm,326,class,unresolved,Echinodermata,1806,Phylum,Animalia,,
Porifera detritus,300,drop,unresolved,,,,,,
fecal cast,299,drop,unresolved,,,,,,
isopod,299,drop,unresolved,,,,,,
Mycale sp. 1,270,class,sp. suffix stripped,Mycale,131907,Genus,Animalia,Mycale,"auto-suggested, confirm"
chaetognath,269,class,unresolved,Chaetognatha,2081,Phylum,Animalia,,
Bathochordaeus sinker,265,drop,unresolved,,,,,,
Peniagone vitrea- sp. 1 complex,264,class,unresolved,Peniagone vitrea,174046,Species,Animalia,,
Actiniidae sp. 1,263,class,sp. suffix stripped,Actiniidae,100653,Family,Animalia,Actiniidae,"auto-suggested, confirm"
ctenophore,258,class,unresolved,Ctenophora,163921,Genus,Animalia,,
doliolid,255,class,unresolved,Doliolidae,137215,Family,Animalia,,
eggcase,242,drop,unresolved,,,,,,
Unknown full image,235,drop,unresolved,,,,,,
Cribrinopsis sp.,233,class,sp. suffix stripped,Cribrinopsis,100702,Genus,Animalia,Cribrinopsis,"auto-suggested, confirm"
Kophobelemnon sp. 1,233,class,sp. suffix stripped,Kophobelemnon,128492,Genus,Animalia,Kophobelemnon,"auto-suggested, confirm"
sea spider,217,class,unresolved,Pycnogonidae,1567,Family,Animalia,sea,
Synallactidae gen. et sp. indet.,212,class,unresolved,Synallactidae,123185,Family,Animalia,,
narella sp.,204,class,sp. suffix stripped,Narella,125319,Genus,Animalia,narella,"auto-suggested, confirm"
worm+,203,drop,unresolved,,,,,,
coiled fecal cast,191,drop,unresolved,,,,,,
Peniagone sp. 2,190,class,sp. suffix stripped,Peniagone,123515,Genus,Animalia,Peniagone,"auto-suggested, confirm"
Hastigerinella digitata,179,drop,worms direct,Hastigerinella digitata,558967,Species,Chromista,,non-Animalia (Chromista)
Psamminidae sp. 1,166,drop,sp. suffix stripped,Psamminidae,22742,Family,Chromista,Psamminidae,non-Animalia (Chromista)
Oneirophanta mutabilis complex,160,class,unresolved,Oneirophanta mutabilis,124720,Species,Animalia,,
Opisthoteuthis cf. californiana,159,class,sp. suffix stripped,Opisthoteuthis,138294,Genus,Animalia,Opisthoteuthis,"auto-suggested, confirm"
amphipod,157,class,unresolved,Amphipoda,1135,Order,Animalia,,
Funiculina-Halipteris complex,157,class,unresolved,Pennatuloidea,1609360,Superfamily,Animalia,,
Gyrodinium,157,class,worms direct,Gyrodinium,109476,Genus,Chromista,,non-Animalia (Chromista)
Coryphaenoides acrolepis-filifer complex,153,class,unresolved,Coryphaenoides,125748,Genus,Animalia,,
Krill molt,150,class,unresolved,Euphausiacea,1128,Order,Animalia,,
Polychaeta tube,150,drop,unresolved,,,,,,
Pannychia sp.,144,class,sp. suffix stripped,Pannychia,123525,Genus,Animalia,Pannychia,"auto-suggested, confirm"
Boreomysis californica,143,class,unresolved,Boreomysis californica,226344,Species,Animalia,,
Vitreosalpa gemini,140,drop,unresolved,,,,,,
Swiftia sp.,134,class,sp. suffix stripped,Swiftia,125314,Genus,Animalia,Swiftia,"auto-suggested, confirm"
Lycodapus sp.,124,class,sp. suffix stripped,Lycodapus,234573,Genus,Animalia,Lycodapus,"auto-suggested, confirm"
vertebrate,121,drop,unresolved,,,,,,
Bathysiphon major,119,class,worms direct,Bathysiphon major,528219,Species,Chromista,,non-Animalia (Chromista)
jelly,117,drop,unresolved,,,,,,
Paragorgia sp.,114,class,sp. suffix stripped,Paragorgia,125326,Genus,Animalia,Paragorgia,"auto-suggested, confirm"
Anthomastus cf. tahinodus,109,class,sp. suffix stripped,Neoanthomastus tahinodus,1845639,Species,Animalia,Anthomastus,"auto-suggested, confirm"
Buccinidae sp. 1,107,class,sp. suffix stripped,Buccinidae,149,Family,Animalia,Buccinidae,"auto-suggested, confirm"
Hydrolagus cf. trolli,107,class,sp. suffix stripped,Hydrolagus trolli,271418,Species,Animalia,Hydrolagus,"auto-suggested, confirm"
Centric,104,drop,unresolved,,,,,,
Psychropotes sp. 1,104,class,sp. suffix stripped,Psychropotes,123532,Genus,Animalia,Psychropotes,"auto-suggested, confirm"
Antedonoidea sp. 1,103,class,sp. suffix stripped,Antedonoidea,709095,Superfamily,Animalia,Antedonoidea,"auto-suggested, confirm"
Acanthogorgia sp.,102,class,sp. suffix stripped,Acanthogorgia,125293,Genus,Animalia,Acanthogorgia,"auto-suggested, confirm"
Hormathiidae sp. 1,102,class,sp. suffix stripped,Hormathiidae,100672,Family,Animalia,Hormathiidae,"auto-suggested, confirm"
Walteria sp.,102,class,sp. suffix stripped,Walteria,171883,Genus,Animalia,Walteria,"auto-suggested, confirm"
tunicate,100,class,unresolved,Tunicata,146420,Subphylum,Animalia,,
Hydromedusae,99,drop,unresolved,,,,,,
acorn worm,97,class,unresolved,Enteropneusta,1820,Class,Animalia,,
sea butterfly,96,class,unresolved,Thecosomata,13703,Order,,,
trash,93,drop,unresolved,,,,,,
salp chain,92,drop,unresolved,,,,,,
Stichopathes sp.,89,class,sp. suffix stripped,Stichopathes,103308,Genus,Animalia,Stichopathes,"auto-suggested, confirm"
Paelopatides sp.,88,class,sp. suffix stripped,Paelopatides,123466,Genus,Animalia,Paelopatides,"auto-suggested, confirm"
Detritus Sampler,86,drop,unresolved,,,,,,
Sebastomus complex,82,class,unresolved,Sebastes,991848,Subgenus,Animalia,,
cable,81,drop,unresolved,,,,,,
Phyllospadix-Zostera detritus,81,class,unresolved,Zosteraceae,143770,Family,Plantae,,
Protoptilum sp. 1,78,class,sp. suffix stripped,Protoptilum,128498,Genus,Animalia,Protoptilum,"auto-suggested, confirm"
Farrea nr. occa erecta,76,drop,unresolved,,,,,,
Teuthoidea,76,class,,Cephalopoda,11707,Class,Animalia,,
Acanthascus (Rhabdocalyptus) sp.,75,class,sp. suffix stripped,Acanthascus (Rhabdocalyptus),171972,Subgenus,Animalia,Acanthascus (Rhabdocalyptus),"auto-suggested, confirm"
Uroptychus sp.,75,class,sp. suffix stripped,Uroptychus,106833,Genus,Animalia,Uroptychus,"auto-suggested, confirm"
Xenophyophoroidea,75,class,worms direct,Xenophyophoroidea,736980,Suborder,Chromista,,non-Animalia (Chromista)
Hertwigia sp.,74,class,sp. suffix stripped,Hertwigia,132115,Genus,Animalia,Hertwigia,"auto-suggested, confirm"
Pannychia sp. 1,74,class,sp. suffix stripped,Pannychia,123525,Genus,Animalia,Pannychia,"auto-suggested, confirm"
Poralia sp.,74,class,sp. suffix stripped,Poralia,135267,Genus,Animalia,Poralia,"auto-suggested, confirm"
Akashiwo,72,class,worms direct,Akashiwo,231787,Genus,Chromista,,non-Animalia (Chromista)
CO2 Corral,72,drop,unresolved,,,,,,
Coryphaenoides armatus-yaquinae complex,70,class,unresolved,Coryphaenoides,125748,Genus,Animalia,,
Phaeocystis,69,class,worms direct,Phaeocystis,115088,Genus,Chromista,,non-Animalia (Chromista)
sinker,69,drop,unresolved,,,,,,
Pedicellasteridae sp. 2,68,class,sp. suffix stripped,Pedicellasteridae,123124,Family,Animalia,Pedicellasteridae,"auto-suggested, confirm"
Lycenchelys sp.,67,class,sp. suffix stripped,Lycenchelys,126103,Genus,Animalia,Lycenchelys,"auto-suggested, confirm"
mini container array,67,drop,unresolved,,,,,,
shell fragment,67,drop,unresolved,,,,,,
Aegina sp. 1,66,class,sp. suffix stripped,Aegina,116994,Genus,Animalia,Aegina,"auto-suggested, confirm"
Paragorgia sp. 1,66,class,sp. suffix stripped,Paragorgia,125326,Genus,Animalia,Paragorgia,"auto-suggested, confirm"
amphipod tube mat,64,drop,unresolved,,,,,,
Parapagurus sp.,64,class,sp. suffix stripped,Parapagurus,106858,Genus,Animalia,Parapagurus,"auto-suggested, confirm"
Amphianthus sp.,63,class,sp. suffix stripped,Amphianthus,100753,Genus,Animalia,Amphianthus,"auto-suggested, confirm"
Octacnemidae sp. 1,63,class,sp. suffix stripped,Octacnemidae,103446,Family,Animalia,Octacnemidae,"auto-suggested, confirm"
shell,62,drop,unresolved,,,,,,
Ceriantharia sp. 1,61,class,sp. suffix stripped,Ceriantharia,1361,Order,Animalia,Ceriantharia,"auto-suggested, confirm"
Coryphaenoides armatus-leptolepis-yaquinae complex,61,class,unresolved,Coryphaenoides,125748,Genus,Animalia,,
Holothuroidea sp. 3,61,class,sp. suffix stripped,Holothuroidea,123083,Class,Animalia,Holothuroidea,"auto-suggested, confirm"
Physiculus nematopus-rastrelliger complex,60,class,unresolved,Physiculus,125770,Genus,Animalia,,
Heterocapsa,59,class,worms direct,Heterocapsa,1741213,Genus,Chromista,,non-Animalia (Chromista)
arthropod,56,drop,unresolved,,,,,,
Radiozoa,56,class,worms direct,Radiozoa,582421,Phylum,Chromista,,non-Animalia (Chromista)
Brachiopods,55,class,unresolved,Brachiopoda,1803,Phylum,Animalia,,
polypropylene line,53,drop,unresolved,,,,,,
mollusc,52,class,unresolved,Mollusca,51,Phylum,Animalia,,
Plesionika sp. A,51,class,sp. suffix stripped,Plesionika,107046,Genus,Animalia,Plesionika,"auto-suggested, confirm"
Jasonisis sp.,50,class,sp. suffix stripped,Jasonisis,759256,Genus,Animalia,Jasonisis,"auto-suggested, confirm"
Benthic Respiration System,49,drop,unresolved,,,,,,
can,49,drop,unresolved,,,,,,
Ceriantharia sp. 2,49,class,sp. suffix stripped,Ceriantharia,1361,Order,Animalia,Ceriantharia,"auto-suggested, confirm"
trap,49,drop,unresolved,,,,,,
Grimalditeuthis bonplandi,48,class,unresolved,Grimalditeuthis bonplandii,238742,Species,Animalia,,
object,48,drop,unresolved,,,,,,
benthic siphonophore,45,class,unresolved,Siphonophorae,1371,Order,Animalia,,
DeepPIV 3.0,45,drop,unresolved,,,,,,
spicule,45,drop,unresolved,,,,,,
Dibranchus sp. A,44,class,sp. suffix stripped,Dibranchus,125804,Genus,Animalia,Dibranchus,"auto-suggested, confirm"
Hippasteria sp.,44,class,sp. suffix stripped,Hippasteria,123297,Genus,Animalia,Hippasteria,"auto-suggested, confirm"
Acanthascinae sp. 2,43,class,sp. suffix stripped,Rossellidae,131694,Family,Animalia,Acanthascinae,"auto-suggested, confirm"
Iridogorgia sp.,43,class,sp. suffix stripped,Iridogorgia,125295,Genus,Animalia,Iridogorgia,"auto-suggested, confirm"
Bathysiphon,42,class,worms direct,Bathysiphon,112300,Genus,Chromista,,non-Animalia (Chromista)
"Keratoisidinae ""unbranched""",42,class,unresolved,Keratoisididae,1544106,Family,Animalia,,
lights,42,drop,unresolved,,,,,,
Munida sp.,38,class,sp. suffix stripped,Munida,106835,Genus,Animalia,Munida,"auto-suggested, confirm"
Anthomastus sp.,37,class,sp. suffix stripped,Anthomastus,125285,Genus,Animalia,Anthomastus,"auto-suggested, confirm"
Aulosphaera,37,class,worms direct,Aulosphaera,408873,Genus,Chromista,,non-Animalia (Chromista)
rock,37,drop,unresolved,,,,,,
Eualus sp.,36,class,sp. suffix stripped,Eualus,106986,Genus,Animalia,Eualus,"auto-suggested, confirm"
Plantae detritus,36,drop,unresolved,,,,,,
beroid ctenophore,35,class,unresolved,Beroidae,106317,Family,Animalia,,
Umbellula sp. 1,35,class,sp. suffix stripped,Umbellula,1757986,Genus,Animalia,Umbellula,"auto-suggested, confirm"
Caulophacus sp.,34,class,sp. suffix stripped,Caulophacus,132112,Genus,Animalia,Caulophacus,"auto-suggested, confirm"
ship container,34,drop,unresolved,,,,,,
Munida sp. A,33,class,sp. suffix stripped,Munida,106835,Genus,Animalia,Munida,"auto-suggested, confirm"
bacterial mat,32,drop,unresolved,,,,,,
Munidopsis sp. 1,31,class,sp. suffix stripped,Munidopsis,106836,Genus,Animalia,Munidopsis,"auto-suggested, confirm"
Actinostola sp.,30,class,sp. suffix stripped,Actinostola,100709,Genus,Animalia,Actinostola,"auto-suggested, confirm"
DeepPIV 1.0,30,drop,unresolved,,,,,,
Hymenaster sp.,30,class,sp. suffix stripped,Hymenaster,123333,Genus,Animalia,Hymenaster,"auto-suggested, confirm"
Terebratulina complex,30,class,unresolved,Terebratulina,104040,Genus,Animalia,,
gastropod,29,class,unresolved,Gastropoda,101,Class,Animalia,,
Ampheraster sp.,27,class,sp. suffix stripped,Ampheraster,178776,Genus,Animalia,Ampheraster,"auto-suggested, confirm"
Prorocentrum,27,class,worms direct,Prorocentrum,109566,Genus,Chromista,,non-Animalia (Chromista)
Hyalonema (Corynonema) sp.,26,class,sp. suffix stripped,Hyalonema (Corynonema),171415,Subgenus,Animalia,Hyalonema (Corynonema),"auto-suggested, confirm"
Latrunculia (Latrunculia) sp.,26,class,sp. suffix stripped,Latrunculia (Latrunculia),231637,Subgenus,Animalia,Latrunculia (Latrunculia),"auto-suggested, confirm"
Munidopsis sp.,26,class,sp. suffix stripped,Munidopsis,106836,Genus,Animalia,Munidopsis,"auto-suggested, confirm"
Tjalfiella sp.,26,class,sp. suffix stripped,Tjalfiella,265037,Genus,Animalia,Tjalfiella,"auto-suggested, confirm"
Zoroaster sp.,26,class,sp. suffix stripped,Zoroaster,123237,Genus,Animalia,Zoroaster,"auto-suggested, confirm"
Heteropathes sp.,25,class,sp. suffix stripped,Heteropathes,723286,Genus,Animalia,Heteropathes,"auto-suggested, confirm"
cup coral skeleton,24,drop,unresolved,,,,,,
Delectopecten sp.,24,class,sp. suffix stripped,Delectopecten,138318,Genus,Animalia,Delectopecten,"auto-suggested, confirm"
Umbellapathes sp.,24,class,sp. suffix stripped,Umbellapathes,267936,Genus,Animalia,Umbellapathes,"auto-suggested, confirm"
ink,23,drop,unresolved,,,,,,
metal,23,drop,unresolved,,,,,,
Physiculus sp. 1,23,class,sp. suffix stripped,Physiculus,125770,Genus,Animalia,Physiculus,"auto-suggested, confirm"
Radicipes sp.,23,class,sp. suffix stripped,Radicipes,125297,Genus,Animalia,Radicipes,"auto-suggested, confirm"
Ecklonia cava,22,class,worms direct,Ecklonia cava,371986,Species,Chromista,,non-Animalia (Chromista)
plastic bag,22,drop,unresolved,,,,,,
Asteroidea sp. 9,21,class,sp. suffix stripped,Asteroidea,123080,Class,Animalia,Asteroidea,"auto-suggested, confirm"
pillow lava,21,drop,unresolved,,,,,,
Pteraster sp.,21,class,sp. suffix stripped,Pteraster,123335,Genus,Animalia,Pteraster,"auto-suggested, confirm"
site marker,21,drop,unresolved,,,,,,
Corallimorphus cf. pilatus,20,class,sp. suffix stripped,Corallimorphus,100784,Genus,Animalia,Corallimorphus,"auto-suggested, confirm"
Iliophys cf. arx,20,drop,unresolved,,,,,Iliophys,
Leptocephalus-2,20,drop,unresolved,,,,,,
Lycenchelys sp. 1,20,drop,sp. suffix stripped,Lycenchelys,126103,Genus,Animalia,Lycenchelys,"auto-suggested, confirm"
Xenophyophore,20,drop,unresolved,,,,,,
55-gallon drum,19,drop,unresolved,,,,,,
burrow,19,drop,unresolved,,,,,,
Colus sp.,19,drop,sp. suffix stripped,Colus,137704,Genus,Animalia,Colus,"auto-suggested, confirm"
Bathypathes sp.,18,drop,sp. suffix stripped,Bathypathes,103304,Genus,Animalia,Bathypathes,"auto-suggested, confirm"
Retimohnia sp. A,18,drop,sp. suffix stripped,Retimohnia,160505,Genus,Animalia,Retimohnia,"auto-suggested, confirm"
Cancridae sp. 1,17,drop,sp. suffix stripped,Cancridae,106749,Family,Animalia,Cancridae,"auto-suggested, confirm"
Culeolus sp. 2,17,drop,sp. suffix stripped,Culeolus,103517,Genus,Animalia,Culeolus,"auto-suggested, confirm"
Peniagone sp.,17,drop,sp. suffix stripped,Peniagone,123515,Genus,Animalia,Peniagone,"auto-suggested, confirm"
plastic,17,drop,unresolved,,,,,,
Rhizosolenia Proboscia,17,drop,unresolved,,,,,,
salp carcass,17,drop,unresolved,,,,,,
talus,17,drop,unresolved,,,,,,
whale carcass,17,drop,unresolved,,,,,,
Acanthascus sp.,16,drop,sp. suffix stripped,Acanthascus,171966,Genus,Animalia,Acanthascus,"auto-suggested, confirm"
collection device,16,drop,unresolved,,,,,,
coral transplant container,16,drop,unresolved,,,,,,
Hexactinellida sp. 2,16,drop,sp. suffix stripped,Hexactinellida,22612,Class,Animalia,Hexactinellida,"auto-suggested, confirm"
Trissopathes sp.,16,drop,sp. suffix stripped,Trissopathes,267926,Genus,Animalia,Trissopathes,"auto-suggested, confirm"
Balticina sp.,15,drop,sp. suffix stripped,Balticina,146534,Genus,Animalia,Balticina,"auto-suggested, confirm"
Camptoplites sp. A,15,drop,sp. suffix stripped,Camptoplites,173016,Genus,Animalia,Camptoplites,"auto-suggested, confirm"
Coryphaenoides sp.,15,drop,sp. suffix stripped,Coryphaenoides,125748,Genus,Animalia,Coryphaenoides,"auto-suggested, confirm"
Dendrophylliidae skeleton,15,drop,unresolved,,,,,,
Farrea truncata complex,15,drop,unresolved,,,,,,
Nearchaster sp.,15,drop,sp. suffix stripped,Nearchaster,370821,Genus,Animalia,Nearchaster,"auto-suggested, confirm"
Poliopogon sp.,15,drop,sp. suffix stripped,Poliopogon,171579,Genus,Animalia,Poliopogon,"auto-suggested, confirm"
Funiculina sp.,14,drop,sp. suffix stripped,Funiculina,128490,Genus,Animalia,Funiculina,"auto-suggested, confirm"
Keratoisidinae S1 clade,14,drop,unresolved,,,,,,
outer filter,14,drop,unresolved,,,,,,
Protoptilum sp.,14,drop,sp. suffix stripped,Protoptilum,128498,Genus,Animalia,Protoptilum,"auto-suggested, confirm"
Rhodaniridogorgia sp.,14,drop,sp. suffix stripped,Iridogorgia,125295,Genus,Animalia,Rhodaniridogorgia,"auto-suggested, confirm"
Asbestopluma sp.,13,drop,sp. suffix stripped,Asbestopluma,131893,Genus,Animalia,Asbestopluma,"auto-suggested, confirm"
Aulosaccus sp.,13,drop,sp. suffix stripped,Aulosaccus,172018,Genus,Animalia,Aulosaccus,"auto-suggested, confirm"
Biology box,13,drop,unresolved,,,,,,
Demospongiae sp. 1,13,drop,sp. suffix stripped,Demospongiae,164811,Class,Animalia,Demospongiae,"auto-suggested, confirm"
Gersemia sp.,13,drop,sp. suffix stripped,Gersemia,146953,Genus,Animalia,Gersemia,"auto-suggested, confirm"
Henricia sp.,13,drop,sp. suffix stripped,Henricia,123276,Genus,Animalia,Henricia,"auto-suggested, confirm"
Hexactinellida sp. 1,13,drop,sp. suffix stripped,Hexactinellida,22612,Class,Animalia,Hexactinellida,"auto-suggested, confirm"
"Keratoisidinae ""internodal sparse""",13,drop,unresolved,,,,,,
salp detritus,13,drop,unresolved,,,,,,
Sebastes aleutianus-melanostictus complex,13,drop,unresolved,,,,,,
Sicyonis sp.,13,drop,sp. suffix stripped,Sicyonis,100715,Genus,Animalia,Sicyonis,"auto-suggested, confirm"
Tromikosoma sp.,13,drop,sp. suffix stripped,Tromikosoma,123403,Genus,Animalia,Tromikosoma,"auto-suggested, confirm"
Actinaria,12,drop,unresolved,,,,,,
anchor,12,drop,unresolved,,,,,,
Bathyraja cf. microtrachys,12,drop,sp. suffix stripped,Bathyraja,105761,Genus,Animalia,Bathyraja,"auto-suggested, confirm"
DeepPIV 2.0,12,drop,unresolved,,,,,,
Gymnodinium,12,drop,worms direct,Gymnodinium,109475,Genus,Chromista,,non-Animalia (Chromista)
Halosaurus sp.,12,drop,sp. suffix stripped,Halosaurus,125839,Genus,Animalia,Halosaurus,"auto-suggested, confirm"
Hexactinellida sp. 6,12,drop,sp. suffix stripped,Hexactinellida,22612,Class,Animalia,Hexactinellida,"auto-suggested, confirm"
Ilyophis sp.,12,drop,sp. suffix stripped,Ilyophis,125654,Genus,Animalia,Ilyophis,"auto-suggested, confirm"
Paralomis sp.,12,drop,sp. suffix stripped,Paralomis,106848,Genus,Animalia,Paralomis,"auto-suggested, confirm"
Scotoplanes sp.,12,drop,sp. suffix stripped,Scotoplanes,123520,Genus,Animalia,Scotoplanes,"auto-suggested, confirm"
wood,12,drop,unresolved,,,,,,
Acanthascinae sp. 3,11,drop,sp. suffix stripped,Rossellidae,131694,Subfamily,Animalia,Acanthascinae,"auto-suggested, confirm"
Acoustic Doppler Current Profiler,11,drop,unresolved,,,,,,
Clavularia sp.,11,drop,sp. suffix stripped,Clavularia,125286,Genus,Animalia,Clavularia,"auto-suggested, confirm"
Lebbeus sp.,11,drop,sp. suffix stripped,Lebbeus,106989,Genus,Animalia,Lebbeus,"auto-suggested, confirm"
Liparidae sp. 1,11,drop,sp. suffix stripped,Liparidae,234519,Family,Animalia,Liparidae,"auto-suggested, confirm"
Padina arborescens,11,drop,worms direct,Padina arborescens,372009,Species,Chromista,,non-Animalia (Chromista)
Psathyrometra sp.,11,drop,sp. suffix stripped,Psathyrometra,173875,Genus,Animalia,Psathyrometra,"auto-suggested, confirm"
Candelabridae sp. 1,10,drop,sp. suffix stripped,Candelabridae,1595,Family,Animalia,Candelabridae,"auto-suggested, confirm"
eggs,10,drop,unresolved,,,,,,
Farrea nr. occa,10,drop,unresolved,,,,,,
fecal material,10,drop,unresolved,,,,,,
Free Ocean CO2 Experiment,10,drop,unresolved,,,,,,
Homerpro,10,drop,unresolved,,,,,,
Keratoisidinae D1 clade,10,drop,unresolved,,,,,,
Kumba sp.,10,drop,sp. suffix stripped,Kumba,156705,Genus,Animalia,Kumba,"auto-suggested, confirm"
Megalodicopia sp.,10,drop,sp. suffix stripped,Megalodicopia,249571,Genus,Animalia,Megalodicopia,"auto-suggested, confirm"
Nano_plankton,10,drop,unresolved,,,,,,
Nematocarcinus sp.,10,drop,sp. suffix stripped,Nematocarcinus,107015,Genus,Animalia,Nematocarcinus,"auto-suggested, confirm"
Sargassum,10,drop,worms direct,Sargassum,144132,Genus,Chromista,,non-Animalia (Chromista)
Stylocordyla sp.,10,drop,sp. suffix stripped,Stylocordyla,132063,Genus,Animalia,Stylocordyla,"auto-suggested, confirm"
Tomopterid eggcase,10,drop,unresolved,,,,,,
Walteria cf. leuckarti,10,drop,sp. suffix stripped,Walteria,171883,Genus,Animalia,Walteria,"auto-suggested, confirm"
Acanthascinae sp. 4,9,drop,sp. suffix stripped,Rossellidae,131694,Subfamily,Animalia,Acanthascinae,"auto-suggested, confirm"
Anthoptilum sp.,9,drop,sp. suffix stripped,Anthoptilum,128489,Genus,Animalia,Anthoptilum,"auto-suggested, confirm"
Apostichopus sp. 1,9,drop,sp. suffix stripped,Apostichopus,241373,Genus,Animalia,Apostichopus,"auto-suggested, confirm"
Asteroidea sp. 6,9,drop,sp. suffix stripped,Asteroidea,123080,Class,Animalia,Asteroidea,"auto-suggested, confirm"
cage,9,drop,unresolved,,,,,,
Caryophylliidae skeleton,9,drop,unresolved,,,,,,
Ceratium,9,drop,worms direct,Ceratium,109506,Genus,Chromista,,non-Animalia (Chromista)
Dictyaulus sp.,9,drop,sp. suffix stripped,Dictyaulus,171858,Genus,Animalia,Dictyaulus,"auto-suggested, confirm"
elevator,9,drop,unresolved,,,,,,
Florometra sp.,9,drop,sp. suffix stripped,Florometra,173810,Genus,Animalia,Florometra,"auto-suggested, confirm"
Hexactinellida sp. 3,9,drop,sp. suffix stripped,Hexactinellida,22612,Class,Animalia,Hexactinellida,"auto-suggested, confirm"
Hexactinellida sp. 4,9,drop,sp. suffix stripped,Hexactinellida,22612,Class,Animalia,Hexactinellida,"auto-suggested, confirm"
"Keratoisidinae D clade ""unbranched""",9,drop,unresolved,,,,,,
Keratoisidinae I4 clade,9,drop,unresolved,,,,,,
Opisthoteuthis sp. A,9,drop,sp. suffix stripped,Opisthoteuthis,138294,Genus,Animalia,Opisthoteuthis,"auto-suggested, confirm"
Rhodophycota,9,drop,worms direct,Rhodophyta,852,Phylum (Division),Plantae,,non-Animalia (Plantae)
siphon,9,drop,unresolved,,,,,,
Atlantisella sp.,8,drop,sp. suffix stripped,Atlantisella,171852,Genus,Animalia,Atlantisella,"auto-suggested, confirm"
Benthoctopus sp. 1,8,drop,sp. suffix stripped,Bathypolypus,138265,Genus,Animalia,Benthoctopus,"auto-suggested, confirm"
carapace,8,drop,unresolved,,,,,,
Colossendeis sp.,8,drop,sp. suffix stripped,Colossendeis,134586,Genus,Animalia,Colossendeis,"auto-suggested, confirm"
Corallinales,8,drop,worms direct,Corallinales,15308,Order,Plantae,,non-Animalia (Plantae)
Cottidae sp. 1,8,drop,sp. suffix stripped,Cottidae,125589,Family,Animalia,Cottidae,"auto-suggested, confirm"
enteropneust spiral fecal cast,8,drop,unresolved,,,,,,
Holothuroidea sp. 7,8,drop,sp. suffix stripped,Holothuroidea,123083,Class,Animalia,Holothuroidea,"auto-suggested, confirm"
inner filter,8,drop,unresolved,,,,,,
Mysidae 2,8,drop,unresolved,,,,,,
Pandalus sp.,8,drop,sp. suffix stripped,Pandalus,107044,Genus,Animalia,Pandalus,"auto-suggested, confirm"
Pennatula sp.,8,drop,sp. suffix stripped,Pennatula,128495,Genus,Animalia,Pennatula,"auto-suggested, confirm"
Regadrella sp.,8,drop,sp. suffix stripped,Regadrella,132117,Genus,Animalia,Regadrella,"auto-suggested, confirm"
Rhodophyta,8,drop,worms direct,Rhodophyta,852,Phylum (Division),Plantae,,non-Animalia (Plantae)
rope,8,drop,unresolved,,,,,,
Sebastes crameri-melanostomus complex,8,drop,unresolved,,,,,,
Stauropathes sp.,8,drop,sp. suffix stripped,Stauropathes,267854,Genus,Animalia,Stauropathes,"auto-suggested, confirm"
test,8,drop,fathomnet+worms,Carex,425750,Genus,Plantae,,non-Animalia (Plantae)
Bassozetus sp.,7,drop,sp. suffix stripped,Bassozetus,125856,Genus,Animalia,Bassozetus,"auto-suggested, confirm"
Benthodytes sp. 1,7,drop,sp. suffix stripped,Benthodytes,123529,Genus,Animalia,Benthodytes,"auto-suggested, confirm"
bottle,7,drop,unresolved,,,,,,
Cladorhizidae sp. A,7,drop,sp. suffix stripped,Cladorhizidae,131644,Family,Animalia,Cladorhizidae,"auto-suggested, confirm"
Hemicorallium nr. laauense,7,drop,unresolved,,,,,,
Holothuroidea sp. 8,7,drop,sp. suffix stripped,Holothuroidea,123083,Class,Animalia,Holothuroidea,"auto-suggested, confirm"
Keratoisidinae B clade,7,drop,unresolved,,,,,,
"Keratoisidinae B clade ""internodal""",7,drop,unresolved,,,,,,
Luciobrotula sp. A,7,drop,sp. suffix stripped,Luciobrotula,158763,Genus,Animalia,Luciobrotula,"auto-suggested, confirm"
Lyssacinosida sp. 1,7,drop,sp. suffix stripped,Lyssacinosida,171834,Order,Animalia,Lyssacinosida,"auto-suggested, confirm"
marine snow,7,drop,unresolved,,,,,,
Munida sp,7,drop,sp. suffix stripped,Munida,106835,Genus,Animalia,Munida,"auto-suggested, confirm"
Nanomia bijuga nectosome,7,drop,unresolved,,,,,,
Porifera sp. 4,7,drop,sp. suffix stripped,Porifera,558,Phylum,Animalia,Porifera,"auto-suggested, confirm"
Psolus sp.,7,drop,sp. suffix stripped,Psolus,146121,Genus,Animalia,Psolus,"auto-suggested, confirm"
Synallactes sp.,7,drop,sp. suffix stripped,Synallactes,123471,Genus,Animalia,Synallactes,"auto-suggested, confirm"
,6,drop,unresolved,,,,,,
Benthothuria sp.,6,drop,sp. suffix stripped,Benthothuria,123461,Genus,Animalia,Benthothuria,"auto-suggested, confirm"
Calyptrophora sp.,6,drop,sp. suffix stripped,Calyptrophora,177833,Genus,Animalia,Calyptrophora,"auto-suggested, confirm"
cardboard,6,drop,unresolved,,,,,,
Chlorophyta,6,drop,worms direct,Chlorophyta,801,Phylum (Division),Plantae,,non-Animalia (Plantae)
Chonelasma sp.,6,drop,sp. suffix stripped,Chonelasma,132102,Genus,Animalia,Chonelasma,"auto-suggested, confirm"
Dye Injector,6,drop,unresolved,,,,,,
Eisenia bicyclis,6,drop,worms direct,Eisenia bicyclis,371991,Species,Chromista,,non-Animalia (Chromista)
enclosure,6,drop,unresolved,,,,,,
"Farrea ""turbocharger""",6,drop,unresolved,,,,,,
Foraminifera,6,drop,worms direct,Foraminifera,1410,Phylum,Chromista,,non-Animalia (Chromista)
"Keratoisidinae ""internodal""",6,drop,unresolved,,,,,,
"Keratoisidinae B clade ""unbranched""",6,drop,unresolved,,,,,,
"Keratoisidinae B1 clade ""unbranched""",6,drop,unresolved,,,,,,
"Keratoisidinae C clade ""unbranched""",6,drop,unresolved,,,,,,
Keratoisidinae C1 clade,6,drop,unresolved,,,,,,
"Keratoisidinae C1 clade ""unbranched""",6,drop,unresolved,,,,,,
Liparidae sp. 3,6,drop,sp. suffix stripped,Liparidae,234519,Family,Animalia,Liparidae,"auto-suggested, confirm"
"Metallogorgia melanotrichos ""juvenile""",6,drop,unresolved,,,,,,
Midwater Respirometry System,6,drop,unresolved,,,,,,
Pennatulacea sp. 1,6,drop,sp. suffix stripped,Pennatuloidea,1609360,Order,Animalia,Pennatulacea,"auto-suggested, confirm"
Physiculus sp. 2,6,drop,sp. suffix stripped,Physiculus,125770,Genus,Animalia,Physiculus,"auto-suggested, confirm"
Aeolidiidae sp. 1,5,drop,sp. suffix stripped,Aeolidiidae,192,Family,Animalia,Aeolidiidae,"auto-suggested, confirm"
Asteroidea sp. 1,5,drop,sp. suffix stripped,Asteroidea,123080,Class,Animalia,Asteroidea,"auto-suggested, confirm"
Bathyceramaster sp.,5,drop,sp. suffix stripped,Bathyceramaster,887866,Genus,Animalia,Bathyceramaster,"auto-suggested, confirm"
Benthesicymus sp.,5,drop,sp. suffix stripped,Benthesicymus,106811,Genus,Animalia,Benthesicymus,"auto-suggested, confirm"
Benthocodon sp.,5,drop,sp. suffix stripped,Benthocodon,174738,Genus,Animalia,Benthocodon,"auto-suggested, confirm"
bubbles,5,drop,unresolved,,,,,,
Chondrocladia sp. A,5,drop,sp. suffix stripped,Chondrocladia,131894,Genus,Animalia,Chondrocladia,"auto-suggested, confirm"
Chromista,5,drop,worms direct,Chromista,7,Kingdom,Chromista,,non-Animalia (Chromista)
drawer,5,drop,unresolved,,,,,,
"Keratoisidinae ""internodal Jasonisis-like""",5,drop,unresolved,,,,,,
Keratoisidinae B1 clade,5,drop,unresolved,,,,,,
"Keratoisidinae S1 clade ""unbranched""",5,drop,unresolved,,,,,,
Larval Sampler,5,drop,unresolved,,,,,,
military apparatus,5,drop,unresolved,,,,,,
Ophioplinthaca sp.,5,drop,sp. suffix stripped,Ophioplinthaca,123601,Genus,Animalia,Ophioplinthaca,"auto-suggested, confirm"
Paracalyptrophora sp.,5,drop,sp. suffix stripped,Paracalyptrophora,125320,Genus,Animalia,Paracalyptrophora,"auto-suggested, confirm"
PVC pipe,5,drop,unresolved,,,,,,
Serpulidae (numerous),5,drop,unresolved,,,,,,
ship wreckage,5,drop,unresolved,,,,,,
1-gallon paint bucket,4,drop,unresolved,,,,,,
Acanthascinae sp. 1,4,drop,sp. suffix stripped,Rossellidae,131694,Subfamily,Animalia,Acanthascinae,"auto-suggested, confirm"
Asbestopluma desmophora,4,drop,unresolved,,,,,,
Bathypalaemonella sp.,4,drop,sp. suffix stripped,Bathypalaemonella,107004,Genus,Animalia,Bathypalaemonella,"auto-suggested, confirm"
Benthic Rover,4,drop,unresolved,,,,,,
bone,4,drop,unresolved,,,,,,
Bothrocara sp.,4,drop,sp. suffix stripped,Bothrocara,234576,Genus,Animalia,Bothrocara,"auto-suggested, confirm"
Calliaster sp.,4,drop,sp. suffix stripped,Calliaster,205380,Genus,Animalia,Calliaster,"auto-suggested, confirm"
Callogorgia sp.,4,drop,sp. suffix stripped,Callogorgia,125317,Genus,Animalia,Callogorgia,"auto-suggested, confirm"
Caryophyllia/Javania,4,drop,unresolved,,,,,,
cephalopod,4,drop,unresolved,,,,,,
Ceriantharia sp. 3,4,drop,sp. suffix stripped,Ceriantharia,1361,Order,Animalia,Ceriantharia,"auto-suggested, confirm"
Chionoecetes sp.,4,drop,sp. suffix stripped,Chionoecetes,106898,Genus,Animalia,Chionoecetes,"auto-suggested, confirm"
Chorilia sp.,4,drop,sp. suffix stripped,Chorilia,439300,Genus,Animalia,Chorilia,"auto-suggested, confirm"
Epimenia sp.,4,drop,sp. suffix stripped,Epimenia,298341,Genus,Animalia,Epimenia,"auto-suggested, confirm"
Holothuroidea sp. 6,4,drop,sp. suffix stripped,Holothuroidea,123083,Class,Animalia,Holothuroidea,"auto-suggested, confirm"
human,4,drop,unresolved,,,,,,
"Keratoisidinae ""internodal red""",4,drop,unresolved,,,,,,
"Keratoisidinae C clade ""internodal""",4,drop,unresolved,,,,,,
"Keratoisidinae J clade ""unbranched""",4,drop,unresolved,,,,,,
Leptocylindrus_Guinarida_Dactylisolen,4,drop,unresolved,,,,,,
Macrocystis pyrifera,4,drop,worms direct,Macrocystis pyrifera,232231,Species,Chromista,,non-Animalia (Chromista)
Mixed_diatom_chain,4,drop,unresolved,,,,,,
molt,4,drop,unresolved,,,,,,
Opiuroidea,4,drop,unresolved,,,,,,
probe,4,drop,unresolved,,,,,,
Sebastes miniatus-pinniger complex,4,drop,unresolved,,,,,,
seep,4,drop,unresolved,,,,,,
Sergestid molt,4,drop,unresolved,,,,,,
Siphonogorgia alexandri,4,drop,unresolved,,,,,,
Solaster sp.,4,drop,sp. suffix stripped,Solaster,123338,Genus,Animalia,Solaster,"auto-suggested, confirm"
Theudoidea,4,drop,unresolved,,,,,,
Tiburonia cf. granrojo,4,drop,sp. suffix stripped,Tiburonia,267912,Genus,Animalia,Tiburonia,"auto-suggested, confirm"
tire,4,drop,unresolved,,,,,,
Uroptychus n.,4,drop,unresolved,,,,,,
Vitreosalpa,4,drop,unresolved,,,,,,
wood fall experiment,4,drop,unresolved,,,,,,
2G Robotics structured light laser,3,drop,unresolved,,,,,,
Abyssocucumis cf. Abyssocucumis,3,drop,sp. suffix stripped,Abyssocucumis,123475,Genus,Animalia,Abyssocucumis,"auto-suggested, confirm"
Aeginona sp.,3,drop,sp. suffix stripped,Aeginona,1035134,Genus,Animalia,Aeginona,"auto-suggested, confirm"
Alternatipathes cf. alternata,3,drop,sp. suffix stripped,Alternatipathes,994317,Genus,Animalia,Alternatipathes,"auto-suggested, confirm"
Amphidiscella sp.,3,drop,sp. suffix stripped,Amphidiscella,171849,Genus,Animalia,Amphidiscella,"auto-suggested, confirm"
amphipoda tube mat,3,drop,unresolved,,,,,,
Aspidodiadema cf. hawaiiense,3,drop,sp. suffix stripped,Aspidodiadema,123392,Genus,Animalia,Aspidodiadema,"auto-suggested, confirm"
Barathrites/n. genus,3,drop,unresolved,,,,,,
Bathydorus sp. 1,3,drop,sp. suffix stripped,Bathydorus,132123,Genus,Animalia,Bathydorus,"auto-suggested, confirm"
Bathypathes cf. conferta,3,drop,sp. suffix stripped,Bathypathes,103304,Genus,Animalia,Bathypathes,"auto-suggested, confirm"
Bio tube,3,drop,unresolved,,,,,,
Bird water sampler,3,drop,unresolved,,,,,,
Bolosoma sp.,3,drop,sp. suffix stripped,Bolosoma,171837,Genus,Animalia,Bolosoma,"auto-suggested, confirm"
bottle-2,3,drop,unresolved,,,,,,
Chonelasmatinae sp. 1,3,drop,sp. suffix stripped,Chonelasmatinae,171658,Subfamily,Animalia,Chonelasmatinae,"auto-suggested, confirm"
Circeaster sp.,3,drop,sp. suffix stripped,Circeaster,178090,Genus,Animalia,Circeaster,"auto-suggested, confirm"
Emergence Trap,3,drop,unresolved,,,,,,
fabric,3,drop,unresolved,,,,,,
Fecampiid eggcase,3,drop,unresolved,,,,,,
Gastropoda sp. 2,3,drop,sp. suffix stripped,Gastropoda,101,Class,Animalia,Gastropoda,"auto-suggested, confirm"
hairpin enteropneust fecal cast,3,drop,unresolved,,,,,,
Holothuroidea sp. 4,3,drop,sp. suffix stripped,Holothuroidea,123083,Class,Animalia,Holothuroidea,"auto-suggested, confirm"
"Keratoisidinae ""unbranched new""",3,drop,unresolved,,,,,,
Keratoisidinae D clade,3,drop,unresolved,,,,,,
"Keratoisidinae J clade ""internodal""",3,drop,unresolved,,,,,,
Laminariales,3,drop,worms direct,Laminariales,845,Order,Chromista,,non-Animalia (Chromista)
laser,3,drop,unresolved,,,,,,
ledge,3,drop,unresolved,,,,,,
line,3,drop,unresolved,,,,,,
Mesozoanthus sp.,3,drop,sp. suffix stripped,Mesozoanthus,446128,Genus,Animalia,Mesozoanthus,"auto-suggested, confirm"
MRS,3,drop,unresolved,,,,,,
mucous string,3,drop,unresolved,,,,,,
mung,3,drop,unresolved,,,,,,
Muusoctopus sp.,3,drop,sp. suffix stripped,Muusoctopus,527126,Genus,Animalia,Muusoctopus,"auto-suggested, confirm"
Paralomis n.,3,drop,unresolved,,,,,,
Parastenella sp.,3,drop,sp. suffix stripped,Parastenella,267700,Genus,Animalia,Parastenella,"auto-suggested, confirm"
Polychelidae 2,3,drop,unresolved,,,,,,
Psednos/Paraliparis,3,drop,unresolved,,,,,,
Pseudoanthomastus sp.,3,drop,sp. suffix stripped,Pseudoanthomastus,267770,Genus,Animalia,Pseudoanthomastus,"auto-suggested, confirm"
quiver,3,drop,unresolved,,,,,,
Roundnose grenadier,3,drop,unresolved,,,,,,
Saccocalyx cf. pedunculatus,3,drop,sp. suffix stripped,Saccocalyx,171844,Genus,Animalia,Saccocalyx,"auto-suggested, confirm"
sediment,3,drop,unresolved,,,,,,
shoe,3,drop,unresolved,,,,,,
Sonardyne beacon,3,drop,unresolved,,,,,,
Spectrunculus sp.,3,drop,sp. suffix stripped,Spectrunculus,125865,Genus,Animalia,Spectrunculus,"auto-suggested, confirm"
Tergivelum sp. A,3,drop,sp. suffix stripped,Tergivelum,517254,Genus,Animalia,Tergivelum,"auto-suggested, confirm"
Tintinnid,3,drop,unresolved,,,,,,
Aldrovandia sp.,2,drop,sp. suffix stripped,Aldrovandia,125837,Genus,Animalia,Aldrovandia,"auto-suggested, confirm"
anthropogenic,2,drop,unresolved,,,,,,
Asteroidea sp. 3,2,drop,sp. suffix stripped,Asteroidea,123080,Class,Animalia,Asteroidea,"auto-suggested, confirm"
Balanophyllia (Balanophyllia) elegans ,2,drop,unresolved,,,,,,
balloon,2,drop,unresolved,,,,,,
Bathypathes n.,2,drop,unresolved,,,,,,
Bathyraja sp.,2,drop,sp. suffix stripped,Bathyraja,105761,Genus,Animalia,Bathyraja,"auto-suggested, confirm"
bucket,2,drop,unresolved,,,,,,
Caridea sp. 2,2,drop,sp. suffix stripped,Caridea,106674,Infraorder,Animalia,Caridea,"auto-suggested, confirm"
Ceramaster sp.,2,drop,sp. suffix stripped,Ceramaster,123291,Genus,Animalia,Ceramaster,"auto-suggested, confirm"
"Cirrata ""egg""",2,drop,unresolved,,,,,,
Cladorhizidae sp. B,2,drop,sp. suffix stripped,Cladorhizidae,131644,Family,Animalia,Cladorhizidae,"auto-suggested, confirm"
Corallimorphus sp.,2,drop,sp. suffix stripped,Corallimorphus,100784,Genus,Animalia,Corallimorphus,"auto-suggested, confirm"
Corymorpha sp.,2,drop,sp. suffix stripped,Corymorpha,117059,Genus,Animalia,Corymorpha,"auto-suggested, confirm"
Detonula_Cerataulina_Lauderia,2,drop,unresolved,,,,,,
DiplacanthopomaA,2,drop,unresolved,,,,,,
DiplacanthopomaB,2,drop,unresolved,,,,,,
Eye-in-the-Sea,2,drop,unresolved,,,,,,
Firesting O2-temp sensor,2,drop,unresolved,,,,,,
fish trap,2,drop,unresolved,,,,,,
Habrocidaris sp.,2,drop,sp. suffix stripped,Habrocidaris,123374,Genus,Animalia,Habrocidaris,"auto-suggested, confirm"
Heterorete sp.,2,drop,sp. suffix stripped,Heterorete,171713,Genus,Animalia,Heterorete,"auto-suggested, confirm"
Hyalonema sp. 1,2,drop,sp. suffix stripped,Hyalonema,132096,Genus,Animalia,Hyalonema,"auto-suggested, confirm"
Ink Dispenser,2,drop,unresolved,,,,,,
kelp,2,drop,unresolved,,,,,,
"Keratoisidinae ""ambinodal""",2,drop,unresolved,,,,,,
"Keratoisidinae ""internodal bushy""",2,drop,unresolved,,,,,,
"Keratoisidinae ""internodal planar""",2,drop,unresolved,,,,,,
"Keratoisidinae ""internodal tentacle""",2,drop,unresolved,,,,,,
"Keratoisidinae D1 clade ""unbranched""",2,drop,unresolved,,,,,,
Keratoisidinae D2 clade,2,drop,unresolved,,,,,,
Keratoisidinae J clade,2,drop,unresolved,,,,,,
"Keratoisidinae J clade ""ambinodal""",2,drop,unresolved,,,,,,
Keratoisidinae O clade,2,drop,unresolved,,,,,,
larvacean house,2,drop,unresolved,,,,,,
lasers,2,drop,unresolved,,,,,,
Lithodes sp.,2,drop,sp. suffix stripped,Lithodes,106845,Genus,Animalia,Lithodes,"auto-suggested, confirm"
Macrocystis,2,drop,worms direct,Macrocystis,206527,Genus,Chromista,,non-Animalia (Chromista)
manufactured wood,2,drop,unresolved,,,,,,
mucus tube,2,drop,unresolved,,,,,,
Nanomia 2,2,drop,unresolved,,,,,,
net,2,drop,unresolved,,,,,,
Odontanthias n.,2,drop,unresolved,,,,,,
Paraliparis sp. 1,2,drop,sp. suffix stripped,Paraliparis,126161,Genus,Animalia,Paraliparis,"auto-suggested, confirm"
Paralomis cf. papillata,2,drop,sp. suffix stripped,Paralomis,106848,Genus,Animalia,Paralomis,"auto-suggested, confirm"
Parantipathes/Lillipathes,2,drop,unresolved,,,,,,
Paulasterias sp.,2,drop,sp. suffix stripped,Paulasterias,845453,Genus,Animalia,Paulasterias,"auto-suggested, confirm"
Physonectae sp. 2,2,drop,sp. suffix stripped,Physonectae,135335,Suborder,Animalia,Physonectae,"auto-suggested, confirm"
phytodetritus,2,drop,unresolved,,,,,,
Pleuronectiformes 2,2,drop,unresolved,,,,,,
Poeobius sp.,2,drop,sp. suffix stripped,Poeobius,324619,Genus,Animalia,Poeobius,"auto-suggested, confirm"
Polychaeta sp.,2,drop,sp. suffix stripped,Polychaeta,883,Class,Animalia,Polychaeta,"auto-suggested, confirm"
Porifera sp. 1,2,drop,sp. suffix stripped,Porifera,558,Phylum,Animalia,Porifera,"auto-suggested, confirm"
portable video camera,2,drop,unresolved,,,,,,
Praya cf. dubia,2,drop,sp. suffix stripped,Praya,135376,Genus,Animalia,Praya,"auto-suggested, confirm"
Protoperidinium,2,drop,worms direct,Protoperidinium,109553,Genus,Chromista,,non-Animalia (Chromista)
Psamminidae sp. 2,2,drop,sp. suffix stripped,Psamminidae,22742,Family,Chromista,Psamminidae,non-Animalia (Chromista)
Psychropotes cf. longicauda,2,drop,sp. suffix stripped,Psychropotes,123532,Genus,Animalia,Psychropotes,"auto-suggested, confirm"
Redhead sinker,2,drop,unresolved,,,,,,
rock outcrop,2,drop,unresolved,,,,,,
sediment disturbance,2,drop,unresolved,,,,,,
shadow,2,drop,unresolved,,,,,,
Solanderia sp.,2,drop,sp. suffix stripped,Solanderia,206034,Genus,Animalia,Solanderia,"auto-suggested, confirm"
Sperosomatinae sp.1,2,drop,sp. suffix stripped,Sperosomatinae,510905,Subfamily,Animalia,Sperosomatinae,"auto-suggested, confirm"
Stomphia sp.,2,drop,sp. suffix stripped,Stomphia,100716,Genus,Animalia,Stomphia,"auto-suggested, confirm"
Swima sp.,2,drop,sp. suffix stripped,Swima,413514,Genus,Animalia,Swima,"auto-suggested, confirm"
swing arm,2,drop,unresolved,,,,,,
Tromikosoma sp. 1,2,drop,sp. suffix stripped,Tromikosoma,123403,Genus,Animalia,Tromikosoma,"auto-suggested, confirm"
Vibracorer,2,drop,unresolved,,,,,,
Yoda sp. A,2,drop,sp. suffix stripped,Yoda,708676,Genus,Animalia,Yoda,"auto-suggested, confirm"
Acanthephyra sp.,1,drop,sp. suffix stripped,Acanthephyra,107018,Genus,Animalia,Acanthephyra,"auto-suggested, confirm"
Alcockianum sp.,1,drop,sp. suffix stripped,Alcockianum,534844,Genus,Animalia,Alcockianum,"auto-suggested, confirm"
Alternatipathes sp.,1,drop,sp. suffix stripped,Alternatipathes,994317,Genus,Animalia,Alternatipathes,"auto-suggested, confirm"
Aphrocallistes sp.,1,drop,sp. suffix stripped,Aphrocallistes,132099,Genus,Animalia,Aphrocallistes,"auto-suggested, confirm"
Apristurus sp.,1,drop,sp. suffix stripped,Apristurus,105727,Genus,Animalia,Apristurus,"auto-suggested, confirm"
Aquadopp,1,drop,unresolved,,,,,,
Aspidodiadema sp.,1,drop,sp. suffix stripped,Aspidodiadema,123392,Genus,Animalia,Aspidodiadema,"auto-suggested, confirm"
Aspidoscopulia sp.,1,drop,sp. suffix stripped,Aspidoscopulia,171733,Genus,Animalia,Aspidoscopulia,"auto-suggested, confirm"
asteroid feeding depression,1,drop,unresolved,,,,,,
Asteroidea sp. 7,1,drop,sp. suffix stripped,Asteroidea,123080,Class,Animalia,Asteroidea,"auto-suggested, confirm"
Asteroschema sp.,1,drop,sp. suffix stripped,Asteroschema,123581,Genus,Animalia,Asteroschema,"auto-suggested, confirm"
Asthenactis sp.,1,drop,sp. suffix stripped,Asthenactis,291570,Genus,Animalia,Asthenactis,"auto-suggested, confirm"
Astrochele sp.,1,drop,sp. suffix stripped,Astrochele,182883,Genus,Animalia,Astrochele,"auto-suggested, confirm"
Astrolirus sp.,1,drop,sp. suffix stripped,Astrolirus,368509,Genus,Animalia,Astrolirus,"auto-suggested, confirm"
authigenic carbonate,1,drop,unresolved,,,,,,
backscatter mooring,1,drop,unresolved,,,,,,
Bassogigas sp.,1,drop,sp. suffix stripped,Bassogigas,159061,Genus,Animalia,Bassogigas,"auto-suggested, confirm"
Bassogigas1,1,drop,unresolved,,,,,,
baths,1,drop,unresolved,,,,,,
Bathydorus sp.,1,drop,sp. suffix stripped,Bathydorus,132123,Genus,Animalia,Bathydorus,"auto-suggested, confirm"
Bathytroctes/Narcetes,1,drop,unresolved,,,,,,
BED,1,drop,unresolved,,,,,,
bedding,1,drop,unresolved,,,,,,
Benthic Instrument Node,1,drop,unresolved,,,,,,
Benthodytes aff. typica,1,drop,sp. suffix stripped,Benthodytes,123529,Genus,Animalia,Benthodytes,"auto-suggested, confirm"
Bioluminescent screen,1,drop,unresolved,,,,,,
boulder,1,drop,unresolved,,,,,,
bryozoa detritus,1,drop,unresolved,,,,,,
Bubble,1,drop,unresolved,,,,,,
cable spool,1,drop,unresolved,,,,,cable,
Calliarthron,1,drop,worms direct,Calliarthron,369428,Genus,Plantae,,non-Animalia (Plantae)
carcass,1,drop,unresolved,,,,,,
cf. Hansenothuria sp.,1,drop,unresolved,,,,,cf. Hansenothuria,
Chondrocladia sp. 4,1,drop,sp. suffix stripped,Chondrocladia,131894,Genus,Animalia,Chondrocladia,"auto-suggested, confirm"
clay,1,drop,unresolved,,,,,,
cloth,1,drop,unresolved,,,,,,
CO2 Delivery System,1,drop,unresolved,,,,,,
"Coelorinchus ""multibarred""",1,drop,unresolved,,,,,,
colander,1,drop,unresolved,,,,,,
Coralliumcoryp,1,drop,unresolved,,,,,,
Corynascidia sp.,1,drop,sp. suffix stripped,Corynascidia,103497,Genus,Animalia,Corynascidia,"auto-suggested, confirm"
CTD pH Meter Cage,1,drop,unresolved,,,,,,
current meter,1,drop,unresolved,,,,,,
Cydippida 2,1,drop,unresolved,,,,,,
Dendropathes sp.,1,drop,sp. suffix stripped,Dendropathes,267376,Genus,Animalia,Dendropathes,"auto-suggested, confirm"
Dictyocha,1,drop,worms direct,Dictyocha,157258,Genus,Chromista,,non-Animalia (Chromista)
Doliolenetta,1,drop,unresolved,,,,,,
Doliolula ,1,drop,unresolved,,,,,,
drop weight,1,drop,unresolved,,,,,,
"Echiura ""mucus tube""",1,drop,unresolved,,,,,,
Egregia menziesii,1,drop,worms direct,Egregia menziesii,372502,Species,Chromista,,non-Animalia (Chromista)
fecal,1,drop,unresolved,,,,,,
float,1,drop,unresolved,,,,,,
foram settlement cage,1,drop,unresolved,,,,,,
Gastroptychus sp.,1,drop,sp. suffix stripped,Gastroptychus,106832,Genus,Animalia,Gastroptychus,"auto-suggested, confirm"
gastrozooid,1,drop,unresolved,,,,,,
Graneledone sp.,1,drop,sp. suffix stripped,Graneledone,157018,Genus,Animalia,Graneledone,"auto-suggested, confirm"
Grimpoteuthis sp. 1,1,drop,sp. suffix stripped,Grimpoteuthis,138293,Genus,Animalia,Grimpoteuthis,"auto-suggested, confirm"
Grimpoteuthis sp. 5,1,drop,sp. suffix stripped,Grimpoteuthis,138293,Genus,Animalia,Grimpoteuthis,"auto-suggested, confirm"
Hexactinellida sp. 5,1,drop,sp. suffix stripped,Hexactinellida,22612,Class,Animalia,Hexactinellida,"auto-suggested, confirm"
Holothuroidea/Actiniaria,1,drop,unresolved,,,,,,
Hoplostethus/Gephyroberyx,1,drop,unresolved,,,,,,
Hydrate Synthesis Chamber,1,drop,unresolved,,,,,,
Hydroidolina cover,1,drop,unresolved,,,,,,
Ijimaia/Ateleopus,1,drop,unresolved,,,,,,
In Situ Ultraviolet Spectrophotometer,1,drop,unresolved,,,,,In Situ Ultraviolet,
Iridogorgia n.,1,drop,unresolved,,,,,,
iron oxide,1,drop,unresolved,,,,,,
kelp holdfast,1,drop,unresolved,,,,,,
knife,1,drop,unresolved,,,,,,
Lagrangian sediment trap,1,drop,unresolved,,,,,,
Laser Raman,1,drop,unresolved,,,,,,
Lebbeus sp. 1,1,drop,sp. suffix stripped,Lebbeus,106989,Genus,Animalia,Lebbeus,"auto-suggested, confirm"
Lefroyella sp.,1,drop,sp. suffix stripped,Lefroyella,171715,Genus,Animalia,Lefroyella,"auto-suggested, confirm"
Lepidopora n.,1,drop,unresolved,,,,,,
Lipariscus sp. 1,1,drop,sp. suffix stripped,Lipariscus,269705,Genus,Animalia,Lipariscus,"auto-suggested, confirm"
Lophaster sp.,1,drop,sp. suffix stripped,Lophaster,123337,Genus,Animalia,Lophaster,"auto-suggested, confirm"
Lycenchelys sp. A,1,drop,sp. suffix stripped,Lycenchelys,126103,Genus,Animalia,Lycenchelys,"auto-suggested, confirm"
Lyrocteis sp.,1,drop,sp. suffix stripped,Lyrocteis,264997,Genus,Animalia,Lyrocteis,"auto-suggested, confirm"
Macrourinae sp. 2,1,drop,sp. suffix stripped,Macrourinae,154232,Subfamily,Animalia,Macrourinae,"auto-suggested, confirm"
MARS Node,1,drop,unresolved,,,,,,
medusa carcass,1,drop,unresolved,,,,,,
metal scoop,1,drop,unresolved,,,,,,
mongo,1,drop,unresolved,,,,,,
mooring,1,drop,unresolved,,,,,,
mound,1,drop,unresolved,,,,,,
Mycale sp. 2,1,drop,sp. suffix stripped,Mycale,131907,Genus,Animalia,Mycale,"auto-suggested, confirm"
nectosome,1,drop,unresolved,,,,,,
Notobranchaea gransdis,1,drop,unresolved,,,,,,
Octacnemus sp. 1,1,drop,sp. suffix stripped,Octacnemus,103501,Genus,Animalia,Octacnemus,"auto-suggested, confirm"
Octopodinae,1,drop,unresolved,,,,,,
Oneirophanta sp.,1,drop,sp. suffix stripped,Oneirophanta,123508,Genus,Animalia,Oneirophanta,"auto-suggested, confirm"
Ophiotreta sp.,1,drop,sp. suffix stripped,Ophiotreta,205400,Genus,Animalia,Ophiotreta,"auto-suggested, confirm"
Ophiura irrorata irrorata,1,drop,unresolved,,,,,,
penellid copepod,1,drop,unresolved,,,,,,
Periphragella sp.,1,drop,sp. suffix stripped,Periphragella,132105,Genus,Animalia,Periphragella,"auto-suggested, confirm"
pH Profiler,1,drop,unresolved,,,,,,
Phaeodaria,1,drop,worms direct,Phaeodaria,345868,Subclass,Chromista,,non-Animalia (Chromista)
Phelliactis sp.,1,drop,sp. suffix stripped,Phelliactis,100762,Genus,Animalia,Phelliactis,"auto-suggested, confirm"
Poecillastra sp.,1,drop,sp. suffix stripped,Poecillastra,132016,Genus,Animalia,Poecillastra,"auto-suggested, confirm"
psamm,1,drop,unresolved,,,,,,
Pyloderma sp.,1,drop,sp. suffix stripped,Pyloderma,169106,Genus,Animalia,Pyloderma,"auto-suggested, confirm"
Pythonaster sp.,1,drop,sp. suffix stripped,Pythonaster,123330,Genus,Animalia,Pythonaster,"auto-suggested, confirm"
Radiolaria,1,drop,worms direct,Radiozoa,582421,Subphylum,Protozoa,,non-Animalia (Protozoa)
Rajiformes sp. A,1,drop,sp. suffix stripped,Rajiformes,10216,Order,Animalia,Rajiformes,"auto-suggested, confirm"
rope fishing trap,1,drop,unresolved,,,,,,
rubber,1,drop,unresolved,,,,,,
Saccocalyx sp.,1,drop,sp. suffix stripped,Saccocalyx,171844,Genus,Animalia,Saccocalyx,"auto-suggested, confirm"
sand,1,drop,unresolved,,,,,,
sheet flow,1,drop,unresolved,,,,,,
Sigiweddellia sp.,1,drop,sp. suffix stripped,Sigiweddellia,231553,Genus,Animalia,Sigiweddellia,"auto-suggested, confirm"
Situla sp. 1,1,drop,sp. suffix stripped,Situla,103502,Genus,Animalia,Situla,"auto-suggested, confirm"
Skeleton,1,drop,unresolved,,,,,,
Solmissus bleeki,1,drop,unresolved,,,,,,
Solmissus cf. incisa,1,drop,sp. suffix stripped,Solmissus,117074,Genus,Animalia,Solmissus,"auto-suggested, confirm"
Solmunaegina nematophora,1,drop,unresolved,,,,,,
Spongosorites (right),1,drop,unresolved,,,,,,
stalk,1,drop,unresolved,,,,,,
Stichopus n.,1,drop,unresolved,,,,,,
"Stylasteridae	",1,drop,unresolved,,,,,,
Synaphobranchus affinis/kaupii,1,drop,unresolved,,,,,,
Telopathes sp.,1,drop,sp. suffix stripped,Telopathes,740050,Genus,Animalia,Telopathes,"auto-suggested, confirm"
Temperature Gradient Probe,1,drop,unresolved,,,,,,
tether,1,drop,unresolved,,,,,,
Tetrorchis sp. A,1,drop,sp. suffix stripped,Tetrorchis,117223,Genus,Animalia,Tetrorchis,"auto-suggested, confirm"
Thermopalia sp.,1,drop,sp. suffix stripped,Thermopalia,267907,Genus,Animalia,Thermopalia,"auto-suggested, confirm"
TorquaratoridaeB sp. 1,1,drop,unresolved,,,,,TorquaratoridaeB,
Umbellula sp.,1,drop,sp. suffix stripped,Umbellula,1757986,Genus,Animalia,Umbellula,"auto-suggested, confirm"
Zeuxokoma sp.,1,drop,sp. suffix stripped,Zeuxokoma,249481,Genus,Animalia,Zeuxokoma,"auto-suggested, confirm"
Zoantharia sp. 1,1,drop,sp. suffix stripped,Zoantharia,607338,Order,Animalia,Zoantharia,"auto-suggested, confirm"
marine organism,49805,drop,policy,,,,,,"sets has_unlabelled_animal, emits no category"
